#INSPVAXA,ICOM3,0,93.0,FINESTEERING,2427,544321.170,00000000,009b,797;WAITING_AZIMUTH,NONE,0.00000000000,0.00000000000,0.0000,0.0000,0.0000,0.0000,0.0000,0.000000000,0.000000000,-0.000000000,0.0000,0.0000,0.0000,0.0000,0.0000,0.0000,0.0000,0.0000,0.0000,00000000,544322*5c3161c7
#RAWIMUA,ICOM3,0,93.0,FINESTEERING,2427,544321.166,00000000,0000,797;2427,544321.165961000,1ae700c3,1160544,291958,-519572,-19346,912,-17404*ce7e1bf5
#INSPVAXA,ICOM3,0,93.0,FINESTEERING,2427,544321.180,00000000,00a5,797;WAITING_AZIMUTH,NONE,0.00000000000,0.00000000000,0.0000,0.0000,0.0000,0.0000,0.0000,0.000000000,0.000000000,-0.000000000,0.0000,0.0000,0.0000,0.0000,0.0000,0.0000,0.0000,0.0000,0.0000,00000000,544322*5ff07554
#RAWIMUA,ICOM3,0,93.0,FINESTEERING,2427,544321.176,00000000,0000,797;2427,544321.175954000,1ae700c4,1164004,291940,-520624,-22920,3806,-17755*894b17a1
#INSPVAXA,ICOM3,0,93.0,FINESTEERING,2427,544321.190,00000000,00af,797;WAITING_AZIMUTH,NONE,0.00000000000,0.00000000000,0.0000,0.0000,0.0000,0.0000,0.0000,0.000000000,0.000000000,-0.000000000,0.0000,0.0000,0.0000,0.0000,0.0000,0.0000,0.0000,0.0000,0.0000,00000000,544322*9126aebd
#RAWIMUA,ICOM3,0,93.0,FINESTEERING,2427,544321.186,00000000,0000,797;2427,544321.185946000,1ae700c5,1162110,292492,-518497,-15051,-170,-16847*5b1a9c93
#INSPVAXA,ICOM3,0,93.0,FINESTEERING,2427,544321.200,00000000,00b9,797;WAITING_AZIMUTH,NONE,0.00000000000,0.00000000000,0.0000,0.0000,0.0000,0.0000,0.0000,0.000000000,0.000000000,-0.000000000,0.0000,0.0000,0.0000,0.0000,0.0000,0.0000,0.0000,0.0000,0.0000,00000000,544322*9ff1294b
#RAWIMUA,ICOM3,0,93.0,FINESTEERING,2427,544321.196,00000000,0000,797;2427,544321.195969000,1ae700c6,1162480,293953,-519531,-19772,3150,-22157*1951909d
#INSPVAXA,ICOM3,0,93.0,FINESTEERING,2427,544321.210,00000000,00c3,797;WAITING_AZIMUTH,NONE,0.00000000000,0.00000000000,0.0000,0.0000,0.0000,0.0000,0.0000,0.000000000,0.000000000,-0.000000000,0.0000,0.0000,0.0000,0.0000,0.0000,0.0000,0.0000,0.0000,0.0000,00000000,544322*44624d35
#RAWIMUA,ICOM3,0,93.0,FINESTEERING,2427,544321.206,00000000,0000,797;2427,544321.205996000,1ae600c7,1163285,292592,-521025,-19510,4434,-9472*da3a215a
#INSPVAXA,ICOM3,0,93.0,FINESTEERING,2427,544321.220,00000000,00cd,797;WAITING_AZIMUTH,NONE,0.00000000000,0.00000000000,0.0000,0.0000,0.0000,0.0000,0.0000,0.000000000,0.000000000,-0.000000000,0.0000,0.0000,0.0000,0.0000,0.0000,0.0000,0.0000,0.0000,0.0000,00000000,544322*e14ed896
#RAWIMUA,ICOM3,0,93.0,FINESTEERING,2427,544321.216,00000000,0000,797;2427,544321.216003000,1ae600c8,1163707,293447,-520609,-15084,-105,-21248*1e698538
$GPGGA,071143.20,3109.8268601,N,12127.2280393,E,4,34,0.7,6.089,M,11.031,M,1.200,1793*41
#BESTGNSSPOSA,ICOM3,0,93.0,FINESTEERING,2427,544321.200,03e1c006,0000,797;SOL_COMPUTED,NARROW_INT,31.16378100088,121.45380065497,6.0888,11.0314,WGS84,0.0163,0.0149,0.0279,"1793",1.200,0.014,37,34,34,34,0F,00,30,37*7768287f
#HEADINGA,ICOM3,0,93.0,FINESTEERING,2427,544321.200,00000000,0000,797;SOL_COMPUTED,NONE,0.000000000,0.000000000,0.000000000,0.0,0.000000000,0.000000000,"1793",0,0,0,0,0,00,30,37*369be9ad
$GPGSV,2,1,05,12,18,142,31,18,50,221,44,20,15,066,39,24,69,049,44*75
$GPGSV,2,2,05,32,10,270,39,,,,,,,,,,,,*43
$GLGSV,3,1,09,70,18,070,44,72,22,303,42,73,48,104,46,74,24,161,36*6D
$GLGSV,3,2,09,85,05,190,39,86,39,247,46,87,33,298,44,90,00,000,38*6E
$GLGSV,3,3,09,91,00,000,33,,,,,,,,,,,,*54
$GAGSV,2,1,06,03,24,264,46,05,63,319,32,11,09,161,38,31,13,075,41*63
$GAGSV,2,2,06,34,54,291,44,36,51,190,49,,,,,,,,*66
$GQGSV,1,1,02,03,44,169,44,07,53,169,40,,,,,,,,*7C
$GBGSV,4,1,15,01,48,147,49,02,35,242,47,03,55,202,49,04,37,120,42*60
$GBGSV,4,2,15,06,69,040,44,07,57,190,49,10,46,191,45,11,24,271,47*6E
$GBGSV,4,3,15,12,11,294,45,20,28,304,44,23,49,089,49,27,00,000,29*64
$GBGSV,4,4,15,30,24,240,42,37,38,167,48,41,24,084,47,,,,*55
$GPGSA,M,3,12,18,20,24,32,,,,,,,,1.4,0.7,1.2,1*2D
#INSPVAXA,ICOM3,0,93.0,FINESTEERING,2427,544321.230,00000000,00d8,797;WAITING_AZIMUTH,NONE,0.00000000000,0.00000000000,0.0000,0.0000,0.0000,0.0000,0.0000,0.000000000,0.000000000,-0.000000000,0.0000,0.0000,0.0000,0.0000,0.0000,0.0000,0.0000,0.0000,0.0000,00000000,544322*3e63d13c
#RAWIMUA,ICOM3,0,93.0,FINESTEERING,2427,544321.226,00000000,0000,797;2427,544321.225950000,1aeb00c9,1161692,292580,-519449,-16199,-2805,-15217*4d07b256
#INSPVAXA,ICOM3,0,93.0,FINESTEERING,2427,544321.240,00000000,00e1,797;WAITING_AZIMUTH,NONE,0.00000000000,0.00000000000,0.0000,0.0000,0.0000,0.0000,0.0000,0.000000000,0.000000000,-0.000000000,0.0000,0.0000,0.0000,0.0000,0.0000,0.0000,0.0000,0.0000,0.0000,00000000,544322*03620237
#RAWIMUA,ICOM3,0,93.0,FINESTEERING,2427,544321.236,00000000,0000,797;2427,544321.235939000,1aee00ca,1162707,292876,-519158,-18035,-74,-18688*b520f5f7
#INSPVAXA,ICOM3,0,93.0,FINESTEERING,2427,544321.250,00000000,00eb,797;WAITING_AZIMUTH,NONE,0.00000000000,0.00000000000,0.0000,0.0000,0.0000,0.0000,0.0000,0.000000000,0.000000000,-0.000000000,0.0000,0.0000,0.0000,0.0000,0.0000,0.0000,0.0000,0.0000,0.0000,00000000,544322*cdb4d9de
#RAWIMUA,ICOM3,0,93.0,FINESTEERING,2427,544321.246,00000000,0000,797;2427,544321.245961000,1aec00cb,1163924,291695,-519211,-17379,749,-14447*9feb9628
#INSPVAXA,ICOM3,0,93.0,FINESTEERING,2427,544321.260,00000000,00f5,797;WAITING_AZIMUTH,NONE,0.00000000000,0.00000000000,0.0000,0.0000,0.0000,0.0000,0.0000,0.000000000,0.000000000,-0.000000000,0.0000,0.0000,0.0000,0.0000,0.0000,0.0000,0.0000,0.0000,0.0000,00000000,544322*cb5bd043
#RAWIMUA,ICOM3,0,93.0,FINESTEERING,2427,544321.256,00000000,0000,797;2427,544321.255952000,1aea00cc,1161483,292268,-518198,-20232,3051,-14340*200a7bfb
#INSPVAXA,ICOM3,0,93.0,FINESTEERING,2427,544321.270,00000000,00ff,797;WAITING_AZIMUTH,NONE,0.00000000000,0.00000000000,0.0000,0.0000,0.0000,0.0000,0.0000,0.000000000,0.000000000,-0.000000000,0.0000,0.0000,0.0000,0.0000,0.0000,0.0000,0.0000,0.0000,0.0000,00000000,544322*058d0baa
#RAWIMUA,ICOM3,0,93.0,FINESTEERING,2427,544321.266,00000000,0000,797;2427,544321.265947000,1aec00cd,1163541,291617,-520292,-13183,884,-18057*614f3e41
#INSPVAXA,ICOM3,0,93.0,FINESTEERING,2427,544321.280,00000000,0109,797;WAITING_AZIMUTH,NONE,0.00000000000,0.00000000000,0.0000,0.0000,0.0000,0.0000,0.0000,0.000000000,0.000000000,-0.000000000,0.0000,0.0000,0.0000,0.0000,0.0000,0.0000,0.0000,0.0000,0.0000,00000000,544322*5f120db5
#RAWIMUA,ICOM3,0,93.0,FINESTEERING,2427,544321.276,00000000,0000,797;2427,544321.275938000,1af100ce,1162919,292402,-520530,-18461,1242,-13066*d9e9dbcd
#INSPVAXA,ICOM3,0,93.0,FINESTEERING,2427,544321.290,00000000,0113,797;WAITING_AZIMUTH,NONE,0.00000000000,0.00000000000,0.0000,0.0000,0.0000,0.0000,0.0000,0.000000000,0.000000000,-0.000000000,0.0000,0.0000,0.0000,0.0000,0.0000,0.0000,0.0000,0.0000,0.0000,00000000,544322*848169cb
#RAWIMUA,ICOM3,0,93.0,FINESTEERING,2427,544321.286,00000000,0000,797;2427,544321.285962000,1af100cf,1163069,292253,-519184,-8363,2468,-10393*f56854fe
#INSPVAXA,ICOM3,0,93.0,FINESTEERING,2427,544321.300,00000000,011d,797;WAITING_AZIMUTH,NONE,0.00000000000,0.00000000000,0.0000,0.0000,0.0000,0.0000,0.0000,0.000000000,0.000000000,-0.000000000,0.0000,0.0000,0.0000,0.0000,0.0000,0.0000,0.0000,0.0000,0.0000,00000000,544322*6eacc19b
#RAWIMUA,ICOM3,0,93.0,FINESTEERING,2427,544321.296,00000000,0000,797;2427,544321.295954000,1aef00d0,1161464,292906,-519649,-18789,-9,-7291*778e102f
#INSPVAXA,ICOM3,0,93.0,FINESTEERING,2427,544321.310,00000000,0127,797;WAITING_AZIMUTH,NONE,0.00000000000,0.00000000000,0.0000,0.0000,0.0000,0.0000,0.0000,0.000000000,0.000000000,-0.000000000,0.0000,0.0000,0.0000,0.0000,0.0000,0.0000,0.0000,0.0000,0.0000,00000000,544322*03b9864c
#RAWIMUA,ICOM3,0,93.0,FINESTEERING,2427,544321.306,00000000,0000,797;2427,544321.305974000,1aea00d1,1163296,291864,-518851,-20724,2425,-23475*a9eb8169
#INSPVAXA,ICOM3,0,93.0,FINESTEERING,2427,544321.320,00000000,0131,797;WAITING_AZIMUTH,NONE,0.00000000000,0.00000000000,0.0000,0.0000,0.0000,0.0000,0.0000,0.000000000,0.000000000,-0.000000000,0.0000,0.0000,0.0000,0.0000,0.0000,0.0000,0.0000,0.0000,0.0000,00000000,544322*8a2f66f6
#RAWIMUA,ICOM3,0,93.0,FINESTEERING,2427,544321.316,00000000,0000,797;2427,544321.315987000,1ae800d2,1161793,292709,-519614,-15970,3713,-12495*82311ae4
#INSPVAXA,ICOM3,0,93.0,FINESTEERING,2427,544321.330,00000000,013b,797;WAITING_AZIMUTH,NONE,0.00000000000,0.00000000000,0.0000,0.0000,0.0000,0.0000,0.0000,0.000000000,0.000000000,-0.000000000,0.0000,0.0000,0.0000,0.0000,0.0000,0.0000,0.0000,0.0000,0.0000,00000000,544322*44f9bd1f
#RAWIMUA,ICOM3,0,93.0,FINESTEERING,2427,544321.326,00000000,0000,797;2427,544321.325965000,1aee00d3,1161948,291901,-518654,-17248,-995,-8477*377195d5
#INSPVAXA,ICOM3,0,93.0,FINESTEERING,2427,544321.340,00000000,0145,797;WAITING_AZIMUTH,NONE,0.00000000000,0.00000000000,0.0000,0.0000,0.0000,0.0000,0.0000,0.000000000,0.000000000,-0.000000000,0.0000,0.0000,0.0000,0.0000,0.0000,0.0000,0.0000,0.0000,0.0000,00000000,544322*44b9c94e
#RAWIMUA,ICOM3,0,93.0,FINESTEERING,2427,544321.336,00000000,0000,797;2427,544321.335956000,1af100d4,1163013,291458,-519995,-17052,1144,-14708*5af1b82b
#INSPVAXA,ICOM3,0,93.0,FINESTEERING,2427,544321.350,00000000,014f,797;WAITING_AZIMUTH,NONE,0.00000000000,0.00000000000,0.0000,0.0000,0.0000,0.0000,0.0000,0.000000000,0.000000000,-0.000000000,0.0000,0.0000,0.0000,0.0000,0.0000,0.0000,0.0000,0.0000,0.0000,00000000,544322*8a6f12a7
#RAWIMUA,ICOM3,0,93.0,FINESTEERING,2427,544321.346,00000000,0000,797;2427,544321.345948000,1aef00d5,1162849,291196,-520057,-22166,-341,-13011*689b4636
#INSPVAXA,ICOM3,0,93.0,FINESTEERING,2427,544321.360,00000000,0159,797;WAITING_AZIMUTH,NONE,0.00000000000,0.00000000000,0.0000,0.0000,0.0000,0.0000,0.0000,0.000000000,0.000000000,-0.000000000,0.0000,0.0000,0.0000,0.0000,0.0000,0.0000,0.0000,0.0000,0.0000,00000000,544322*c12dc45f
#RAWIMUA,ICOM3,0,93.0,FINESTEERING,2427,544321.356,00000000,0000,797;2427,544321.355941000,1aed00d6,1163661,291401,-519142,-11773,-4414,-15025*4b3039ca
#INSPVAXA,ICOM3,0,93.0,FINESTEERING,2427,544321.370,00000000,0163,797;WAITING_AZIMUTH,NONE,0.00000000000,0.00000000000,0.0000,0.0000,0.0000,0.0000,0.0000,0.000000000,0.000000000,-0.000000000,0.0000,0.0000,0.0000,0.0000,0.0000,0.0000,0.0000,0.0000,0.0000,00000000,544322*6eecb5ca
#RAWIMUA,ICOM3,0,93.0,FINESTEERING,2427,544321.366,00000000,0000,797;2427,544321.365933000,1ae800d7,1163100,292059,-518985,-14953,-862,-12647*e76faa51
#INSPVAXA,ICOM3,0,93.0,FINESTEERING,2427,544321.380,00000000,016d,797;WAITING_AZIMUTH,NONE,0.00000000000,0.00000000000,0.0000,0.0000,0.0000,0.0000,0.0000,0.000000000,0.000000000,-0.000000000,0.0000,0.0000,0.0000,0.0000,0.0000,0.0000,0.0000,0.0000,0.0000,00000000,544322*22acdc06
#RAWIMUA,ICOM3,0,93.0,FINESTEERING,2427,544321.376,00000000,0000,797;2427,544321.375957000,1ae700d8,1162853,291584,-520455,-17445,354,-13990*3b58c9b4
#INSPVAXA,ICOM3,0,93.0,FINESTEERING,2427,544321.390,00000000,0177,797;WAITING_AZIMUTH,NONE,0.00000000000,0.00000000000,0.0000,0.0000,0.0000,0.0000,0.0000,0.000000000,0.000000000,-0.000000000,0.0000,0.0000,0.0000,0.0000,0.0000,0.0000,0.0000,0.0000,0.0000,00000000,544322*3beb8e3a
#RAWIMUA,ICOM3,0,93.0,FINESTEERING,2427,544321.386,00000000,0000,797;2427,544321.385949000,1aeb00d9,1161236,292021,-519737,-18003,-6328,-14841*b695308e
#INSPVAXA,ICOM3,0,93.0,FINESTEERING,2427,544321.400,00000000,0181,797;WAITING_AZIMUTH,NONE,0.00000000000,0.00000000000,0.0000,0.0000,0.0000,0.0000,0.0000,0.000000000,0.000000000,-0.000000000,0.0000,0.0000,0.0000,0.0000,0.0000,0.0000,0.0000,0.0000,0.0000,00000000,544322*e8f9b799
#RAWIMUA,ICOM3,0,93.0,FINESTEERING,2427,544321.396,00000000,0000,797;2427,544321.395943000,1aee00da,1161537,292178,-520264,-15412,553,-20097*fcc7c3e3
#INSPVAXA,ICOM3,0,93.0,FINESTEERING,2427,544321.410,00000000,018b,797;WAITING_AZIMUTH,NONE,0.00000000000,0.00000000000,0.0000,0.0000,0.0000,0.0000,0.0000,0.000000000,0.000000000,-0.000000000,0.0000,0.0000,0.0000,0.0000,0.0000,0.0000,0.0000,0.0000,0.0000,00000000,544322*262f6c70
#RAWIMUA,ICOM3,0,93.0,FINESTEERING,2427,544321.406,00000000,0000,797;2427,544321.405963000,1aea00db,1162820,292174,-520429,-21642,-3237,-9804*28651f4f
#INSPVAXA,ICOM3,0,93.0,FINESTEERING,2427,544321.420,00000000,0195,797;WAITING_AZIMUTH,NONE,0.00000000000,0.00000000000,0.0000,0.0000,0.0000,0.0000,0.0000,0.000000000,0.000000000,-0.000000000,0.0000,0.0000,0.0000,0.0000,0.0000,0.0000,0.0000,0.0000,0.0000,00000000,544322*54927006
#RAWIMUA,ICOM3,0,93.0,FINESTEERING,2427,544321.416,00000000,0000,797;2427,544321.416008000,1aeb00dc,1162911,292149,-519707,-26166,-5512,-11493*460a4c30
$GPGGA,071143.40,3109.8268613,N,12127.2280401,E,4,34,0.7,6.096,M,11.031,M,1.400,1793*40
#BESTGNSSPOSA,ICOM3,0,93.0,FINESTEERING,2427,544321.400,03e1c006,0000,797;SOL_COMPUTED,NARROW_INT,31.16378102091,121.45380066793,6.0958,11.0314,WGS84,0.0169,0.0154,0.0285,"1793",1.400,0.014,37,34,34,34,0F,00,30,37*ff1a7695
#HEADINGA,ICOM3,0,93.0,FINESTEERING,2427,544321.400,00000000,0000,797;SOL_COMPUTED,NONE,0.000000000,0.000000000,0.000000000,0.0,0.000000000,0.000000000,"1793",0,0,0,0,0,00,30,37*0030a365
$GPGSV,2,1,05,12,18,142,31,18,50,221,44,20,15,066,39,24,69,049,44*75
$GPGSV,2,2,05,32,10,270,39,,,,,,,,,,,,*43
$GLGSV,3,1,09,70,18,070,44,72,22,303,42,73,48,104,46,74,24,161,36*6D
$GLGSV,3,2,09,85,05,190,39,86,39,247,46,87,33,298,44,90,00,000,38*6E
$GLGSV,3,3,09,91,00,000,32,,,,,,,,,,,,*55
$GAGSV,2,1,06,03,24,264,46,05,63,319,31,11,09,161,38,31,13,075,41*60
$GAGSV,2,2,06,34,54,291,44,36,51,190,49,,,,,,,,*66
$GQGSV,1,1,02,03,44,169,44,07,53,169,40,,,,,,,,*7C
$GBGSV,4,1,15,01,48,147,49,02,35,242,47,03,55,202,49,04,37,120,42*60
$GBGSV,4,2,15,06,69,040,44,07,57,190,49,10,46,191,45,11,24,271,47*6E
$GBGSV,4,3,15,12,11,294,45,20,28,304,44,23,49,089,49,27,00,000,29*64
$GBGSV,4,4,15,30,24,240,42,37,38,167,48,41,24,084,47,,,,*55
$GPGSA,M,3,12,18,20,24,32,,,,,,,,1.4,0.7,1.2,1*2D
#INSPVAXA,ICOM3,0,93.0,FINESTEERING,2427,544321.430,00000000,01a0,797;WAITING_AZIMUTH,NONE,0.00000000000,0.00000000000,0.0000,0.0000,0.0000,0.0000,0.0000,0.000000000,0.000000000,-0.000000000,0.0000,0.0000,0.0000,0.0000,0.0000,0.0000,0.0000,0.0000,0.0000,00000000,544322*4d8d8559
#RAWIMUA,ICOM3,0,93.0,FINESTEERING,2427,544321.426,00000000,0000,797;2427,544321.425954000,1aec00dd,1162576,291568,-519044,-24920,-902,-16202*f833d8f2
#INSPVAXA,ICOM3,0,93.0,FINESTEERING,2427,544321.440,00000000,01a9,797;WAITING_AZIMUTH,NONE,0.00000000000,0.00000000000,0.0000,0.0000,0.0000,0.0000,0.0000,0.000000000,0.000000000,-0.000000000,0.0000,0.0000,0.0000,0.0000,0.0000,0.0000,0.0000,0.0000,0.0000,00000000,544322*a71ddf87
#RAWIMUA,ICOM3,0,93.0,FINESTEERING,2427,544321.436,00000000,0000,797;2427,544321.435945000,1aee00de,1161626,293203,-519390,-17281,4139,-19229*b348eb59
#INSPVAXA,ICOM3,0,93.0,FINESTEERING,2427,544321.450,00000000,01b3,797;WAITING_AZIMUTH,NONE,0.00000000000,0.00000000000,0.0000,0.0000,0.0000,0.0000,0.0000,0.000000000,0.000000000,-0.000000000,0.0000,0.0000,0.0000,0.0000,0.0000,0.0000,0.0000,0.0000,0.0000,00000000,544322*08dcae12
#RAWIMUA,ICOM3,0,93.0,FINESTEERING,2427,544321.446,00000000,0000,797;2427,544321.445935000,1aeb00df,1161707,292792,-520895,-26199,8708,-18919*db92e723
#INSPVAXA,ICOM3,0,93.0,FINESTEERING,2427,544321.460,00000000,01bd,797;WAITING_AZIMUTH,NONE,0.00000000000,0.00000000000,0.0000,0.0000,0.0000,0.0000,0.0000,0.000000000,0.000000000,-0.000000000,0.0000,0.0000,0.0000,0.0000,0.0000,0.0000,0.0000,0.0000,0.0000,00000000,544322*adf03bb1
#RAWIMUA,ICOM3,0,93.0,FINESTEERING,2427,544321.456,00000000,0000,797;2427,544321.455957000,1aed00e0,1162121,291203,-519532,-18363,6871,-17509*aa10289b
#INSPVAXA,ICOM3,0,93.0,FINESTEERING,2427,544321.470,00000000,01c7,797;WAITING_AZIMUTH,NONE,0.00000000000,0.00000000000,0.0000,0.0000,0.0000,0.0000,0.0000,0.000000000,0.000000000,-0.000000000,0.0000,0.0000,0.0000,0.0000,0.0000,0.0000,0.0000,0.0000,0.0000,00000000,544322*b4b7698d
#RAWIMUA,ICOM3,0,93.0,FINESTEERING,2427,544321.466,00000000,0000,797;2427,544321.465950000,1aee00e1,1163907,292233,-520792,-24625,-8637,-13181*a85042da
#INSPVAXA,ICOM3,0,93.0,FINESTEERING,2427,544321.480,00000000,01d1,797;WAITING_AZIMUTH,NONE,0.00000000000,0.00000000000,0.0000,0.0000,0.0000,0.0000,0.0000,0.000000000,0.000000000,-0.000000000,0.0000,0.0000,0.0000,0.0000,0.0000,0.0000,0.0000,0.0000,0.0000,00000000,544322*48bb4b65
#RAWIMUA,ICOM3,0,93.0,FINESTEERING,2427,544321.476,00000000,0000,797;2427,544321.475943000,1aed00e2,1162480,292089,-519313,-16462,1902,-8333*06aa4d0a
#INSPVAXA,ICOM3,0,93.0,FINESTEERING,2427,544321.490,00000000,01db,797;WAITING_AZIMUTH,NONE,0.00000000000,0.00000000000,0.0000,0.0000,0.0000,0.0000,0.0000,0.000000000,0.000000000,-0.000000000,0.0000,0.0000,0.0000,0.0000,0.0000,0.0000,0.0000,0.0000,0.0000,00000000,544322*866d908c
#RAWIMUA,ICOM3,0,93.0,FINESTEERING,2427,544321.486,00000000,0000,797;2427,544321.485954000,1aee00e3,1161327,291212,-518908,-22757,-1065,-13738*b938739d
#INSPVAXA,ICOM3,0,93.0,FINESTEERING,2427,544321.500,00000000,01e5,797;WAITING_AZIMUTH,NONE,0.00000000000,0.00000000000,0.0000,0.0000,0.0000,0.0000,0.0000,0.000000000,0.000000000,-0.000000000,0.0000,0.0000,0.0000,0.0000,0.0000,0.0000,0.0000,0.0000,0.0000,00000000,544322*bbd1b109
#RAWIMUA,ICOM3,0,93.0,FINESTEERING,2427,544321.496,00000000,0000,797;2427,544321.495959000,1aec00e4,1163801,291882,-520000,-15577,-1949,-15379*d947c93d
#INSPVAXA,ICOM3,0,93.0,FINESTEERING,2427,544321.510,00000000,01ef,797;WAITING_AZIMUTH,NONE,0.00000000000,0.00000000000,0.0000,0.0000,0.0000,0.0000,0.0000,0.000000000,0.000000000,-0.000000000,0.0000,0.0000,0.0000,0.0000,0.0000,0.0000,0.0000,0.0000,0.0000,00000000,544322*75076ae0
#RAWIMUA,ICOM3,0,93.0,FINESTEERING,2427,544321.506,00000000,0000,797;2427,544321.505982000,1aec00e5,1163913,291507,-521308,-19544,6112,-19025*be948421
#INSPVAXA,ICOM3,0,93.0,FINESTEERING,2427,544321.520,00000000,01f9,797;WAITING_AZIMUTH,NONE,0.00000000000,0.00000000000,0.0000,0.0000,0.0000,0.0000,0.0000,0.000000000,0.000000000,-0.000000000,0.0000,0.0000,0.0000,0.0000,0.0000,0.0000,0.0000,0.0000,0.0000,00000000,544322*4a17a9f3
#RAWIMUA,ICOM3,0,93.0,FINESTEERING,2427,544321.516,00000000,0000,797;2427,544321.516000000,1aea00e6,1162231,292500,-520662,-28822,-4954,-12774*e960028c
#INSPVAXA,ICOM3,0,93.0,FINESTEERING,2427,544321.530,00000000,0204,797;WAITING_AZIMUTH,NONE,0.00000000000,0.00000000000,0.0000,0.0000,0.0000,0.0000,0.0000,0.000000000,0.000000000,-0.000000000,0.0000,0.0000,0.0000,0.0000,0.0000,0.0000,0.0000,0.0000,0.0000,00000000,544322*3dfa27c5
#RAWIMUA,ICOM3,0,93.0,FINESTEERING,2427,544321.526,00000000,0000,797;2427,544321.525943000,1ae700e7,1163716,292429,-518104,-20167,-1821,-16137*a8a74831
#INSPVAXA,ICOM3,0,93.0,FINESTEERING,2427,544321.540,00000000,020d,797;WAITING_AZIMUTH,NONE,0.00000000000,0.00000000000,0.0000,0.0000,0.0000,0.0000,0.0000,0.000000000,0.000000000,-0.000000000,0.0000,0.0000,0.0000,0.0000,0.0000,0.0000,0.0000,0.0000,0.0000,00000000,544322*15be4b59
#RAWIMUA,ICOM3,0,93.0,FINESTEERING,2427,544321.536,00000000,0000,797;2427,544321.535929000,1ae800e8,1163166,292289,-518955,-22199,1436,-14252*25276204
#INSPVAXA,ICOM3,0,93.0,FINESTEERING,2427,544321.550,00000000,0217,797;WAITING_AZIMUTH,NONE,0.00000000000,0.00000000000,0.0000,0.0000,0.0000,0.0000,0.0000,0.000000000,0.000000000,-0.000000000,0.0000,0.0000,0.0000,0.0000,0.0000,0.0000,0.0000,0.0000,0.0000,00000000,544322*0cf91965
#RAWIMUA,ICOM3,0,93.0,FINESTEERING,2427,544321.546,00000000,0000,797;2427,544321.545951000,1aea00e9,1163769,291718,-520064,-19708,-4651,-17496*5ed5ec7d
#INSPVAXA,ICOM3,0,93.0,FINESTEERING,2427,544321.560,00000000,0221,797;WAITING_AZIMUTH,NONE,0.00000000000,0.00000000000,0.0000,0.0000,0.0000,0.0000,0.0000,0.000000000,0.000000000,-0.000000000,0.0000,0.0000,0.0000,0.0000,0.0000,0.0000,0.0000,0.0000,0.0000,00000000,544322*f13dec34
#RAWIMUA,ICOM3,0,93.0,FINESTEERING,2427,544321.556,00000000,0000,797;2427,544321.555944000,1aee00ea,1162965,291928,-521805,-21970,5650,-16926*686c86bd
#INSPVAXA,ICOM3,0,93.0,FINESTEERING,2427,544321.570,00000000,022b,797;WAITING_AZIMUTH,NONE,0.00000000000,0.00000000000,0.0000,0.0000,0.0000,0.0000,0.0000,0.000000000,0.000000000,-0.000000000,0.0000,0.0000,0.0000,0.0000,0.0000,0.0000,0.0000,0.0000,0.0000,00000000,544322*3feb37dd
#RAWIMUA,ICOM3,0,93.0,FINESTEERING,2427,544321.566,00000000,0000,797;2427,544321.565937000,1af000eb,1162077,291740,-518455,-19741,5289,-16434*5513ad4a
#INSPVAXA,ICOM3,0,93.0,FINESTEERING,2427,544321.580,00000000,0235,797;WAITING_AZIMUTH,NONE,0.00000000000,0.00000000000,0.0000,0.0000,0.0000,0.0000,0.0000,0.000000000,0.000000000,-0.000000000,0.0000,0.0000,0.0000,0.0000,0.0000,0.0000,0.0000,0.0000,0.0000,00000000,544322*a43ad7c4
#RAWIMUA,ICOM3,0,93.0,FINESTEERING,2427,544321.576,00000000,0000,797;2427,544321.575929000,1aee00ec,1164353,291332,-519371,-20200,5322,-15711*243c3ec9
#INSPVAXA,ICOM3,0,93.0,FINESTEERING,2427,544321.590,00000000,023f,797;WAITING_AZIMUTH,NONE,0.00000000000,0.00000000000,0.0000,0.0000,0.0000,0.0000,0.0000,0.000000000,0.000000000,-0.000000000,0.0000,0.0000,0.0000,0.0000,0.0000,0.0000,0.0000,0.0000,0.0000,00000000,544322*6aec0c2d
#RAWIMUA,ICOM3,0,93.0,FINESTEERING,2427,544321.586,00000000,0000,797;2427,544321.585952000,1aeb00ed,1161862,292215,-519871,-15249,7202,-8079*66a58af0
#INSPVAXA,ICOM3,0,93.0,FINESTEERING,2427,544321.600,00000000,0249,797;WAITING_AZIMUTH,NONE,0.00000000000,0.00000000000,0.0000,0.0000,0.0000,0.0000,0.0000,0.000000000,0.000000000,-0.000000000,0.0000,0.0000,0.0000,0.0000,0.0000,0.0000,0.0000,0.0000,0.0000,00000000,544322*8c9fa00d
#RAWIMUA,ICOM3,0,93.0,FINESTEERING,2427,544321.596,00000000,0000,797;2427,544321.595945000,1aed00ee,1163953,293041,-518898,-25741,18,-20108*798f58ab
#INSPVAXA,ICOM3,0,93.0,FINESTEERING,2427,544321.610,00000000,0253,797;WAITING_AZIMUTH,NONE,0.00000000000,0.00000000000,0.0000,0.0000,0.0000,0.0000,0.0000,0.000000000,0.000000000,-0.000000000,0.0000,0.0000,0.0000,0.0000,0.0000,0.0000,0.0000,0.0000,0.0000,00000000,544322*570cc473
#RAWIMUA,ICOM3,0,93.0,FINESTEERING,2427,544321.606,00000000,0000,797;2427,544321.605990000,1aef00ef,1164485,292902,-519521,-19019,4467,-12528*55060419
#INSPVAXA,ICOM3,0,93.0,FINESTEERING,2427,544321.620,00000000,025d,797;WAITING_AZIMUTH,NONE,0.00000000000,0.00000000000,0.0000,0.0000,0.0000,0.0000,0.0000,0.000000000,0.000000000,-0.000000000,0.0000,0.0000,0.0000,0.0000,0.0000,0.0000,0.0000,0.0000,0.0000,00000000,544322*f22051d0
#RAWIMUA,ICOM3,0,93.0,FINESTEERING,2427,544321.616,00000000,0000,797;2427,544321.615995000,1aec00f0,1163264,291864,-518851,-20462,286,-25818*1746f8ec
$GPGGA,071143.60,3109.8268612,N,12127.2280388,E,4,34,0.7,6.095,M,11.031,M,0.600,1793*45
#BESTGNSSPOSA,ICOM3,0,93.0,FINESTEERING,2427,544321.600,c3e1c006,0000,797;SOL_COMPUTED,NARROW_INT,31.16378102047,121.45380064722,6.0949,11.0314,WGS84,0.0177,0.0161,0.0292,"1793",0.600,0.015,37,34,34,34,0F,00,30,37*06fb1de0
#HEADINGA,ICOM3,0,93.0,FINESTEERING,2427,544321.600,00000000,0000,797;SOL_COMPUTED,NONE,0.000000000,0.000000000,0.000000000,0.0,0.000000000,0.000000000,"1793",0,0,0,0,0,00,30,37*a48698e2
$GPGSV,2,1,05,12,18,142,29,18,50,221,44,20,15,066,39,24,69,049,44*7C
$GPGSV,2,2,05,32,10,270,39,,,,,,,,,,,,*43
$GLGSV,3,1,09,70,18,070,44,72,22,303,42,73,48,104,46,74,24,161,35*6E
$GLGSV,3,2,09,85,05,190,39,86,39,247,46,87,33,298,44,90,00,000,37*61
$GLGSV,3,3,09,91,00,000,31,,,,,,,,,,,,*56
$GAGSV,2,1,06,03,24,264,46,05,63,319,31,11,09,161,38,31,13,075,41*60
$GAGSV,2,2,06,34,54,291,44,36,51,190,49,,,,,,,,*66
$GQGSV,1,1,02,03,44,169,44,07,53,169,40,,,,,,,,*7C
$GBGSV,4,1,15,01,48,147,49,02,35,242,47,03,55,202,49,04,37,120,42*60
$GBGSV,4,2,15,06,69,040,45,07,57,190,49,10,46,191,45,11,24,271,47*6F
$GBGSV,4,3,15,12,11,294,45,20,28,304,44,23,49,089,49,27,00,000,29*64
$GBGSV,4,4,15,30,24,240,42,37,38,167,48,41,24,084,47,,,,*55
$GPGSA,M,3,12,18,20,24,32,,,,,,,,1.4,0.7,1.2,1*2D
#INSPVAXA,ICOM3,0,93.0,FINESTEERING,2427,544321.630,00000000,0267,797;WAITING_AZIMUTH,NONE,0.00000000000,0.00000000000,0.0000,0.0000,0.0000,0.0000,0.0000,0.000000000,0.000000000,-0.000000000,0.0000,0.0000,0.0000,0.0000,0.0000,0.0000,0.0000,0.0000,0.0000,00000000,544322*9f351607
#RAWIMUA,ICOM3,0,93.0,FINESTEERING,2427,544321.626,00000000,0000,797;2427,544321.625956000,1ae900f1,1162769,292261,-518626,-15872,-1653,-16396*543fb11d
#INSPVAXA,ICOM3,0,93.0,FINESTEERING,2427,544321.640,00000000,0271,797;WAITING_AZIMUTH,NONE,0.00000000000,0.00000000000,0.0000,0.0000,0.0000,0.0000,0.0000,0.000000000,0.000000000,-0.000000000,0.0000,0.0000,0.0000,0.0000,0.0000,0.0000,0.0000,0.0000,0.0000,00000000,544322*f8a8a0a7
#RAWIMUA,ICOM3,0,93.0,FINESTEERING,2427,544321.636,00000000,0000,797;2427,544321.635946000,1aed00f2,1162949,292406,-520202,-20790,615,-19740*6ff96571
#INSPVAXA,ICOM3,0,93.0,FINESTEERING,2427,544321.650,00000000,027b,797;WAITING_AZIMUTH,NONE,0.00000000000,0.00000000000,0.0000,0.0000,0.0000,0.0000,0.0000,0.000000000,0.000000000,-0.000000000,0.0000,0.0000,0.0000,0.0000,0.0000,0.0000,0.0000,0.0000,0.0000,00000000,544322*367e7b4e
#RAWIMUA,ICOM3,0,93.0,FINESTEERING,2427,544321.646,00000000,0000,797;2427,544321.645938000,1af000f3,1163474,292602,-520140,-24659,6108,-14201*1fc608a1
#INSPVAXA,ICOM3,0,93.0,FINESTEERING,2427,544321.660,00000000,0285,797;WAITING_AZIMUTH,NONE,0.00000000000,0.00000000000,0.0000,0.0000,0.0000,0.0000,0.0000,0.000000000,0.000000000,-0.000000000,0.0000,0.0000,0.0000,0.0000,0.0000,0.0000,0.0000,0.0000,0.0000,00000000,544322*d20c08e8
#RAWIMUA,ICOM3,0,93.0,FINESTEERING,2427,544321.656,00000000,0000,797;2427,544321.655931000,1aef00f4,1163491,291539,-518585,-15020,-1455,-20205*67c0c41b
#INSPVAXA,ICOM3,0,93.0,FINESTEERING,2427,544321.670,00000000,028f,797;WAITING_AZIMUTH,NONE,0.00000000000,0.00000000000,0.0000,0.0000,0.0000,0.0000,0.0000,0.000000000,0.000000000,-0.000000000,0.0000,0.0000,0.0000,0.0000,0.0000,0.0000,0.0000,0.0000,0.0000,00000000,544322*1cdad301
#RAWIMUA,ICOM3,0,93.0,FINESTEERING,2427,544321.666,00000000,0000,797;2427,544321.665953000,1af000f5,1164234,290828,-520513,-15479,-4088,-18706*dcb127b9
#INSPVAXA,ICOM3,0,93.0,FINESTEERING,2427,544321.680,00000000,0299,797;WAITING_AZIMUTH,NONE,0.00000000000,0.00000000000,0.0000,0.0000,0.0000,0.0000,0.0000,0.000000000,0.000000000,-0.000000000,0.0000,0.0000,0.0000,0.0000,0.0000,0.0000,0.0000,0.0000,0.0000,00000000,544322*bef4f996
#RAWIMUA,ICOM3,0,93.0,FINESTEERING,2427,544321.676,00000000,0000,797;2427,544321.675945000,1af200f6,1163244,291751,-520097,-15053,-3002,-14595*6e6fb109
#INSPVAXA,ICOM3,0,93.0,FINESTEERING,2427,544321.690,00000000,02a3,797;WAITING_AZIMUTH,NONE,0.00000000000,0.00000000000,0.0000,0.0000,0.0000,0.0000,0.0000,0.000000000,0.000000000,-0.000000000,0.0000,0.0000,0.0000,0.0000,0.0000,0.0000,0.0000,0.0000,0.0000,00000000,544322*fd776962
#RAWIMUA,ICOM3,0,93.0,FINESTEERING,2427,544321.686,00000000,0000,797;2427,544321.685938000,1aef00f7,1162750,292441,-519973,-21970,482,-16983*ee4c5142
#INSPVAXA,ICOM3,0,93.0,FINESTEERING,2427,544321.700,00000000,02ad,797;WAITING_AZIMUTH,NONE,0.00000000000,0.00000000000,0.0000,0.0000,0.0000,0.0000,0.0000,0.000000000,0.000000000,-0.000000000,0.0000,0.0000,0.0000,0.0000,0.0000,0.0000,0.0000,0.0000,0.0000,00000000,544322*175ac132
#RAWIMUA,ICOM3,0,93.0,FINESTEERING,2427,544321.696,00000000,0000,797;2427,544321.695930000,1aee00f8,1161470,291820,-520063,-19348,1537,-21476*4656e3cb
#INSPVAXA,ICOM3,0,93.0,FINESTEERING,2427,544321.710,00000000,02b7,797;WAITING_AZIMUTH,NONE,0.00000000000,0.00000000000,0.0000,0.0000,0.0000,0.0000,0.0000,0.000000000,0.000000000,-0.000000000,0.0000,0.0000,0.0000,0.0000,0.0000,0.0000,0.0000,0.0000,0.0000,00000000,544322*7a4f86e5
#RAWIMUA,ICOM3,0,93.0,FINESTEERING,2427,544321.706,00000000,0000,797;2427,544321.705954000,1aef00f9,1162851,292340,-520202,-24331,10947,-19928*80895791
#INSPVAXA,ICOM3,0,93.0,FINESTEERING,2427,544321.720,00000000,02c1,797;WAITING_AZIMUTH,NONE,0.00000000000,0.00000000000,0.0000,0.0000,0.0000,0.0000,0.0000,0.000000000,0.000000000,-0.000000000,0.0000,0.0000,0.0000,0.0000,0.0000,0.0000,0.0000,0.0000,0.0000,00000000,544322*f3d9665f
#RAWIMUA,ICOM3,0,93.0,FINESTEERING,2427,544321.716,00000000,0000,797;2427,544321.715991000,1aec00fa,1161202,291434,-519534,-19249,714,-20133*c2bd1a01
#INSPVAXA,ICOM3,0,93.0,FINESTEERING,2427,544321.730,00000000,02cb,797;WAITING_AZIMUTH,NONE,0.00000000000,0.00000000000,0.0000,0.0000,0.0000,0.0000,0.0000,0.000000000,0.000000000,-0.000000000,0.0000,0.0000,0.0000,0.0000,0.0000,0.0000,0.0000,0.0000,0.0000,00000000,544322*3d0fbdb6
#RAWIMUA,ICOM3,0,93.0,FINESTEERING,2427,544321.726,00000000,0000,797;2427,544321.725944000,1af000fb,1161486,291578,-518387,-24003,-3437,-11484*938518e3
#INSPVAXA,ICOM3,0,93.0,FINESTEERING,2427,544321.740,00000000,02d5,797;WAITING_AZIMUTH,NONE,0.00000000000,0.00000000000,0.0000,0.0000,0.0000,0.0000,0.0000,0.000000000,0.000000000,-0.000000000,0.0000,0.0000,0.0000,0.0000,0.0000,0.0000,0.0000,0.0000,0.0000,00000000,544322*3d4fc9e7
#RAWIMUA,ICOM3,0,93.0,FINESTEERING,2427,544321.736,00000000,0000,797;2427,544321.735931000,1af300fc,1162051,292584,-519121,-21249,-4652,-11060*846f7171
#INSPVAXA,ICOM3,0,93.0,FINESTEERING,2427,544321.750,00000000,02df,797;WAITING_AZIMUTH,NONE,0.00000000000,0.00000000000,0.0000,0.0000,0.0000,0.0000,0.0000,0.000000000,0.000000000,-0.000000000,0.0000,0.0000,0.0000,0.0000,0.0000,0.0000,0.0000,0.0000,0.0000,00000000,544322*f399120e
#RAWIMUA,ICOM3,0,93.0,FINESTEERING,2427,544321.746,00000000,0000,797;2427,544321.745924000,1af100fd,1162584,291004,-519694,-23217,1205,-8901*86deed9f
#INSPVAXA,ICOM3,0,93.0,FINESTEERING,2427,544321.760,00000000,02e9,797;WAITING_AZIMUTH,NONE,0.00000000000,0.00000000000,0.0000,0.0000,0.0000,0.0000,0.0000,0.000000000,0.000000000,-0.000000000,0.0000,0.0000,0.0000,0.0000,0.0000,0.0000,0.0000,0.0000,0.0000,00000000,544322*b8dbc4f6
#RAWIMUA,ICOM3,0,93.0,FINESTEERING,2427,544321.756,00000000,0000,797;2427,544321.755947000,1af400fe,1162833,293801,-518545,-14987,-1817,-26153*eb685fe3
#INSPVAXA,ICOM3,0,93.0,FINESTEERING,2427,544321.770,00000000,02f3,797;WAITING_AZIMUTH,NONE,0.00000000000,0.00000000000,0.0000,0.0000,0.0000,0.0000,0.0000,0.000000000,0.000000000,-0.000000000,0.0000,0.0000,0.0000,0.0000,0.0000,0.0000,0.0000,0.0000,0.0000,00000000,544322*171ab563
#RAWIMUA,ICOM3,0,93.0,FINESTEERING,2427,544321.766,00000000,0000,797;2427,544321.765940000,1af600ff,1161173,292804,-519976,-21774,6242,-14757*d485c1d8
#INSPVAXA,ICOM3,0,93.0,FINESTEERING,2427,544321.780,00000000,02fd,797;WAITING_AZIMUTH,NONE,0.00000000000,0.00000000000,0.0000,0.0000,0.0000,0.0000,0.0000,0.000000000,0.000000000,-0.000000000,0.0000,0.0000,0.0000,0.0000,0.0000,0.0000,0.0000,0.0000,0.0000,00000000,544322*5b5adcaf
#RAWIMUA,ICOM3,0,93.0,FINESTEERING,2427,544321.776,00000000,0000,797;2427,544321.775933000,1af40000,1163870,292501,-520303,-16102,-3793,-18805*27c184ed
#INSPVAXA,ICOM3,0,93.0,FINESTEERING,2427,544321.790,00000000,0307,797;WAITING_AZIMUTH,NONE,0.00000000000,0.00000000000,0.0000,0.0000,0.0000,0.0000,0.0000,0.000000000,0.000000000,-0.000000000,0.0000,0.0000,0.0000,0.0000,0.0000,0.0000,0.0000,0.0000,0.0000,00000000,544322*baaca21b
#RAWIMUA,ICOM3,0,93.0,FINESTEERING,2427,544321.786,00000000,0000,797;2427,544321.785926000,1aee0001,1162777,292612,-519385,-30889,-5220,-8672*3cd51002
#INSPVAXA,ICOM3,0,93.0,FINESTEERING,2427,544321.800,00000000,0311,797;WAITING_AZIMUTH,NONE,0.00000000000,0.00000000000,0.0000,0.0000,0.0000,0.0000,0.0000,0.000000000,0.000000000,-0.000000000,0.0000,0.0000,0.0000,0.0000,0.0000,0.0000,0.0000,0.0000,0.0000,00000000,544322*df191671
#RAWIMUA,ICOM3,0,93.0,FINESTEERING,2427,544321.796,00000000,0000,797;2427,544321.795948000,1aee0002,1163009,292347,-519644,-24955,-2088,-12859*224b2f1b
#INSPVAXA,ICOM3,0,93.0,FINESTEERING,2427,544321.810,00000000,031b,797;WAITING_AZIMUTH,NONE,0.00000000000,0.00000000000,0.0000,0.0000,0.0000,0.0000,0.0000,0.000000000,0.000000000,-0.000000000,0.0000,0.0000,0.0000,0.0000,0.0000,0.0000,0.0000,0.0000,0.0000,00000000,544322*11cfcd98
#RAWIMUA,ICOM3,0,93.0,FINESTEERING,2427,544321.806,00000000,0000,797;2427,544321.805967000,1aed0003,1162416,293725,-519496,-19578,12728,-26092*fa7ad980
#INSPVAXA,ICOM3,0,93.0,FINESTEERING,2427,544321.820,00000000,0325,797;WAITING_AZIMUTH,NONE,0.00000000000,0.00000000000,0.0000,0.0000,0.0000,0.0000,0.0000,0.000000000,0.000000000,-0.000000000,0.0000,0.0000,0.0000,0.0000,0.0000,0.0000,0.0000,0.0000,0.0000,00000000,544322*1720c405
#RAWIMUA,ICOM3,0,93.0,FINESTEERING,2427,544321.816,00000000,0000,797;2427,544321.815990000,1aec0004,1163067,291701,-518849,-16725,124,-13336*b1de4213
$GPGGA,071143.80,3109.8268617,N,12127.2280393,E,4,34,0.7,6.097,M,11.031,M,0.800,1793*48
#BESTGNSSPOSA,ICOM3,0,93.0,FINESTEERING,2427,544321.800,03e1c006,0000,797;SOL_COMPUTED,NARROW_INT,31.16378102759,121.45380065512,6.0973,11.0314,WGS84,0.0184,0.0168,0.0299,"1793",0.800,0.014,37,34,34,34,0F,00,30,37*2897870c
#HEADINGA,ICOM3,0,93.0,FINESTEERING,2427,544321.800,00000000,0000,797;SOL_COMPUTED,NONE,0.000000000,0.000000000,0.000000000,0.0,0.000000000,0.000000000,"1793",0,0,0,0,0,00,30,37*6d6636f5
$GPGSV,2,1,05,12,18,142,28,18,50,221,44,20,15,066,39,24,69,049,44*7D
$GPGSV,2,2,05,32,10,270,39,,,,,,,,,,,,*43
$GLGSV,3,1,09,70,18,070,44,72,22,303,42,73,48,104,46,74,24,161,34*6F
$GLGSV,3,2,09,85,05,190,39,86,39,247,46,87,33,298,44,90,00,000,36*60
$GLGSV,3,3,09,91,00,000,31,,,,,,,,,,,,*56
$GAGSV,2,1,06,03,24,264,46,05,63,319,31,11,09,161,38,31,13,075,41*60
$GAGSV,2,2,06,34,54,291,44,36,51,190,49,,,,,,,,*66
$GQGSV,1,1,02,03,44,169,44,07,53,169,40,,,,,,,,*7C
$GBGSV,4,1,15,01,48,147,49,02,35,242,46,03,55,202,49,04,37,120,42*61
$GBGSV,4,2,15,06,69,040,45,07,57,190,49,10,46,191,45,11,24,271,46*6E
$GBGSV,4,3,15,12,11,294,45,20,28,304,44,23,49,089,49,27,00,000,29*64
$GBGSV,4,4,15,30,24,240,42,37,38,167,48,41,24,084,47,,,,*55
$GPGSA,M,3,12,18,20,24,32,,,,,,,,1.4,0.7,1.2,1*2D
#INSPVAXA,ICOM3,0,93.0,FINESTEERING,2427,544321.830,00000000,032f,797;WAITING_AZIMUTH,NONE,0.00000000000,0.00000000000,0.0000,0.0000,0.0000,0.0000,0.0000,0.000000000,0.000000000,-0.000000000,0.0000,0.0000,0.0000,0.0000,0.0000,0.0000,0.0000,0.0000,0.0000,00000000,544322*d9f61fec
#RAWIMUA,ICOM3,0,93.0,FINESTEERING,2427,544321.826,00000000,0000,797;2427,544321.825931000,1af10005,1163345,291847,-520328,-26430,-476,-11013*7aca1fc6
#INSPVAXA,ICOM3,0,93.0,FINESTEERING,2427,544321.840,00000000,0339,797;WAITING_AZIMUTH,NONE,0.00000000000,0.00000000000,0.0000,0.0000,0.0000,0.0000,0.0000,0.000000000,0.000000000,-0.000000000,0.0000,0.0000,0.0000,0.0000,0.0000,0.0000,0.0000,0.0000,0.0000,00000000,544322*7cbf9f0e
#RAWIMUA,ICOM3,0,93.0,FINESTEERING,2427,544321.836,00000000,0000,797;2427,544321.835921000,1af20006,1161833,291327,-520189,-13873,27,-13334*2288c4b4
#INSPVAXA,ICOM3,0,93.0,FINESTEERING,2427,544321.850,00000000,0343,797;WAITING_AZIMUTH,NONE,0.00000000000,0.00000000000,0.0000,0.0000,0.0000,0.0000,0.0000,0.000000000,0.000000000,-0.000000000,0.0000,0.0000,0.0000,0.0000,0.0000,0.0000,0.0000,0.0000,0.0000,00000000,544322*3bdac54d
#RAWIMUA,ICOM3,0,93.0,FINESTEERING,2427,544321.846,00000000,0000,797;2427,544321.845944000,1af40007,1162612,293333,-519360,-18430,-9588,-24877*8ba31a91
#INSPVAXA,ICOM3,0,93.0,FINESTEERING,2427,544321.860,00000000,034d,797;WAITING_AZIMUTH,NONE,0.00000000000,0.00000000000,0.0000,0.0000,0.0000,0.0000,0.0000,0.000000000,0.000000000,-0.000000000,0.0000,0.0000,0.0000,0.0000,0.0000,0.0000,0.0000,0.0000,0.0000,00000000,544322*9ef650ee
#RAWIMUA,ICOM3,0,93.0,FINESTEERING,2427,544321.856,00000000,0000,797;2427,544321.855936000,1af70008,1161866,290542,-520082,-20955,3511,-18645*e4d9ec14
#INSPVAXA,ICOM3,0,93.0,FINESTEERING,2427,544321.870,00000000,0357,797;WAITING_AZIMUTH,NONE,0.00000000000,0.00000000000,0.0000,0.0000,0.0000,0.0000,0.0000,0.000000000,0.000000000,-0.000000000,0.0000,0.0000,0.0000,0.0000,0.0000,0.0000,0.0000,0.0000,0.0000,00000000,544322*87b102d2
#RAWIMUA,ICOM3,0,93.0,FINESTEERING,2427,544321.866,00000000,0000,797;2427,544321.865929000,1af20009,1162839,293140,-519063,-19217,2162,-10997*e60d1a48
#INSPVAXA,ICOM3,0,93.0,FINESTEERING,2427,544321.880,00000000,0361,797;WAITING_AZIMUTH,NONE,0.00000000000,0.00000000000,0.0000,0.0000,0.0000,0.0000,0.0000,0.000000000,0.000000000,-0.000000000,0.0000,0.0000,0.0000,0.0000,0.0000,0.0000,0.0000,0.0000,0.0000,00000000,544322*93190bec
#RAWIMUA,ICOM3,0,93.0,FINESTEERING,2427,544321.876,00000000,0000,797;2427,544321.875922000,1af1000a,1163812,292362,-520990,-23578,-2449,-10758*6a03107f
#INSPVAXA,ICOM3,0,93.0,FINESTEERING,2427,544321.890,00000000,036b,797;WAITING_AZIMUTH,NONE,0.00000000000,0.00000000000,0.0000,0.0000,0.0000,0.0000,0.0000,0.000000000,0.000000000,-0.000000000,0.0000,0.0000,0.0000,0.0000,0.0000,0.0000,0.0000,0.0000,0.0000,00000000,544322*5dcfd005
#RAWIMUA,ICOM3,0,93.0,FINESTEERING,2427,544321.886,00000000,0000,797;2427,544321.885944000,1af1000b,1162246,291702,-518849,-23775,1764,-25126*78fc81ee
#INSPVAXA,ICOM3,0,93.0,FINESTEERING,2427,544321.900,00000000,0375,797;WAITING_AZIMUTH,NONE,0.00000000000,0.00000000000,0.0000,0.0000,0.0000,0.0000,0.0000,0.000000000,0.000000000,-0.000000000,0.0000,0.0000,0.0000,0.0000,0.0000,0.0000,0.0000,0.0000,0.0000,00000000,544322*6073f180
#RAWIMUA,ICOM3,0,93.0,FINESTEERING,2427,544321.896,00000000,0000,797;2427,544321.895937000,1af3000c,1162916,291229,-520025,-20562,1338,-10214*ca1f1cd1
#INSPVAXA,ICOM3,0,93.0,FINESTEERING,2427,544321.910,00000000,037f,797;WAITING_AZIMUTH,NONE,0.00000000000,0.00000000000,0.0000,0.0000,0.0000,0.0000,0.0000,0.000000000,0.000000000,-0.000000000,0.0000,0.0000,0.0000,0.0000,0.0000,0.0000,0.0000,0.0000,0.0000,00000000,544322*aea52a69
#RAWIMUA,ICOM3,0,93.0,FINESTEERING,2427,544321.906,00000000,0000,797;2427,544321.905963000,1af3000d,1162221,291693,-519603,-14726,1442,-13132*400cc9f4
#INSPVAXA,ICOM3,0,93.0,FINESTEERING,2427,544321.920,00000000,0389,797;WAITING_AZIMUTH,NONE,0.00000000000,0.00000000000,0.0000,0.0000,0.0000,0.0000,0.0000,0.000000000,0.000000000,-0.000000000,0.0000,0.0000,0.0000,0.0000,0.0000,0.0000,0.0000,0.0000,0.0000,00000000,544322*73289341
#RAWIMUA,ICOM3,0,93.0,FINESTEERING,2427,544321.916,00000000,0000,797;2427,544321.915966000,1af0000e,1163896,292673,-519649,-14070,3055,-14833*cdab9cb6
#INSPVAXA,ICOM3,0,93.0,FINESTEERING,2427,544321.930,00000000,0393,797;WAITING_AZIMUTH,NONE,0.00000000000,0.00000000000,0.0000,0.0000,0.0000,0.0000,0.0000,0.000000000,0.000000000,-0.000000000,0.0000,0.0000,0.0000,0.0000,0.0000,0.0000,0.0000,0.0000,0.0000,00000000,544322*a8bbf73f
#RAWIMUA,ICOM3,0,93.0,FINESTEERING,2427,544321.926,00000000,0000,797;2427,544321.925946000,1af1000f,1163659,293042,-518898,-18824,2952,-22260*d87089a2
#INSPVAXA,ICOM3,0,93.0,FINESTEERING,2427,544321.940,00000000,039d,797;WAITING_AZIMUTH,NONE,0.00000000000,0.00000000000,0.0000,0.0000,0.0000,0.0000,0.0000,0.000000000,0.000000000,-0.000000000,0.0000,0.0000,0.0000,0.0000,0.0000,0.0000,0.0000,0.0000,0.0000,00000000,544322*e39c3486
#RAWIMUA,ICOM3,0,93.0,FINESTEERING,2427,544321.936,00000000,0000,797;2427,544321.935938000,1af30010,1163998,292178,-519938,-19349,1570,-16453*8c98b727
#INSPVAXA,ICOM3,0,93.0,FINESTEERING,2427,544321.950,00000000,03a7,797;WAITING_AZIMUTH,NONE,0.00000000000,0.00000000000,0.0000,0.0000,0.0000,0.0000,0.0000,0.000000000,0.000000000,-0.000000000,0.0000,0.0000,0.0000,0.0000,0.0000,0.0000,0.0000,0.0000,0.0000,00000000,544322*62cb9230
#RAWIMUA,ICOM3,0,93.0,FINESTEERING,2427,544321.946,00000000,0000,797;2427,544321.945931000,1af40011,1163340,292573,-519877,-22824,5879,-16666*b0ca0246
#INSPVAXA,ICOM3,0,93.0,FINESTEERING,2427,544321.960,00000000,03b1,797;WAITING_AZIMUTH,NONE,0.00000000000,0.00000000000,0.0000,0.0000,0.0000,0.0000,0.0000,0.000000000,0.000000000,-0.000000000,0.0000,0.0000,0.0000,0.0000,0.0000,0.0000,0.0000,0.0000,0.0000,00000000,544322*9f0f6761
#RAWIMUA,ICOM3,0,93.0,FINESTEERING,2427,544321.956,00000000,0000,797;2427,544321.955923000,1af30012,1163761,293594,-519331,-19349,-8338,-14099*4ebfb531
#INSPVAXA,ICOM3,0,93.0,FINESTEERING,2427,544321.970,00000000,03bb,797;WAITING_AZIMUTH,NONE,0.00000000000,0.00000000000,0.0000,0.0000,0.0000,0.0000,0.0000,0.000000000,0.000000000,-0.000000000,0.0000,0.0000,0.0000,0.0000,0.0000,0.0000,0.0000,0.0000,0.0000,00000000,544322*51d9bc88
#RAWIMUA,ICOM3,0,93.0,FINESTEERING,2427,544321.966,00000000,0000,797;2427,544321.965916000,1af10013,1162445,291897,-518949,-22005,-5904,-16192*3f4a945a
#INSPVAXA,ICOM3,0,93.0,FINESTEERING,2427,544321.980,00000000,03c5,797;WAITING_AZIMUTH,NONE,0.00000000000,0.00000000000,0.0000,0.0000,0.0000,0.0000,0.0000,0.000000000,0.000000000,-0.000000000,0.0000,0.0000,0.0000,0.0000,0.0000,0.0000,0.0000,0.0000,0.0000,00000000,544322*ca085c91
#RAWIMUA,ICOM3,0,93.0,FINESTEERING,2427,544321.976,00000000,0000,797;2427,544321.975939000,1aef0014,1161822,292027,-519114,-12825,-1717,-19025*64525e08
#INSPVAXA,ICOM3,0,93.0,FINESTEERING,2427,544321.990,00000000,03cf,797;WAITING_AZIMUTH,NONE,0.00000000000,0.00000000000,0.0000,0.0000,0.0000,0.0000,0.0000,0.000000000,0.000000000,-0.000000000,0.0000,0.0000,0.0000,0.0000,0.0000,0.0000,0.0000,0.0000,0.0000,00000000,544322*04de8778
#RAWIMUA,ICOM3,0,93.0,FINESTEERING,2427,544321.986,00000000,0000,797;2427,544321.985932000,1aef0015,1163503,292508,-519745,-18562,2623,-9977*79d64e5f
#INSPVAXA,ICOM3,0,93.0,FINESTEERING,2427,544322.000,00000000,03d9,797;WAITING_AZIMUTH,NONE,0.00000000000,0.00000000000,0.0000,0.0000,0.0000,0.0000,0.0000,0.000000000,0.000000000,-0.000000000,0.0000,0.0000,0.0000,0.0000,0.0000,0.0000,0.0000,0.0000,0.0000,00000000,544323*095d802c
#INSCALSTATUSA,ICOM3,0,93.0,FINESTEERING,2427,544322.000,00000000,0000,797;RBV,0.0000,0.0000,0.0000,45.0000,45.0000,45.0000,CALIBRATED,0*d5f18514
#RAWIMUA,ICOM3,0,93.0,FINESTEERING,2427,544321.996,00000000,0000,797;2427,544321.995925000,1aee0016,1161955,292909,-519322,-16202,4534,-11741*00bfc850
#INSPVAXA,ICOM3,0,93.0,FINESTEERING,2427,544322.010,00000000,03e3,797;WAITING_AZIMUTH,NONE,0.00000000000,0.00000000000,0.0000,0.0000,0.0000,0.0000,0.0000,0.000000000,0.000000000,-0.000000000,0.0000,0.0000,0.0000,0.0000,0.0000,0.0000,0.0000,0.0000,0.0000,00000000,544323*d2cee452
#RAWIMUA,ICOM3,0,93.0,FINESTEERING,2427,544322.006,00000000,0000,797;2427,544322.005934333,1aee0017,1164018,292553,-518663,-17677,-5144,-12376*caea7378
#INSPVAXA,ICOM3,0,93.0,FINESTEERING,2427,544322.020,00000000,0005,797;WAITING_AZIMUTH,NONE,0.00000000000,0.00000000000,0.0000,0.0000,0.0000,0.0000,0.0000,0.000000000,0.000000000,-0.000000000,0.0000,0.0000,0.0000,0.0000,0.0000,0.0000,0.0000,0.0000,0.0000,00000000,544323*3786ddbb
#RAWIMUA,ICOM3,0,93.0,FINESTEERING,2427,544322.016,00000000,0000,797;2427,544322.015961000,1aec0018,1162975,291302,-519369,-17185,-5901,-16320*a3c51223
#INSPVAXA,ICOM3,0,93.0,FINESTEERING,2427,544322.030,00000000,000f,797;WAITING_AZIMUTH,NONE,0.00000000000,0.00000000000,0.0000,0.0000,0.0000,0.0000,0.0000,0.000000000,0.000000000,-0.000000000,0.0000,0.0000,0.0000,0.0000,0.0000,0.0000,0.0000,0.0000,0.0000,00000000,544323*f9500652
#RAWIMUA,ICOM3,0,93.0,FINESTEERING,2427,544322.026,00000000,0000,797;2427,544322.025976000,1aec0019,1163763,292250,-519447,-21513,-1230,-17682*85662e0e
#BESTPOSA,ICOM3,0,93.0,FINESTEERING,2427,544322.000,03e1c006,0001,797;SOL_COMPUTED,NARROW_INT,31.16378107281,121.45380068366,6.0919,11.0314,WGS84,0.0139,0.0125,0.0263,"1793",1.000,0.021,37,34,34,34,0F,00,30,37*e7dd17f2
$GPGGA,071144.00,3109.8268644,N,12127.2280410,E,4,34,0.7,6.092,M,11.031,M,1.000,1793*41
#BESTGNSSPOSA,ICOM3,0,93.0,FINESTEERING,2427,544322.000,03e1c006,0001,797;SOL_COMPUTED,NARROW_INT,31.16378107281,121.45380068366,6.0919,11.0314,WGS84,0.0139,0.0125,0.0263,"1793",1.000,0.021,37,34,34,34,0F,00,30,37*c7698180
#HEADINGA,ICOM3,0,93.0,FINESTEERING,2427,544322.000,00000000,0000,797;SOL_COMPUTED,NONE,0.000000000,0.000000000,0.000000000,0.0,0.000000000,0.000000000,"1793",0,0,0,0,0,00,30,37*350030bb
$GPGSV,2,1,05,12,00,000,27,18,50,221,44,20,15,066,39,24,69,049,44*7C
$GPGSV,2,2,05,32,10,270,39,,,,,,,,,,,,*43
$GLGSV,3,1,09,70,18,070,44,72,22,303,42,73,48,104,46,74,24,161,34*6F
$GLGSV,3,2,09,85,05,190,39,86,39,247,46,87,33,298,44,90,00,000,35*63
$GLGSV,3,3,09,91,00,000,31,,,,,,,,,,,,*56
$GAGSV,2,1,06,03,24,264,46,05,63,319,31,11,09,161,38,31,13,075,41*60
$GAGSV,2,2,06,34,54,291,44,36,51,190,49,,,,,,,,*66
$GQGSV,1,1,02,03,44,169,44,07,53,169,40,,,,,,,,*7C
$GBGSV,4,1,15,01,48,147,49,02,35,242,46,03,55,202,49,04,37,120,42*61
$GBGSV,4,2,15,06,69,040,45,07,57,190,49,10,46,191,45,11,24,271,46*6E
$GBGSV,4,3,15,12,11,294,45,20,28,304,44,23,49,089,49,27,00,000,30*6C
$GBGSV,4,4,15,30,24,240,42,37,38,167,48,41,24,084,47,,,,*55
$GPGSA,M,3,18,20,24,32,,,,,,,,,1.4,0.7,1.2,1*2E
ªD*   H   ¹´{	Ð±q Àá     2   "ooŽí)?@ÈÍ]^@žînÔ"^@Ì€0A=   éc<ÒŒM<q×<1793  €?‹o¨<%""" 07ÛfàâªD7  0   ¹´{	Ð±q                                           1793      07Óm¦#INSPVAXA,ICOM3,0,93.0,FINESTEERING,2427,544322.040,00000000,0019,797;WAITING_AZIMUTH,NONE,0.00000000000,0.00000000000,0.0000,0.0000,0.0000,0.0000,0.0000,0.000000000,0.000000000,-0.000000000,0.0000,0.0000,0.0000,0.0000,0.0000,0.0000,0.0000,0.0000,0.0000,00000000,544323*5c1986b0
#RAWIMUA,ICOM3,0,93.0,FINESTEERING,2427,544322.036,00000000,0000,797;2427,544322.035936000,1aed001a,1163011,292215,-519741,-22103,-3008,-15326*7998eb41
#TRACKSTATA,ICOM3,0,93.0,FINESTEERING,2427,544322.000,00000000,0000,797;SOL_COMPUTED,NARROW_INT,0.0,98,12,0,00181544,24290142.805,2718.426,27.000,0.000,0.000,GOOD,0.000,12,0,02381564,24290148.037,2118.523,27.250,0.000,0.000,GOOD,0.000,18,0,10101cc4,21407324.372,-2139.371,44.000,73.900,0.000,GOOD,0.000,18,0,02301ce4,21407324.658,-1666.943,46.000,70.500,0.000,GOOD,0.000,18,0,01d01d04,21407344.997,-1597.599,46.750,72.900,0.000,GOOD,0.000,20,0,10101e44,24285698.437,-2499.751,38.500,73.000,0.000,GOOD,0.000,20,0,12301e64,24285701.719,-1947.852,45.500,70.500,0.000,GOOD,0.000,20,0,11d01e84,24285719.052,-1866.636,44.000,72.000,0.000,GOOD,0.000,24,0,10101ec4,20110032.398,-1315.659,44.250,72.400,0.000,GOOD,0.000,24,0,12301ee4,20110034.737,-1025.325,43.000,68.900,0.000,GOOD,0.000,24,0,01d01f04,20110050.863,-982.501,45.750,71.300,0.000,GOOD,0.000,32,0,10101dc4,24896614.847,1908.319,38.500,70.000,0.000,GOOD,0.000,32,0,02301de4,24896621.094,1487.120,35.500,67.100,0.000,GOOD,0.000,32,0,11d01e04,24896637.137,1424.799,36.750,68.600,0.000,GOOD,0.000,43,3,10111d44,22925349.496,-2047.775,44.000,77.600,0.000,GOOD,0.000,43,3,10311d64,22925361.662,-1592.618,46.250,76.800,0.000,GOOD,0.000,45,13,00111e44,22560385.872,1683.456,42.000,73.600,0.000,GOOD,0.000,45,13,00311e64,22560393.554,1309.262,44.250,72.800,0.000,GOOD,0.000,46,5,10111dc4,20493582.691,1220.037,46.000,76.900,0.000,GOOD,0.000,46,5,10311de4,20493590.482,948.871,47.750,75.900,0.000,GOOD,0.000,47,0,001914c4,22420883.749,3904.635,33.500,0.500,0.000,GOOD,0.000,58,11,10111ec4,24282838.579,-4399.347,39.000,27.700,0.000,GOOD,0.000,58,11,003116e4,24282880.755,-3421.828,34.000,0.700,0.000,GOOD,0.000,59,4,10111d84,21114501.173,-2412.083,46.000,77.100,0.000,GOOD,0.000,59,4,10311da4,21114506.139,-1875.907,42.500,76.300,0.000,GOOD,0.000,60,10,00111e04,21594445.807,313.266,43.750,75.700,0.000,GOOD,0.000,63,1,00191504,21908486.238,1454.500,34.500,0.000,0.000,GOOD,0.000,64,2,00191684,21928930.564,-1621.727,30.500,0.300,0.000,GOOD,0.000,3,0,00331fc4,26548046.276,1371.474,46.000,78.300,0.000,GOOD,0.000,3,0,02331c24,26548053.791,1050.725,47.000,77.500,0.000,GOOD,0.000,3,0,01931fe4,26548054.435,1024.261,42.500,75.300,0.000,GOOD,0.000,3,0,00d31c04,26548221.483,1113.387,41.500,74.500,0.000,GOOD,0.000,5,0,00331644,23884387.487,-203.182,30.750,0.000,0.000,GOOD,0.000,11,0,00331cc4,26394479.375,-3301.375,38.000,23.100,0.000,GOOD,0.000,11,0,12331d24,26394493.824,-2529.057,42.500,62.300,0.000,GOOD,0.000,11,0,11931ce4,26394495.668,-2464.760,37.750,70.000,0.000,GOOD,0.000,11,0,10d31d04,26394660.900,-2679.090,34.750,35.400,0.000,GOOD,0.000,31,0,00331c44,27627321.992,754.137,40.750,71.300,0.000,GOOD,0.000,31,0,12331ca4,27627331.766,577.771,45.750,70.300,0.000,GOOD,0.000,31,0,01931c64,27627333.015,563.354,40.000,67.100,0.000,GOOD,0.000,31,0,10d31c84,27627493.334,612.191,33.000,9.400,0.000,GOOD,0.000,34,0,10331dc4,24368819.820,402.996,43.500,53.100,0.000,GOOD,0.000,34,0,02331e24,24368826.595,308.844,47.750,51.700,0.000,GOOD,0.000,34,0,01931de4,24368827.338,300.922,43.750,49.000,0.000,GOOD,0.000,34,0,00d31e04,24368995.328,327.431,46.000,49.200,0.000,GOOD,0.000,36,0,10331d44,24630376.473,-2321.453,49.000,70.000,0.000,GOOD,0.000,36,0,12331da4,24630383.484,-1778.936,50.500,69.100,0.000,GOOD,0.000,36,0,11931d64,24630383.496,-1733.577,45.000,66.100,0.000,GOOD,0.000,36,0,00d31d84,24630548.296,-1884.290,44.750,66.200,0.000,GOOD,0.000,195,0,10151f44,36627997.016,-81.775,44.250,78.200,0.000,GOOD,0.000,195,0,02351f64,36627995.218,-63.880,47.000,70.500,0.000,GOOD,0.000,195,0,11d51f84,36628012.451,-61.236,44.500,77.000,0.000,GOOD,0.000,199,0,10151ec4,36982577.573,-164.571,39.500,76.800,0.000,GOOD,0.000,199,0,02351ee4,36982573.987,-128.089,44.000,70.100,0.000,GOOD,0.000,199,0,11d51f04,36982593.948,-122.921,46.750,75.300,0.000,GOOD,0.000,1,0,10941c04,37277807.464,-175.291,48.750,78.300,0.000,GOOD,0.000,1,0,00d41c24,37277805.863,-142.309,46.750,78.300,0.000,GOOD,0.000,2,0,00941c64,38310025.784,-143.110,46.000,78.300,0.000,GOOD,0.000,2,0,00d41c84,38310018.226,-116.162,43.750,78.300,0.000,GOOD,0.000,3,0,00941cc4,36917537.480,-160.051,48.500,78.300,0.000,GOOD,0.000,3,0,00d41ce4,36917532.740,-130.053,47.500,78.300,0.000,GOOD,0.000,4,0,109c1d24,38142622.896,-194.986,42.000,78.300,0.000,GOOD,0.000,4,0,10dc1d44,38142626.765,-158.526,45.500,77.600,0.000,GOOD,0.000,6,0,00141e44,36188922.466,272.537,44.500,76.600,0.000,GOOD,0.000,6,0,10541e64,36188927.945,221.418,42.500,75.300,0.000,GOOD,0.000,7,0,00141de4,36919598.171,778.419,49.000,77.800,0.000,GOOD,0.000,7,0,10541e04,36919601.995,632.445,47.500,76.700,0.000,GOOD,0.000,10,0,10141d84,37850002.440,901.373,44.500,76.800,0.000,GOOD,0.000,10,0,10341dc4,37850007.338,697.071,45.750,75.900,0.000,GOOD,0.000,10,0,10541da4,37850011.420,732.522,41.750,75.400,0.000,GOOD,0.000,11,0,10141ea4,25017282.440,-1181.832,46.250,76.500,0.000,GOOD,0.000,11,0,10541ec4,25017287.792,-960.271,45.000,74.700,0.000,GOOD,0.000,12,0,00141f04,25870825.968,1949.991,44.750,76.200,0.000,GOOD,0.000,12,0,00541f24,25870833.930,1584.487,40.500,74.900,0.000,GOOD,0.000,20,0,00141e84,24733897.843,1674.931,44.000,76.400,0.000,GOOD,0.000,20,0,01341ea4,24733903.440,1261.994,45.250,75.800,0.000,GOOD,0.000,20,0,10541ec4,24733900.499,1361.105,43.500,75.000,0.000,GOOD,0.000,20,0,10f41ee4,24733890.599,1690.193,41.500,75.200,0.000,GOOD,0.000,23,0,10141d44,23029848.581,5.947,49.000,77.500,0.000,GOOD,0.000,23,0,01341d64,23029850.322,4.180,50.250,76.900,0.000,GOOD,0.000,23,0,10541d84,23029847.879,4.948,48.000,76.400,0.000,GOOD,0.000,23,0,10f41da4,23029842.614,5.903,44.750,76.500,0.000,GOOD,0.000,27,0,001c1724,26329018.584,-2894.792,29.500,1.200,0.000,GOOD,0.000,27,0,113c1f44,26328929.258,-2181.679,41.500,68.300,0.000,GOOD,0.000,27,0,105c1f64,26328924.841,-2352.428,37.500,69.400,0.000,GOOD,0.000,27,0,00fc1784,26328876.494,-2922.014,32.250,0.600,0.000,GOOD,0.000,30,0,00141de4,24697961.026,-2251.703,42.000,75.300,0.000,GOOD,0.000,30,0,01341e04,24697976.184,-1696.996,46.000,74.600,0.000,GOOD,0.000,30,0,10541e24,24697974.386,-1829.671,45.250,74.200,0.000,GOOD,0.000,30,0,00f41e44,24697957.536,-2272.463,42.000,74.200,0.000,GOOD,0.000,37,0,00141fc4,23877312.649,2583.062,47.750,68.500,0.000,GOOD,0.000,37,0,01341fe4,23877325.090,1946.557,47.000,67.800,0.000,GOOD,0.000,37,0,00541c04,23877325.353,2099.015,45.000,66.800,0.000,GOOD,0.000,37,0,00f41c24,23877293.797,2606.553,39.250,67.400,0.000,GOOD,0.000,41,0,00141c64,25172649.717,-1799.991,47.000,65.700,0.000,GOOD,0.000,41,0,01341c84,25172667.950,-1356.640,46.000,64.600,0.000,GOOD,0.000,41,0,10541ca4,25172665.442,-1462.729,43.250,64.300,0.000,GOOD,0.000,41,0,00f41cc4,25172647.020,-1816.625,43.750,64.700,0.000,GOOD,0.000*f1f2eb9a
#INSPVAXA,ICOM3,0,93.0,FINESTEERING,2427,544322.050,00000000,0023,797;WAITING_AZIMUTH,NONE,0.00000000000,0.00000000000,0.0000,0.0000,0.0000,0.0000,0.0000,0.000000000,0.000000000,-0.000000000,0.0000,0.0000,0.0000,0.0000,0.0000,0.0000,0.0000,0.0000,0.0000,00000000,544323*f3d8f725
#RAWIMUA,ICOM3,0,93.0,FINESTEERING,2427,544322.046,00000000,0000,797;2427,544322.045953000,1aee001b,1162964,292226,-521546,-26628,-3439,-11225*117176d4
#INSPVAXA,ICOM3,0,93.0,FINESTEERING,2427,544322.060,00000000,002d,797;WAITING_AZIMUTH,NONE,0.00000000000,0.00000000000,0.0000,0.0000,0.0000,0.0000,0.0000,0.000000000,0.000000000,-0.000000000,0.0000,0.0000,0.0000,0.0000,0.0000,0.0000,0.0000,0.0000,0.0000,00000000,544323*56f46286
#RAWIMUA,ICOM3,0,93.0,FINESTEERING,2427,544322.056,00000000,0000,797;2427,544322.055962000,1af3001c,1164163,292308,-519973,-19808,-801,-13574*4b3eff39
#INSPVAXA,ICOM3,0,93.0,FINESTEERING,2427,544322.070,00000000,0037,797;WAITING_AZIMUTH,NONE,0.00000000000,0.00000000000,0.0000,0.0000,0.0000,0.0000,0.0000,0.000000000,0.000000000,-0.000000000,0.0000,0.0000,0.0000,0.0000,0.0000,0.0000,0.0000,0.0000,0.0000,00000000,544323*4fb330ba
#RAWIMUA,ICOM3,0,93.0,FINESTEERING,2427,544322.066,00000000,0000,797;2427,544322.065939000,1af7001d,1163107,293396,-519525,-13481,1245,-18356*a417a745
#INSPVAXA,ICOM3,0,93.0,FINESTEERING,2427,544322.080,00000000,0041,797;WAITING_AZIMUTH,NONE,0.00000000000,0.00000000000,0.0000,0.0000,0.0000,0.0000,0.0000,0.000000000,0.000000000,-0.000000000,0.0000,0.0000,0.0000,0.0000,0.0000,0.0000,0.0000,0.0000,0.0000,00000000,544323*b3bf1252
#RAWIMUA,ICOM3,0,93.0,FINESTEERING,2427,544322.076,00000000,0000,797;2427,544322.075934000,1af4001e,1162392,291261,-520123,-14038,-5964,-12279*06d877a3
#INSPVAXA,ICOM3,0,93.0,FINESTEERING,2427,544322.090,00000000,004b,797;WAITING_AZIMUTH,NONE,0.00000000000,0.00000000000,0.0000,0.0000,0.0000,0.0000,0.0000,0.000000000,0.000000000,-0.000000000,0.0000,0.0000,0.0000,0.0000,0.0000,0.0000,0.0000,0.0000,0.0000,00000000,544323*7d69c9bb
#RAWIMUA,ICOM3,0,93.0,FINESTEERING,2427,544322.086,00000000,0000,797;2427,544322.085912000,1af1001f,1163535,291921,-519541,-17317,5883,-15513*1c31f39f
#INSPVAXA,ICOM3,0,93.0,FINESTEERING,2427,544322.100,00000000,0055,797;WAITING_AZIMUTH,NONE,0.00000000000,0.00000000000,0.0000,0.0000,0.0000,0.0000,0.0000,0.000000000,0.000000000,-0.000000000,0.0000,0.0000,0.0000,0.0000,0.0000,0.0000,0.0000,0.0000,0.0000,00000000,544323*40d5e83e
#RAWIMUA,ICOM3,0,93.0,FINESTEERING,2427,544322.096,00000000,0000,797;2427,544322.095904000,1af10020,1161860,292448,-519579,-19940,10884,-17530*aab061db
#INSPVAXA,ICOM3,0,93.0,FINESTEERING,2427,544322.110,00000000,005f,797;WAITING_AZIMUTH,NONE,0.00000000000,0.00000000000,0.0000,0.0000,0.0000,0.0000,0.0000,0.000000000,0.000000000,-0.000000000,0.0000,0.0000,0.0000,0.0000,0.0000,0.0000,0.0000,0.0000,0.0000,00000000,544323*8e0333d7
#RAWIMUA,ICOM3,0,93.0,FINESTEERING,2427,544322.106,00000000,0000,797;2427,544322.106000000,1af30021,1162052,292748,-519090,-18464,4170,-16934*3db7396f
#INSPVAXA,ICOM3,0,93.0,FINESTEERING,2427,544322.120,00000000,006a,797;WAITING_AZIMUTH,NONE,0.00000000000,0.00000000000,0.0000,0.0000,0.0000,0.0000,0.0000,0.000000000,0.000000000,-0.000000000,0.0000,0.0000,0.0000,0.0000,0.0000,0.0000,0.0000,0.0000,0.0000,00000000,544323*ef9cfd67
#RAWIMUA,ICOM3,0,94.5,FINESTEERING,2427,544322.116,00000000,0000,797;2427,544322.116044000,1af20022,1162011,290630,-518213,-20563,4761,-17229*b2d3fe92
#INSPVAXA,ICOM3,0,94.5,FINESTEERING,2427,544322.130,00000000,0074,797;WAITING_AZIMUTH,NONE,0.00000000000,0.00000000000,0.0000,0.0000,0.0000,0.0000,0.0000,0.000000000,0.000000000,-0.000000000,0.0000,0.0000,0.0000,0.0000,0.0000,0.0000,0.0000,0.0000,0.0000,00000000,544323*c66f5502
#RAWIMUA,ICOM3,0,94.5,FINESTEERING,2427,544322.126,00000000,0000,797;2427,544322.125970000,1af20023,1162349,291862,-519146,-20005,911,-18100*6e4f8a55
#INSPVAXA,ICOM3,0,94.5,FINESTEERING,2427,544322.140,00000000,007d,797;WAITING_AZIMUTH,NONE,0.00000000000,0.00000000000,0.0000,0.0000,0.0000,0.0000,0.0000,0.000000000,0.000000000,-0.000000000,0.0000,0.0000,0.0000,0.0000,0.0000,0.0000,0.0000,0.0000,0.0000,00000000,544323*ee2b399e
#RAWIMUA,ICOM3,0,94.5,FINESTEERING,2427,544322.136,00000000,0000,797;2427,544322.135958000,1af70024,1162391,291982,-520132,-16104,-2181,-16633*45d6699e
#INSPVAXA,ICOM3,0,94.5,FINESTEERING,2427,544322.150,00000000,0087,797;WAITING_AZIMUTH,NONE,0.00000000000,0.00000000000,0.0000,0.0000,0.0000,0.0000,0.0000,0.000000000,0.000000000,-0.000000000,0.0000,0.0000,0.0000,0.0000,0.0000,0.0000,0.0000,0.0000,0.0000,00000000,544323*61a30472
#RAWIMUA,ICOM3,0,94.5,FINESTEERING,2427,544322.146,00000000,0000,797;2427,544322.145982000,1af20025,1163228,292197,-518461,-16005,8451,-13268*3edc5392
#INSPVAXA,ICOM3,0,94.5,FINESTEERING,2427,544322.160,00000000,0091,797;WAITING_AZIMUTH,NONE,0.00000000000,0.00000000000,0.0000,0.0000,0.0000,0.0000,0.0000,0.000000000,0.000000000,-0.000000000,0.0000,0.0000,0.0000,0.0000,0.0000,0.0000,0.0000,0.0000,0.0000,00000000,544323*e835e4c8
#RAWIMUA,ICOM3,0,94.5,FINESTEERING,2427,544322.156,00000000,0000,797;2427,544322.155974000,1af30026,1164024,291500,-519110,-16858,90,-12813*7ad87dc6
#INSPVAXA,ICOM3,0,94.5,FINESTEERING,2427,544322.170,00000000,009b,797;WAITING_AZIMUTH,NONE,0.00000000000,0.00000000000,0.0000,0.0000,0.0000,0.0000,0.0000,0.000000000,0.000000000,-0.000000000,0.0000,0.0000,0.0000,0.0000,0.0000,0.0000,0.0000,0.0000,0.0000,00000000,544323*26e33f21
#RAWIMUA,ICOM3,0,94.5,FINESTEERING,2427,544322.166,00000000,0000,797;2427,544322.165968000,1af10027,1162716,291986,-519705,-17514,-2346,-15025*5458e88f
#INSPVAXA,ICOM3,0,94.5,FINESTEERING,2427,544322.180,00000000,00a5,797;WAITING_AZIMUTH,NONE,0.00000000000,0.00000000000,0.0000,0.0000,0.0000,0.0000,0.0000,0.000000000,0.000000000,-0.000000000,0.0000,0.0000,0.0000,0.0000,0.0000,0.0000,0.0000,0.0000,0.0000,00000000,544323*25222bb2
#RAWIMUA,ICOM3,0,94.5,FINESTEERING,2427,544322.176,00000000,0000,797;2427,544322.175960000,1aef0028,1162842,291927,-519180,-25054,-1299,-16044*9feb387b
#INSPVAXA,ICOM3,0,94.5,FINESTEERING,2427,544322.190,00000000,00af,797;WAITING_AZIMUTH,NONE,0.00000000000,0.00000000000,0.0000,0.0000,0.0000,0.0000,0.0000,0.000000000,0.000000000,-0.000000000,0.0000,0.0000,0.0000,0.0000,0.0000,0.0000,0.0000,0.0000,0.0000,00000000,544323*ebf4f05b
#RAWIMUA,ICOM3,0,94.5,FINESTEERING,2427,544322.186,00000000,0000,797;2427,544322.185953000,1aee0029,1161988,292714,-519221,-19579,-1690,-10918*4d715e76
#INSPVAXA,ICOM3,0,94.5,FINESTEERING,2427,544322.200,00000000,00b9,797;WAITING_AZIMUTH,NONE,0.00000000000,0.00000000000,0.0000,0.0000,0.0000,0.0000,0.0000,0.000000000,0.000000000,-0.000000000,0.0000,0.0000,0.0000,0.0000,0.0000,0.0000,0.0000,0.0000,0.0000,00000000,544323*e52377ad
#RAWIMUA,ICOM3,0,94.5,FINESTEERING,2427,544322.196,00000000,0000,797;2427,544322.195976000,1af3002a,1163333,292975,-519094,-14989,3153,-12798*18da416d
#INSPVAXA,ICOM3,0,94.5,FINESTEERING,2427,544322.210,00000000,00c3,797;WAITING_AZIMUTH,NONE,0.00000000000,0.00000000000,0.0000,0.0000,0.0000,0.0000,0.0000,0.000000000,0.000000000,-0.000000000,0.0000,0.0000,0.0000,0.0000,0.0000,0.0000,0.0000,0.0000,0.0000,00000000,544323*3eb013d3
#RAWIMUA,ICOM3,0,94.5,FINESTEERING,2427,544322.206,00000000,0000,797;2427,544322.205978000,1af4002b,1163369,291531,-519372,-21579,10191,-13922*3dde7cec
#INSPVAXA,ICOM3,0,94.5,FINESTEERING,2427,544322.220,00000000,00cd,797;WAITING_AZIMUTH,NONE,0.00000000000,0.00000000000,0.0000,0.0000,0.0000,0.0000,0.0000,0.000000000,0.000000000,-0.000000000,0.0000,0.0000,0.0000,0.0000,0.0000,0.0000,0.0000,0.0000,0.0000,00000000,544323*9b9c8670
#RAWIMUA,ICOM3,0,94.5,FINESTEERING,2427,544322.216,00000000,0000,797;2427,544322.215999000,1af4002c,1162983,291260,-520156,-17514,-5243,-17337*c079938c
$GPGGA,071144.20,3109.8268660,N,12127.2280401,E,4,34,0.7,6.095,M,11.031,M,1.200,1793*40
#BESTGNSSPOSA,ICOM3,0,94.5,FINESTEERING,2427,544322.200,03e1c002,0000,797;SOL_COMPUTED,NARROW_INT,31.16378110067,121.45380066769,6.0948,11.0314,WGS84,0.0147,0.0133,0.0270,"1793",1.200,0.018,37,34,34,34,00,00,30,37*3c956968
#INSPVAXA,ICOM3,0,94.5,FINESTEERING,2427,544322.230,00000000,00d7,797;WAITING_AZIMUTH,NONE,0.00000000000,0.00000000000,0.0000,0.0000,0.0000,0.0000,0.0000,0.000000000,0.000000000,-0.000000000,0.0000,0.0000,0.0000,0.0000,0.0000,0.0000,0.0000,0.0000,0.0000,00000000,544323*1e2dea71
#HEADINGA,ICOM3,0,94.5,FINESTEERING,2427,544322.200,00000000,0000,797;SOL_COMPUTED,NONE,0.000000000,0.000000000,0.000000000,0.0,0.000000000,0.000000000,"1793",0,0,0,0,0,00,30,37*0e719c3a
$GPGSV,2,1,05,12,18,142,26,18,50,221,44,20,15,066,39,24,69,049,44*73
$GPGSV,2,2,05,32,10,270,39,,,,,,,,,,,,*43
$GLGSV,3,1,09,70,18,070,44,72,22,303,42,73,48,104,46,74,24,161,33*68
$GLGSV,3,2,09,85,05,190,39,86,39,247,46,87,33,298,44,90,00,000,35*63
$GLGSV,3,3,09,91,00,000,30,,,,,,,,,,,,*57
$GAGSV,2,1,06,03,24,264,46,05,63,319,31,11,09,161,38,31,13,075,41*60
$GAGSV,2,2,06,34,54,291,44,36,51,190,49,,,,,,,,*66
$GQGSV,1,1,02,03,44,169,44,07,53,169,40,,,,,,,,*7C
$GBGSV,4,1,15,01,48,147,49,02,35,242,46,03,55,202,49,04,37,120,42*61
$GBGSV,4,2,15,06,69,040,45,07,57,190,49,10,46,191,45,11,24,271,46*6E
$GBGSV,4,3,15,12,11,294,45,20,28,304,44,23,49,089,49,27,00,000,30*6C
$GBGSV,4,4,15,30,24,240,42,37,38,167,48,41,24,084,47,,,,*55
$GPGSA,M,3,12,18,20,24,32,,,,,,,,1.4,0.7,1.2,1*2D
#RAWIMUA,ICOM3,0,94.5,FINESTEERING,2427,544322.226,00000000,0000,797;2427,544322.226003000,1af4002d,1162386,293200,-519621,-27415,-1136,-17556*029665d6
#INSPVAXA,ICOM3,0,94.5,FINESTEERING,2427,544322.240,00000000,00e2,797;WAITING_AZIMUTH,NONE,0.00000000000,0.00000000000,0.0000,0.0000,0.0000,0.0000,0.0000,0.000000000,0.000000000,-0.000000000,0.0000,0.0000,0.0000,0.0000,0.0000,0.0000,0.0000,0.0000,0.0000,00000000,544323*062c16b3
#RAWIMUA,ICOM3,0,94.5,FINESTEERING,2427,544322.236,00000000,0000,797;2427,544322.235978000,1af6002e,1163679,293286,-517621,-10891,4900,-16861*39400f55
#INSPVAXA,ICOM3,0,94.5,FINESTEERING,2427,544322.250,00000000,00eb,797;WAITING_AZIMUTH,NONE,0.00000000000,0.00000000000,0.0000,0.0000,0.0000,0.0000,0.0000,0.000000000,0.000000000,-0.000000000,0.0000,0.0000,0.0000,0.0000,0.0000,0.0000,0.0000,0.0000,0.0000,00000000,544323*b7668738
#RAWIMUA,ICOM3,0,94.5,FINESTEERING,2427,544322.246,00000000,0000,797;2427,544322.245968000,1af2002f,1163467,292873,-519355,-20137,-5508,-15764*f0d7e546
#INSPVAXA,ICOM3,0,94.5,FINESTEERING,2427,544322.260,00000000,00f5,797;WAITING_AZIMUTH,NONE,0.00000000000,0.00000000000,0.0000,0.0000,0.0000,0.0000,0.0000,0.000000000,0.000000000,-0.000000000,0.0000,0.0000,0.0000,0.0000,0.0000,0.0000,0.0000,0.0000,0.0000,00000000,544323*b1898ea5
#RAWIMUA,ICOM3,0,94.5,FINESTEERING,2427,544322.256,00000000,0000,797;2427,544322.255961000,1aef0030,1162866,291970,-518327,-21055,4826,-15325*e2949b1b
#INSPVAXA,ICOM3,0,94.5,FINESTEERING,2427,544322.270,00000000,00ff,797;WAITING_AZIMUTH,NONE,0.00000000000,0.00000000000,0.0000,0.0000,0.0000,0.0000,0.0000,0.000000000,0.000000000,-0.000000000,0.0000,0.0000,0.0000,0.0000,0.0000,0.0000,0.0000,0.0000,0.0000,00000000,544323*7f5f554c
#RAWIMUA,ICOM3,0,94.5,FINESTEERING,2427,544322.266,00000000,0000,797;2427,544322.265952000,1af30031,1163355,291940,-517966,-24530,-5051,-10707*5a4e625d
#INSPVAXA,ICOM3,0,94.5,FINESTEERING,2427,544322.280,00000000,0109,797;WAITING_AZIMUTH,NONE,0.00000000000,0.00000000000,0.0000,0.0000,0.0000,0.0000,0.0000,0.000000000,0.000000000,-0.000000000,0.0000,0.0000,0.0000,0.0000,0.0000,0.0000,0.0000,0.0000,0.0000,00000000,544323*25c05353
#RAWIMUA,ICOM3,0,94.5,FINESTEERING,2427,544322.276,00000000,0000,797;2427,544322.275976000,1af80032,1163690,291507,-518552,-19940,-505,-18370*ffb9b427
#INSPVAXA,ICOM3,0,94.5,FINESTEERING,2427,544322.290,00000000,0113,797;WAITING_AZIMUTH,NONE,0.00000000000,0.00000000000,0.0000,0.0000,0.0000,0.0000,0.0000,0.000000000,0.000000000,-0.000000000,0.0000,0.0000,0.0000,0.0000,0.0000,0.0000,0.0000,0.0000,0.0000,00000000,544323*fe53372d
#RAWIMUA,ICOM3,0,94.5,FINESTEERING,2427,544322.286,00000000,0000,797;2427,544322.285968000,1af80033,1162806,293600,-518937,-23842,512,-16102*fdfc7422
#INSPVAXA,ICOM3,0,94.5,FINESTEERING,2427,544322.300,00000000,011d,797;WAITING_AZIMUTH,NONE,0.00000000000,0.00000000000,0.0000,0.0000,0.0000,0.0000,0.0000,0.000000000,0.000000000,-0.000000000,0.0000,0.0000,0.0000,0.0000,0.0000,0.0000,0.0000,0.0000,0.0000,00000000,544323*147e9f7d
#RAWIMUA,ICOM3,0,94.5,FINESTEERING,2427,544322.296,00000000,0000,797;2427,544322.295961000,1af50034,1162676,292257,-519019,-18957,-834,-18141*a8da5ef5
#INSPVAXA,ICOM3,0,94.5,FINESTEERING,2427,544322.310,00000000,0127,797;WAITING_AZIMUTH,NONE,0.00000000000,0.00000000000,0.0000,0.0000,0.0000,0.0000,0.0000,0.000000000,0.000000000,-0.000000000,0.0000,0.0000,0.0000,0.0000,0.0000,0.0000,0.0000,0.0000,0.0000,00000000,544323*796bd8aa
#RAWIMUA,ICOM3,0,94.5,FINESTEERING,2427,544322.306,00000000,0000,797;2427,544322.305972000,1af60035,1162087,292026,-519213,-24334,-3701,-15464*277a5a27
#INSPVAXA,ICOM3,0,94.5,FINESTEERING,2427,544322.320,00000000,0131,797;WAITING_AZIMUTH,NONE,0.00000000000,0.00000000000,0.0000,0.0000,0.0000,0.0000,0.0000,0.000000000,0.000000000,-0.000000000,0.0000,0.0000,0.0000,0.0000,0.0000,0.0000,0.0000,0.0000,0.0000,00000000,544323*f0fd3810
#RAWIMUA,ICOM3,0,94.5,FINESTEERING,2427,544322.316,00000000,0000,797;2427,544322.316031000,1af70036,1163353,292232,-520988,-16760,6804,-23460*765d1bd9
#INSPVAXA,ICOM3,0,94.5,FINESTEERING,2427,544322.330,00000000,013c,797;WAITING_AZIMUTH,NONE,0.00000000000,0.00000000000,0.0000,0.0000,0.0000,0.0000,0.0000,0.000000000,0.000000000,-0.000000000,0.0000,0.0000,0.0000,0.0000,0.0000,0.0000,0.0000,0.0000,0.0000,00000000,544323*a270d818
#RAWIMUA,ICOM3,0,94.5,FINESTEERING,2427,544322.326,00000000,0000,797;2427,544322.325971000,1af40037,1162387,291923,-519606,-15252,-633,-22638*2f8932d9
#INSPVAXA,ICOM3,0,94.5,FINESTEERING,2427,544322.340,00000000,0145,797;WAITING_AZIMUTH,NONE,0.00000000000,0.00000000000,0.0000,0.0000,0.0000,0.0000,0.0000,0.000000000,0.000000000,-0.000000000,0.0000,0.0000,0.0000,0.0000,0.0000,0.0000,0.0000,0.0000,0.0000,00000000,544323*3e6b97a8
#RAWIMUA,ICOM3,0,94.5,FINESTEERING,2427,544322.336,00000000,0000,797;2427,544322.335962000,1af30038,1162541,292261,-518626,-23941,-1726,-16244*c182cd00
#INSPVAXA,ICOM3,0,94.5,FINESTEERING,2427,544322.350,00000000,014f,797;WAITING_AZIMUTH,NONE,0.00000000000,0.00000000000,0.0000,0.0000,0.0000,0.0000,0.0000,0.000000000,0.000000000,-0.000000000,0.0000,0.0000,0.0000,0.0000,0.0000,0.0000,0.0000,0.0000,0.0000,00000000,544323*f0bd4c41
#RAWIMUA,ICOM3,0,94.5,FINESTEERING,2427,544322.346,00000000,0000,797;2427,544322.345955000,1af60039,1162716,292838,-519715,-26006,1662,-15114*b1995381
#INSPVAXA,ICOM3,0,94.5,FINESTEERING,2427,544322.360,00000000,0159,797;WAITING_AZIMUTH,NONE,0.00000000000,0.00000000000,0.0000,0.0000,0.0000,0.0000,0.0000,0.000000000,0.000000000,-0.000000000,0.0000,0.0000,0.0000,0.0000,0.0000,0.0000,0.0000,0.0000,0.0000,00000000,544323*bbff9ab9
#RAWIMUA,ICOM3,0,94.5,FINESTEERING,2427,544322.356,00000000,0000,797;2427,544322.355947000,1af7003a,1163886,292817,-518502,-9285,2432,-17069*513dc21d
#INSPVAXA,ICOM3,0,94.5,FINESTEERING,2427,544322.370,00000000,0163,797;WAITING_AZIMUTH,NONE,0.00000000000,0.00000000000,0.0000,0.0000,0.0000,0.0000,0.0000,0.000000000,0.000000000,-0.000000000,0.0000,0.0000,0.0000,0.0000,0.0000,0.0000,0.0000,0.0000,0.0000,00000000,544323*143eeb2c
#RAWIMUA,ICOM3,0,94.5,FINESTEERING,2427,544322.366,00000000,0000,797;2427,544322.365969000,1af4003b,1161503,294113,-520057,-15580,-798,-12259*0e18451e
#INSPVAXA,ICOM3,0,94.5,FINESTEERING,2427,544322.380,00000000,016d,797;WAITING_AZIMUTH,NONE,0.00000000000,0.00000000000,0.0000,0.0000,0.0000,0.0000,0.0000,0.000000000,0.000000000,-0.000000000,0.0000,0.0000,0.0000,0.0000,0.0000,0.0000,0.0000,0.0000,0.0000,00000000,544323*587e82e0
#RAWIMUA,ICOM3,0,94.5,FINESTEERING,2427,544322.376,00000000,0000,797;2427,544322.375962000,1af4003c,1163673,291980,-520100,-16531,6344,-10126*4d1fb7c0
#INSPVAXA,ICOM3,0,94.5,FINESTEERING,2427,544322.390,00000000,0177,797;WAITING_AZIMUTH,NONE,0.00000000000,0.00000000000,0.0000,0.0000,0.0000,0.0000,0.0000,0.000000000,0.000000000,-0.000000000,0.0000,0.0000,0.0000,0.0000,0.0000,0.0000,0.0000,0.0000,0.0000,00000000,544323*4139d0dc
#RAWIMUA,ICOM3,0,94.5,FINESTEERING,2427,544322.386,00000000,0000,797;2427,544322.385956000,1af4003d,1163569,291659,-519604,-13154,7531,-12122*b3f4c5d1
#INSPVAXA,ICOM3,0,94.5,FINESTEERING,2427,544322.400,00000000,0181,797;WAITING_AZIMUTH,NONE,0.00000000000,0.00000000000,0.0000,0.0000,0.0000,0.0000,0.0000,0.000000000,0.000000000,-0.000000000,0.0000,0.0000,0.0000,0.0000,0.0000,0.0000,0.0000,0.0000,0.0000,00000000,544323*922be97f
#RAWIMUA,ICOM3,0,94.5,FINESTEERING,2427,544322.396,00000000,0000,797;2427,544322.395949000,1af4003e,1163989,292779,-518961,-20793,-6464,-15179*443a550d
#INSPVAXA,ICOM3,0,94.5,FINESTEERING,2427,544322.410,00000000,018b,797;WAITING_AZIMUTH,NONE,0.00000000000,0.00000000000,0.0000,0.0000,0.0000,0.0000,0.0000,0.000000000,0.000000000,-0.000000000,0.0000,0.0000,0.0000,0.0000,0.0000,0.0000,0.0000,0.0000,0.0000,00000000,544323*5cfd3296
#RAWIMUA,ICOM3,0,94.5,FINESTEERING,2427,544322.406,00000000,0000,797;2427,544322.406009000,1af5003f,1163533,292351,-519251,-18564,-1689,-14072*162e0916
#INSPVAXA,ICOM3,0,94.5,FINESTEERING,2427,544322.420,00000000,0196,797;WAITING_AZIMUTH,NONE,0.00000000000,0.00000000000,0.0000,0.0000,0.0000,0.0000,0.0000,0.000000000,0.000000000,-0.000000000,0.0000,0.0000,0.0000,0.0000,0.0000,0.0000,0.0000,0.0000,0.0000,00000000,544323*51dc6482
#RAWIMUA,ICOM3,0,94.5,FINESTEERING,2427,544322.416,00000000,0000,797;2427,544322.416011000,1af20040,1162386,291237,-519467,-24433,-9034,-16408*b1df5c65
$GPGGA,071144.40,3109.8268670,N,12127.2280406,E,4,34,0.7,6.098,M,11.031,M,1.400,1793*4B
#BESTGNSSPOSA,ICOM3,0,94.5,FINESTEERING,2427,544322.400,03e1c002,0000,797;SOL_COMPUTED,NARROW_INT,31.16378111719,121.45380067689,6.0978,11.0314,WGS84,0.0155,0.0140,0.0277,"1793",1.400,0.014,37,34,34,34,00,00,30,37*166bf36e
#HEADINGA,ICOM3,0,94.5,FINESTEERING,2427,544322.400,00000000,0000,797;SOL_COMPUTED,NONE,0.000000000,0.000000000,0.000000000,0.0,0.000000000,0.000000000,"1793",0,0,0,0,0,00,30,37*38dad6f2
$GPGSV,2,1,05,12,18,142,26,18,50,221,44,20,15,066,39,24,69,049,44*73
$GPGSV,2,2,05,32,10,270,39,,,,,,,,,,,,*43
$GLGSV,3,1,09,70,18,070,44,72,22,303,42,73,48,104,46,74,24,161,33*68
$GLGSV,3,2,09,85,05,190,39,86,39,247,46,87,33,298,44,90,00,000,35*63
$GLGSV,3,3,09,91,00,000,30,,,,,,,,,,,,*57
$GAGSV,2,1,06,03,24,264,46,05,63,319,32,11,09,161,38,31,13,075,41*63
$GAGSV,2,2,06,34,54,291,44,36,51,190,49,,,,,,,,*66
$GQGSV,1,1,02,03,44,169,44,07,53,169,40,,,,,,,,*7C
$GBGSV,4,1,15,01,48,147,49,02,35,242,46,03,55,202,49,04,37,120,42*61
$GBGSV,4,2,15,06,69,040,45,07,57,190,49,10,46,191,45,11,24,271,46*6E
$GBGSV,4,3,15,12,11,294,45,20,28,304,44,23,49,089,49,27,00,000,30*6C
$GBGSV,4,4,15,30,24,240,42,37,38,167,48,41,24,084,47,,,,*55
$GPGSA,M,3,12,18,20,24,32,,,,,,,,1.4,0.7,1.2,1*2D
#INSPVAXA,ICOM3,0,94.5,FINESTEERING,2427,544322.430,00000000,01a0,797;WAITING_AZIMUTH,NONE,0.00000000000,0.00000000000,0.0000,0.0000,0.0000,0.0000,0.0000,0.000000000,0.000000000,-0.000000000,0.0000,0.0000,0.0000,0.0000,0.0000,0.0000,0.0000,0.0000,0.0000,00000000,544323*375fdbbf
#RAWIMUA,ICOM3,0,94.5,FINESTEERING,2427,544322.426,00000000,0000,797;2427,544322.425959000,1af20041,1162155,292744,-519451,-14761,5160,-15485*0e0a09ec
#INSPVAXA,ICOM3,0,94.5,FINESTEERING,2427,544322.440,00000000,01a9,797;WAITING_AZIMUTH,NONE,0.00000000000,0.00000000000,0.0000,0.0000,0.0000,0.0000,0.0000,0.000000000,0.000000000,-0.000000000,0.0000,0.0000,0.0000,0.0000,0.0000,0.0000,0.0000,0.0000,0.0000,00000000,544323*ddcf8161
#RAWIMUA,ICOM3,0,94.5,FINESTEERING,2427,544322.436,00000000,0000,797;2427,544322.435949000,1af80042,1163437,294050,-519599,-23974,-4162,-17044*f7f22f97
#INSPVAXA,ICOM3,0,94.5,FINESTEERING,2427,544322.450,00000000,01b3,797;WAITING_AZIMUTH,NONE,0.00000000000,0.00000000000,0.0000,0.0000,0.0000,0.0000,0.0000,0.000000000,0.000000000,-0.000000000,0.0000,0.0000,0.0000,0.0000,0.0000,0.0000,0.0000,0.0000,0.0000,00000000,544323*720ef0f4
#RAWIMUA,ICOM3,0,94.5,FINESTEERING,2427,544322.446,00000000,0000,797;2427,544322.445972000,1af30043,1163928,291989,-519345,-19482,-2776,-5866*a6e055b2
#INSPVAXA,ICOM3,0,94.5,FINESTEERING,2427,544322.460,00000000,01bd,797;WAITING_AZIMUTH,NONE,0.00000000000,0.00000000000,0.0000,0.0000,0.0000,0.0000,0.0000,0.000000000,0.000000000,-0.000000000,0.0000,0.0000,0.0000,0.0000,0.0000,0.0000,0.0000,0.0000,0.0000,00000000,544323*d7226557
#RAWIMUA,ICOM3,0,94.5,FINESTEERING,2427,544322.456,00000000,0000,797;2427,544322.455963000,1af30044,1161669,292278,-520102,-23777,4495,-12045*66b9e811
#INSPVAXA,ICOM3,0,94.5,FINESTEERING,2427,544322.470,00000000,01c7,797;WAITING_AZIMUTH,NONE,0.00000000000,0.00000000000,0.0000,0.0000,0.0000,0.0000,0.0000,0.000000000,0.000000000,-0.000000000,0.0000,0.0000,0.0000,0.0000,0.0000,0.0000,0.0000,0.0000,0.0000,00000000,544323*ce65376b
#RAWIMUA,ICOM3,0,94.5,FINESTEERING,2427,544322.466,00000000,0000,797;2427,544322.465956000,1af20045,1164153,291340,-518780,-29154,9724,-16034*9415edb5
#INSPVAXA,ICOM3,0,94.5,FINESTEERING,2427,544322.480,00000000,01d1,797;WAITING_AZIMUTH,NONE,0.00000000000,0.00000000000,0.0000,0.0000,0.0000,0.0000,0.0000,0.000000000,0.000000000,-0.000000000,0.0000,0.0000,0.0000,0.0000,0.0000,0.0000,0.0000,0.0000,0.0000,00000000,544323*32691583
#RAWIMUA,ICOM3,0,94.5,FINESTEERING,2427,544322.476,00000000,0000,797;2427,544322.475948000,1af20046,1162779,293201,-519424,-17974,5915,-15385*4d765df7
#INSPVAXA,ICOM3,0,94.5,FINESTEERING,2427,544322.490,00000000,01db,797;WAITING_AZIMUTH,NONE,0.00000000000,0.00000000000,0.0000,0.0000,0.0000,0.0000,0.0000,0.000000000,0.000000000,-0.000000000,0.0000,0.0000,0.0000,0.0000,0.0000,0.0000,0.0000,0.0000,0.0000,00000000,544323*fcbfce6a
#RAWIMUA,ICOM3,0,94.5,FINESTEERING,2427,544322.486,00000000,0000,797;2427,544322.485972000,1afc0047,1164531,292760,-520536,-14794,-3694,-18152*2a82a235
#INSPVAXA,ICOM3,0,94.5,FINESTEERING,2427,544322.500,00000000,01e5,797;WAITING_AZIMUTH,NONE,0.00000000000,0.00000000000,0.0000,0.0000,0.0000,0.0000,0.0000,0.000000000,0.000000000,-0.000000000,0.0000,0.0000,0.0000,0.0000,0.0000,0.0000,0.0000,0.0000,0.0000,00000000,544323*c103efef
#RAWIMUA,ICOM3,0,94.5,FINESTEERING,2427,544322.496,00000000,0000,797;2427,544322.495963000,1afd0048,1162524,292407,-520169,-23974,-2813,-12440*a42e1ff6
#INSPVAXA,ICOM3,0,94.5,FINESTEERING,2427,544322.510,00000000,01ef,797;WAITING_AZIMUTH,NONE,0.00000000000,0.00000000000,0.0000,0.0000,0.0000,0.0000,0.0000,0.000000000,0.000000000,-0.000000000,0.0000,0.0000,0.0000,0.0000,0.0000,0.0000,0.0000,0.0000,0.0000,00000000,544323*0fd53406
#RAWIMUA,ICOM3,0,94.5,FINESTEERING,2427,544322.506,00000000,0000,797;2427,544322.505991000,1af40049,1162697,292042,-517770,-14729,683,-15604*937023ba
#INSPVAXA,ICOM3,0,94.5,FINESTEERING,2427,544322.520,00000000,01f9,797;WAITING_AZIMUTH,NONE,0.00000000000,0.00000000000,0.0000,0.0000,0.0000,0.0000,0.0000,0.000000000,0.000000000,-0.000000000,0.0000,0.0000,0.0000,0.0000,0.0000,0.0000,0.0000,0.0000,0.0000,00000000,544323*30c5f715
#RAWIMUA,ICOM3,0,94.5,FINESTEERING,2427,544322.516,00000000,0000,797;2427,544322.516009000,1af9004a,1162909,292384,-519316,-21023,-671,-10950*189b0a62
#INSPVAXA,ICOM3,0,94.5,FINESTEERING,2427,544322.530,00000000,0204,797;WAITING_AZIMUTH,NONE,0.00000000000,0.00000000000,0.0000,0.0000,0.0000,0.0000,0.0000,0.000000000,0.000000000,-0.000000000,0.0000,0.0000,0.0000,0.0000,0.0000,0.0000,0.0000,0.0000,0.0000,00000000,544323*47287923
#RAWIMUA,ICOM3,0,94.5,FINESTEERING,2427,544322.526,00000000,0000,797;2427,544322.525943000,1af2004b,1162017,293962,-518875,-28269,410,-15713*26781b1e
#INSPVAXA,ICOM3,0,94.5,FINESTEERING,2427,544322.540,00000000,020d,797;WAITING_AZIMUTH,NONE,0.00000000000,0.00000000000,0.0000,0.0000,0.0000,0.0000,0.0000,0.000000000,0.000000000,-0.000000000,0.0000,0.0000,0.0000,0.0000,0.0000,0.0000,0.0000,0.0000,0.0000,00000000,544323*6f6c15bf
#RAWIMUA,ICOM3,0,94.5,FINESTEERING,2427,544322.536,00000000,0000,797;2427,544322.535966000,1af4004c,1164917,292441,-519712,-16663,2426,-14711*4c547a0b
#INSPVAXA,ICOM3,0,94.5,FINESTEERING,2427,544322.550,00000000,0217,797;WAITING_AZIMUTH,NONE,0.00000000000,0.00000000000,0.0000,0.0000,0.0000,0.0000,0.0000,0.000000000,0.000000000,-0.000000000,0.0000,0.0000,0.0000,0.0000,0.0000,0.0000,0.0000,0.0000,0.0000,00000000,544323*762b4783
#RAWIMUA,ICOM3,0,94.5,FINESTEERING,2427,544322.546,00000000,0000,797;2427,544322.545958000,1af6004d,1162613,292156,-519215,-19450,-2579,-16115*2f9cd0c3
#INSPVAXA,ICOM3,0,94.5,FINESTEERING,2427,544322.560,00000000,0221,797;WAITING_AZIMUTH,NONE,0.00000000000,0.00000000000,0.0000,0.0000,0.0000,0.0000,0.0000,0.000000000,0.000000000,-0.000000000,0.0000,0.0000,0.0000,0.0000,0.0000,0.0000,0.0000,0.0000,0.0000,00000000,544323*8befb2d2
#RAWIMUA,ICOM3,0,94.5,FINESTEERING,2427,544322.556,00000000,0000,797;2427,544322.555951000,1af6004e,1162556,292441,-520039,-18761,-1393,-14368*ca12dd32
#INSPVAXA,ICOM3,0,94.5,FINESTEERING,2427,544322.570,00000000,022b,797;WAITING_AZIMUTH,NONE,0.00000000000,0.00000000000,0.0000,0.0000,0.0000,0.0000,0.0000,0.000000000,0.000000000,-0.000000000,0.0000,0.0000,0.0000,0.0000,0.0000,0.0000,0.0000,0.0000,0.0000,00000000,544323*4539693b
#RAWIMUA,ICOM3,0,94.5,FINESTEERING,2427,544322.566,00000000,0000,797;2427,544322.565943000,1af0004f,1162971,290228,-518799,-9745,-991,-12060*43bf7971
#INSPVAXA,ICOM3,0,94.5,FINESTEERING,2427,544322.580,00000000,0235,797;WAITING_AZIMUTH,NONE,0.00000000000,0.00000000000,0.0000,0.0000,0.0000,0.0000,0.0000,0.000000000,0.000000000,-0.000000000,0.0000,0.0000,0.0000,0.0000,0.0000,0.0000,0.0000,0.0000,0.0000,00000000,544323*dee88922
#RAWIMUA,ICOM3,0,94.5,FINESTEERING,2427,544322.576,00000000,0000,797;2427,544322.575966000,1af00050,1162442,292001,-518557,-15745,-6723,-14652*3249eacd
#INSPVAXA,ICOM3,0,94.5,FINESTEERING,2427,544322.590,00000000,023f,797;WAITING_AZIMUTH,NONE,0.00000000000,0.00000000000,0.0000,0.0000,0.0000,0.0000,0.0000,0.000000000,0.000000000,-0.000000000,0.0000,0.0000,0.0000,0.0000,0.0000,0.0000,0.0000,0.0000,0.0000,00000000,544323*103e52cb
#RAWIMUA,ICOM3,0,94.5,FINESTEERING,2427,544322.586,00000000,0000,797;2427,544322.585958000,1aee0051,1162545,291407,-518911,-18991,-1624,-10888*4a3b5f42
#INSPVAXA,ICOM3,0,94.5,FINESTEERING,2427,544322.600,00000000,0249,797;WAITING_AZIMUTH,NONE,0.00000000000,0.00000000000,0.0000,0.0000,0.0000,0.0000,0.0000,0.000000000,0.000000000,-0.000000000,0.0000,0.0000,0.0000,0.0000,0.0000,0.0000,0.0000,0.0000,0.0000,00000000,544323*f64dfeeb
#RAWIMUA,ICOM3,0,94.5,FINESTEERING,2427,544322.596,00000000,0000,797;2427,544322.595952000,1af10052,1163264,292096,-518657,-13975,3712,-11681*67c84ca1
#INSPVAXA,ICOM3,0,94.5,FINESTEERING,2427,544322.610,00000000,0253,797;WAITING_AZIMUTH,NONE,0.00000000000,0.00000000000,0.0000,0.0000,0.0000,0.0000,0.0000,0.000000000,0.000000000,-0.000000000,0.0000,0.0000,0.0000,0.0000,0.0000,0.0000,0.0000,0.0000,0.0000,00000000,544323*2dde9a95
#RAWIMUA,ICOM3,0,94.5,FINESTEERING,2427,544322.606,00000000,0000,797;2427,544322.605984000,1af40053,1162873,291570,-518913,-16827,616,-23982*39d428df
#INSPVAXA,ICOM3,0,94.5,FINESTEERING,2427,544322.620,00000000,025d,797;WAITING_AZIMUTH,NONE,0.00000000000,0.00000000000,0.0000,0.0000,0.0000,0.0000,0.0000,0.000000000,0.000000000,-0.000000000,0.0000,0.0000,0.0000,0.0000,0.0000,0.0000,0.0000,0.0000,0.0000,00000000,544323*88f20f36
#RAWIMUA,ICOM3,0,94.5,FINESTEERING,2427,544322.616,00000000,0000,797;2427,544322.616018000,1af30054,1162355,291857,-519671,-16958,-3202,-15327*0e160e81
$GPGGA,071144.60,3109.8268659,N,12127.2280404,E,4,34,0.7,6.097,M,11.031,M,1.600,1793*4D
#BESTGNSSPOSA,ICOM3,0,94.5,FINESTEERING,2427,544322.600,03e1c002,0000,797;SOL_COMPUTED,NARROW_INT,31.16378109882,121.45380067384,6.0971,11.0314,WGS84,0.0162,0.0146,0.0283,"1793",1.600,0.014,37,34,34,34,00,00,30,37*7dd46976
#HEADINGA,ICOM3,0,94.5,FINESTEERING,2427,544322.600,00000000,0000,797;SOL_COMPUTED,NONE,0.000000000,0.000000000,0.000000000,0.0,0.000000000,0.000000000,"1793",0,0,0,0,0,00,30,37*9c6ced75
$GPGSV,2,1,05,12,18,142,25,18,50,221,44,20,15,066,39,24,69,049,44*70
$GPGSV,2,2,05,32,10,270,39,,,,,,,,,,,,*43
$GLGSV,3,1,09,70,18,070,44,72,22,303,42,73,48,104,46,74,24,161,33*68
$GLGSV,3,2,09,85,05,190,39,86,39,247,46,87,33,298,44,90,00,000,35*63
$GLGSV,3,3,09,91,00,000,30,,,,,,,,,,,,*57
$GAGSV,2,1,06,03,24,264,46,05,63,319,31,11,09,161,38,31,13,075,41*60
$GAGSV,2,2,06,34,54,291,43,36,51,190,49,,,,,,,,*61
$GQGSV,1,1,02,03,44,169,44,07,53,169,40,,,,,,,,*7C
$GBGSV,4,1,15,01,48,147,49,02,35,242,46,03,55,202,49,04,37,120,42*61
$GBGSV,4,2,15,06,69,040,45,07,57,190,49,10,46,191,45,11,24,271,46*6E
$GBGSV,4,3,15,12,11,294,45,20,28,304,44,23,49,089,49,27,00,000,31*6D
$GBGSV,4,4,15,30,24,240,42,37,38,167,48,41,24,084,47,,,,*55
$GPGSA,M,3,12,18,20,24,32,,,,,,,,1.4,0.7,1.2,1*2D
#INSPVAXA,ICOM3,0,94.5,FINESTEERING,2427,544322.630,00000000,0268,797;WAITING_AZIMUTH,NONE,0.00000000000,0.00000000000,0.0000,0.0000,0.0000,0.0000,0.0000,0.000000000,0.000000000,-0.000000000,0.0000,0.0000,0.0000,0.0000,0.0000,0.0000,0.0000,0.0000,0.0000,00000000,544323*bf7b2d4a
#RAWIMUA,ICOM3,0,94.5,FINESTEERING,2427,544322.626,00000000,0000,797;2427,544322.625962000,1af20055,1162155,290847,-519265,-19122,-1460,-17653*13f9596b
#INSPVAXA,ICOM3,0,94.5,FINESTEERING,2427,544322.640,00000000,0271,797;WAITING_AZIMUTH,NONE,0.00000000000,0.00000000000,0.0000,0.0000,0.0000,0.0000,0.0000,0.000000000,0.000000000,-0.000000000,0.0000,0.0000,0.0000,0.0000,0.0000,0.0000,0.0000,0.0000,0.0000,00000000,544323*827afe41
#RAWIMUA,ICOM3,0,94.5,FINESTEERING,2427,544322.636,00000000,0000,797;2427,544322.635951000,1af20056,1163925,292648,-519025,-23319,1565,-7362*6d00d6d1
#INSPVAXA,ICOM3,0,94.5,FINESTEERING,2427,544322.650,00000000,027b,797;WAITING_AZIMUTH,NONE,0.00000000000,0.00000000000,0.0000,0.0000,0.0000,0.0000,0.0000,0.000000000,0.000000000,-0.000000000,0.0000,0.0000,0.0000,0.0000,0.0000,0.0000,0.0000,0.0000,0.0000,00000000,544323*4cac25a8
#RAWIMUA,ICOM3,0,94.5,FINESTEERING,2427,544322.646,00000000,0000,797;2427,544322.645943000,1af40057,1163693,290294,-518702,-25909,-2979,-14282*f6c0075b
#INSPVAXA,ICOM3,0,94.5,FINESTEERING,2427,544322.660,00000000,0285,797;WAITING_AZIMUTH,NONE,0.00000000000,0.00000000000,0.0000,0.0000,0.0000,0.0000,0.0000,0.000000000,0.000000000,-0.000000000,0.0000,0.0000,0.0000,0.0000,0.0000,0.0000,0.0000,0.0000,0.0000,00000000,544323*a8de560e
#RAWIMUA,ICOM3,0,94.5,FINESTEERING,2427,544322.656,00000000,0000,797;2427,544322.655966000,1af60058,1162549,293202,-519457,-16663,1373,-14125*fd13dbe5
#INSPVAXA,ICOM3,0,94.5,FINESTEERING,2427,544322.670,00000000,028f,797;WAITING_AZIMUTH,NONE,0.00000000000,0.00000000000,0.0000,0.0000,0.0000,0.0000,0.0000,0.000000000,0.000000000,-0.000000000,0.0000,0.0000,0.0000,0.0000,0.0000,0.0000,0.0000,0.0000,0.0000,00000000,544323*66088de7
#RAWIMUA,ICOM3,0,94.5,FINESTEERING,2427,544322.666,00000000,0000,797;2427,544322.665958000,1af40059,1163534,292579,-519319,-20467,-2152,-12796*7926fe4e
#INSPVAXA,ICOM3,0,94.5,FINESTEERING,2427,544322.680,00000000,0299,797;WAITING_AZIMUTH,NONE,0.00000000000,0.00000000000,0.0000,0.0000,0.0000,0.0000,0.0000,0.000000000,0.000000000,-0.000000000,0.0000,0.0000,0.0000,0.0000,0.0000,0.0000,0.0000,0.0000,0.0000,00000000,544323*c426a770
#RAWIMUA,ICOM3,0,94.5,FINESTEERING,2427,544322.676,00000000,0000,797;2427,544322.675950000,1af2005a,1163109,292218,-519511,-13418,3383,-11420*cae866d5
#INSPVAXA,ICOM3,0,94.5,FINESTEERING,2427,544322.690,00000000,02a3,797;WAITING_AZIMUTH,NONE,0.00000000000,0.00000000000,0.0000,0.0000,0.0000,0.0000,0.0000,0.000000000,0.000000000,-0.000000000,0.0000,0.0000,0.0000,0.0000,0.0000,0.0000,0.0000,0.0000,0.0000,00000000,544323*87a53784
#RAWIMUA,ICOM3,0,94.5,FINESTEERING,2427,544322.686,00000000,0000,797;2427,544322.685942000,1af4005b,1163533,291434,-519207,-16172,-3268,-2550*e4a6ac7f
#INSPVAXA,ICOM3,0,94.5,FINESTEERING,2427,544322.700,00000000,02ad,797;WAITING_AZIMUTH,NONE,0.00000000000,0.00000000000,0.0000,0.0000,0.0000,0.0000,0.0000,0.000000000,0.000000000,-0.000000000,0.0000,0.0000,0.0000,0.0000,0.0000,0.0000,0.0000,0.0000,0.0000,00000000,544323*6d889fd4
#RAWIMUA,ICOM3,0,94.5,FINESTEERING,2427,544322.696,00000000,0000,797;2427,544322.695936000,1af8005c,1162153,292190,-519182,-17090,-174,-12588*9b02ac02
#INSPVAXA,ICOM3,0,94.5,FINESTEERING,2427,544322.710,00000000,02b7,797;WAITING_AZIMUTH,NONE,0.00000000000,0.00000000000,0.0000,0.0000,0.0000,0.0000,0.0000,0.000000000,0.000000000,-0.000000000,0.0000,0.0000,0.0000,0.0000,0.0000,0.0000,0.0000,0.0000,0.0000,00000000,544323*009dd803
#RAWIMUA,ICOM3,0,94.5,FINESTEERING,2427,544322.706,00000000,0000,797;2427,544322.705973000,1af8005d,1163741,290931,-520186,-21680,546,-21391*9c757c00
#INSPVAXA,ICOM3,0,94.5,FINESTEERING,2427,544322.720,00000000,02c1,797;WAITING_AZIMUTH,NONE,0.00000000000,0.00000000000,0.0000,0.0000,0.0000,0.0000,0.0000,0.000000000,0.000000000,-0.000000000,0.0000,0.0000,0.0000,0.0000,0.0000,0.0000,0.0000,0.0000,0.0000,00000000,544323*890b38b9
#RAWIMUA,ICOM3,0,94.5,FINESTEERING,2427,544322.716,00000000,0000,797;2427,544322.716022000,1af3005e,1162440,291644,-518258,-22237,-5577,-18758*d99ca314
#INSPVAXA,ICOM3,0,94.5,FINESTEERING,2427,544322.730,00000000,02cc,797;WAITING_AZIMUTH,NONE,0.00000000000,0.00000000000,0.0000,0.0000,0.0000,0.0000,0.0000,0.000000000,0.000000000,-0.000000000,0.0000,0.0000,0.0000,0.0000,0.0000,0.0000,0.0000,0.0000,0.0000,00000000,544323*db86d8b1
#RAWIMUA,ICOM3,0,94.5,FINESTEERING,2427,544322.726,00000000,0000,797;2427,544322.725956000,1af0005f,1163503,292478,-519548,-18467,-3500,-17465*4f140450
#INSPVAXA,ICOM3,0,94.5,FINESTEERING,2427,544322.740,00000000,02d5,797;WAITING_AZIMUTH,NONE,0.00000000000,0.00000000000,0.0000,0.0000,0.0000,0.0000,0.0000,0.000000000,0.000000000,-0.000000000,0.0000,0.0000,0.0000,0.0000,0.0000,0.0000,0.0000,0.0000,0.0000,00000000,544323*479d9701
#RAWIMUA,ICOM3,0,94.5,FINESTEERING,2427,544322.736,00000000,0000,797;2427,544322.735939000,1af30060,1163434,291894,-519114,-20467,810,-15050*2731b39a
#INSPVAXA,ICOM3,0,94.5,FINESTEERING,2427,544322.750,00000000,02df,797;WAITING_AZIMUTH,NONE,0.00000000000,0.00000000000,0.0000,0.0000,0.0000,0.0000,0.0000,0.000000000,0.000000000,-0.000000000,0.0000,0.0000,0.0000,0.0000,0.0000,0.0000,0.0000,0.0000,0.0000,00000000,544323*894b4ce8
#RAWIMUA,ICOM3,0,94.5,FINESTEERING,2427,544322.746,00000000,0000,797;2427,544322.745962000,1af50061,1163687,291544,-518192,-19450,-78,-15612*84c85205
#INSPVAXA,ICOM3,0,94.5,FINESTEERING,2427,544322.760,00000000,02e9,797;WAITING_AZIMUTH,NONE,0.00000000000,0.00000000000,0.0000,0.0000,0.0000,0.0000,0.0000,0.000000000,0.000000000,-0.000000000,0.0000,0.0000,0.0000,0.0000,0.0000,0.0000,0.0000,0.0000,0.0000,00000000,544323*c2099a10
#RAWIMUA,ICOM3,0,94.5,FINESTEERING,2427,544322.756,00000000,0000,797;2427,544322.755963000,1af80062,1164428,291752,-519966,-17418,-5375,-15897*59006673
#INSPVAXA,ICOM3,0,94.5,FINESTEERING,2427,544322.770,00000000,02f3,797;WAITING_AZIMUTH,NONE,0.00000000000,0.00000000000,0.0000,0.0000,0.0000,0.0000,0.0000,0.000000000,0.000000000,-0.000000000,0.0000,0.0000,0.0000,0.0000,0.0000,0.0000,0.0000,0.0000,0.0000,00000000,544323*6dc8eb85
#RAWIMUA,ICOM3,0,94.5,FINESTEERING,2427,544322.766,00000000,0000,797;2427,544322.765946000,1afa0063,1163406,290874,-519529,-12238,-7675,-15016*0d6b1074
#INSPVAXA,ICOM3,0,94.5,FINESTEERING,2427,544322.780,00000000,02fd,797;WAITING_AZIMUTH,NONE,0.00000000000,0.00000000000,0.0000,0.0000,0.0000,0.0000,0.0000,0.000000000,0.000000000,-0.000000000,0.0000,0.0000,0.0000,0.0000,0.0000,0.0000,0.0000,0.0000,0.0000,00000000,544323*21888249
#RAWIMUA,ICOM3,0,94.5,FINESTEERING,2427,544322.776,00000000,0000,797;2427,544322.775956000,1af50064,1163466,292583,-519057,-18500,-1690,-9115*6b498f4a
#INSPVAXA,ICOM3,0,94.5,FINESTEERING,2427,544322.790,00000000,0307,797;WAITING_AZIMUTH,NONE,0.00000000000,0.00000000000,0.0000,0.0000,0.0000,0.0000,0.0000,0.000000000,0.000000000,-0.000000000,0.0000,0.0000,0.0000,0.0000,0.0000,0.0000,0.0000,0.0000,0.0000,00000000,544323*c07efcfd
#RAWIMUA,ICOM3,0,94.5,FINESTEERING,2427,544322.786,00000000,0000,797;2427,544322.785963000,1af20065,1163820,291771,-518359,-20270,-4588,-11034*450c94af
#INSPVAXA,ICOM3,0,94.5,FINESTEERING,2427,544322.800,00000000,0311,797;WAITING_AZIMUTH,NONE,0.00000000000,0.00000000000,0.0000,0.0000,0.0000,0.0000,0.0000,0.000000000,0.000000000,-0.000000000,0.0000,0.0000,0.0000,0.0000,0.0000,0.0000,0.0000,0.0000,0.0000,00000000,544323*a5cb4897
#RAWIMUA,ICOM3,0,94.5,FINESTEERING,2427,544322.796,00000000,0000,797;2427,544322.795954000,1af20066,1162968,292883,-518600,-18795,-867,-13940*71948ba6
#INSPVAXA,ICOM3,0,94.5,FINESTEERING,2427,544322.810,00000000,031b,797;WAITING_AZIMUTH,NONE,0.00000000000,0.00000000000,0.0000,0.0000,0.0000,0.0000,0.0000,0.000000000,0.000000000,-0.000000000,0.0000,0.0000,0.0000,0.0000,0.0000,0.0000,0.0000,0.0000,0.0000,00000000,544323*6b1d937e
#RAWIMUA,ICOM3,0,94.5,FINESTEERING,2427,544322.806,00000000,0000,797;2427,544322.805981000,1af20067,1162944,293594,-519462,-15779,4007,-13982*bc221ffe
#INSPVAXA,ICOM3,0,94.5,FINESTEERING,2427,544322.820,00000000,0325,797;WAITING_AZIMUTH,NONE,0.00000000000,0.00000000000,0.0000,0.0000,0.0000,0.0000,0.0000,0.000000000,0.000000000,-0.000000000,0.0000,0.0000,0.0000,0.0000,0.0000,0.0000,0.0000,0.0000,0.0000,00000000,544323*6df29ae3
#RAWIMUA,ICOM3,0,94.5,FINESTEERING,2427,544322.816,00000000,0000,797;2427,544322.816007000,1af50068,1162921,291226,-520320,-22664,-8013,-15157*ccbaa07e
$GPGGA,071144.80,3109.8268677,N,12127.2280412,E,4,34,0.7,6.105,M,11.031,M,0.800,1793*4D
#BESTGNSSPOSA,ICOM3,0,94.5,FINESTEERING,2427,544322.800,c3e1c002,0000,797;SOL_COMPUTED,NARROW_INT,31.16378112813,121.45380068675,6.1051,11.0314,WGS84,0.0172,0.0156,0.0291,"1793",0.800,0.015,37,34,34,34,00,00,30,37*3deae35c
#HEADINGA,ICOM3,0,94.5,FINESTEERING,2427,544322.800,00000000,0000,797;SOL_COMPUTED,NONE,0.000000000,0.000000000,0.000000000,0.0,0.000000000,0.000000000,"1793",0,0,0,0,0,00,30,37*558c4362
$GPGSV,2,1,05,12,00,000,25,18,50,221,44,20,15,066,39,24,69,049,44*7E
$GPGSV,2,2,05,32,10,270,39,,,,,,,,,,,,*43
$GLGSV,3,1,09,70,18,070,44,72,22,303,42,73,48,104,46,74,24,161,34*6F
$GLGSV,3,2,09,85,05,190,39,86,39,247,46,87,33,298,44,90,00,000,35*63
$GLGSV,3,3,09,91,00,000,31,,,,,,,,,,,,*56
$GAGSV,2,1,06,03,24,264,46,05,63,319,31,11,09,161,38,31,13,075,41*60
$GAGSV,2,2,06,34,54,291,43,36,51,190,49,,,,,,,,*61
$GQGSV,1,1,02,03,44,169,44,07,53,169,40,,,,,,,,*7C
$GBGSV,4,1,15,01,48,147,49,02,35,242,46,03,55,202,48,04,37,120,42*60
$GBGSV,4,2,15,06,69,040,45,07,57,190,49,10,46,191,45,11,24,271,46*6E
$GBGSV,4,3,15,12,11,294,45,20,28,304,44,23,49,089,49,27,00,000,31*6D
$GBGSV,4,4,15,30,24,240,42,37,38,167,48,41,24,084,47,,,,*55
$GPGSA,M,3,18,20,24,32,,,,,,,,,1.4,0.7,1.2,1*2E
#INSPVAXA,ICOM3,0,94.5,FINESTEERING,2427,544322.830,00000000,0330,797;WAITING_AZIMUTH,NONE,0.00000000000,0.00000000000,0.0000,0.0000,0.0000,0.0000,0.0000,0.000000000,0.000000000,-0.000000000,0.0000,0.0000,0.0000,0.0000,0.0000,0.0000,0.0000,0.0000,0.0000,00000000,544323*ecfd9b36
#RAWIMUA,ICOM3,0,94.5,FINESTEERING,2427,544322.826,00000000,0000,797;2427,544322.825940000,1af50069,1161463,292160,-519116,-12435,7070,-16922*bd89af57
#INSPVAXA,ICOM3,0,94.5,FINESTEERING,2427,544322.840,00000000,0339,797;WAITING_AZIMUTH,NONE,0.00000000000,0.00000000000,0.0000,0.0000,0.0000,0.0000,0.0000,0.000000000,0.000000000,-0.000000000,0.0000,0.0000,0.0000,0.0000,0.0000,0.0000,0.0000,0.0000,0.0000,00000000,544323*066dc1e8
#RAWIMUA,ICOM3,0,94.5,FINESTEERING,2427,544322.836,00000000,0000,797;2427,544322.835955000,1af3006a,1162390,291332,-519763,-19582,-6233,-18103*7a8efb5d
#INSPVAXA,ICOM3,0,94.5,FINESTEERING,2427,544322.850,00000000,0343,797;WAITING_AZIMUTH,NONE,0.00000000000,0.00000000000,0.0000,0.0000,0.0000,0.0000,0.0000,0.000000000,0.000000000,-0.000000000,0.0000,0.0000,0.0000,0.0000,0.0000,0.0000,0.0000,0.0000,0.0000,00000000,544323*41089bab
#RAWIMUA,ICOM3,0,94.5,FINESTEERING,2427,544322.846,00000000,0000,797;2427,544322.845947000,1af5006b,1164585,293003,-519325,-25287,1695,-13966*d9535ecd
#INSPVAXA,ICOM3,0,94.5,FINESTEERING,2427,544322.860,00000000,034d,797;WAITING_AZIMUTH,NONE,0.00000000000,0.00000000000,0.0000,0.0000,0.0000,0.0000,0.0000,0.000000000,0.000000000,-0.000000000,0.0000,0.0000,0.0000,0.0000,0.0000,0.0000,0.0000,0.0000,0.0000,00000000,544323*e4240e08
#RAWIMUA,ICOM3,0,94.5,FINESTEERING,2427,544322.856,00000000,0000,797;2427,544322.855938000,1af5006c,1162706,291672,-518619,-21352,-3206,-10077*bc767a6c
#INSPVAXA,ICOM3,0,94.5,FINESTEERING,2427,544322.870,00000000,0357,797;WAITING_AZIMUTH,NONE,0.00000000000,0.00000000000,0.0000,0.0000,0.0000,0.0000,0.0000,0.000000000,0.000000000,-0.000000000,0.0000,0.0000,0.0000,0.0000,0.0000,0.0000,0.0000,0.0000,0.0000,00000000,544323*fd635c34
#RAWIMUA,ICOM3,0,94.5,FINESTEERING,2427,544322.866,00000000,0000,797;2427,544322.865932000,1af7006d,1162841,292061,-518984,-21385,2093,-14422*3d32768b
#INSPVAXA,ICOM3,0,94.5,FINESTEERING,2427,544322.880,00000000,0361,797;WAITING_AZIMUTH,NONE,0.00000000000,0.00000000000,0.0000,0.0000,0.0000,0.0000,0.0000,0.000000000,0.000000000,-0.000000000,0.0000,0.0000,0.0000,0.0000,0.0000,0.0000,0.0000,0.0000,0.0000,00000000,544323*e9cb550a
#RAWIMUA,ICOM3,0,94.5,FINESTEERING,2427,544322.876,00000000,0000,797;2427,544322.875957000,1afa006e,1163144,292379,-519677,-17549,4565,-15919*3dede841
#INSPVAXA,ICOM3,0,94.5,FINESTEERING,2427,544322.890,00000000,036b,797;WAITING_AZIMUTH,NONE,0.00000000000,0.00000000000,0.0000,0.0000,0.0000,0.0000,0.0000,0.000000000,0.000000000,-0.000000000,0.0000,0.0000,0.0000,0.0000,0.0000,0.0000,0.0000,0.0000,0.0000,00000000,544323*271d8ee3
#RAWIMUA,ICOM3,0,94.5,FINESTEERING,2427,544322.886,00000000,0000,797;2427,544322.885949000,1af2006f,1161730,292711,-519549,-15910,2394,-13136*6c8fad68
#INSPVAXA,ICOM3,0,94.5,FINESTEERING,2427,544322.900,00000000,0375,797;WAITING_AZIMUTH,NONE,0.00000000000,0.00000000000,0.0000,0.0000,0.0000,0.0000,0.0000,0.000000000,0.000000000,-0.000000000,0.0000,0.0000,0.0000,0.0000,0.0000,0.0000,0.0000,0.0000,0.0000,00000000,544323*1aa1af66
#RAWIMUA,ICOM3,0,94.5,FINESTEERING,2427,544322.896,00000000,0000,797;2427,544322.895941000,1af80070,1162854,291882,-520229,-23451,-10910,-13726*8ab02037
#INSPVAXA,ICOM3,0,94.5,FINESTEERING,2427,544322.910,00000000,037f,797;WAITING_AZIMUTH,NONE,0.00000000000,0.00000000000,0.0000,0.0000,0.0000,0.0000,0.0000,0.000000000,0.000000000,-0.000000000,0.0000,0.0000,0.0000,0.0000,0.0000,0.0000,0.0000,0.0000,0.0000,00000000,544323*d477748f
#RAWIMUA,ICOM3,0,94.5,FINESTEERING,2427,544322.906,00000000,0000,797;2427,544322.905966000,1af50071,1161994,292153,-519608,-26565,8507,-18700*24ed59f6
#INSPVAXA,ICOM3,0,94.5,FINESTEERING,2427,544322.920,00000000,0389,797;WAITING_AZIMUTH,NONE,0.00000000000,0.00000000000,0.0000,0.0000,0.0000,0.0000,0.0000,0.000000000,0.000000000,-0.000000000,0.0000,0.0000,0.0000,0.0000,0.0000,0.0000,0.0000,0.0000,0.0000,00000000,544323*09facda7
#RAWIMUA,ICOM3,0,94.5,FINESTEERING,2427,544322.916,00000000,0000,797;2427,544322.916002000,1af50072,1163499,293302,-519131,-20008,-4259,-18719*3aeb9acf
#INSPVAXA,ICOM3,0,94.5,FINESTEERING,2427,544322.930,00000000,0394,797;WAITING_AZIMUTH,NONE,0.00000000000,0.00000000000,0.0000,0.0000,0.0000,0.0000,0.0000,0.000000000,0.000000000,-0.000000000,0.0000,0.0000,0.0000,0.0000,0.0000,0.0000,0.0000,0.0000,0.0000,00000000,544323*b10a06fc
#RAWIMUA,ICOM3,0,94.5,FINESTEERING,2427,544322.926,00000000,0000,797;2427,544322.925951000,1af50073,1163848,292268,-517905,-16107,418,-16331*bf4b3a53
#INSPVAXA,ICOM3,0,94.5,FINESTEERING,2427,544322.940,00000000,039d,797;WAITING_AZIMUTH,NONE,0.00000000000,0.00000000000,0.0000,0.0000,0.0000,0.0000,0.0000,0.000000000,0.000000000,-0.000000000,0.0000,0.0000,0.0000,0.0000,0.0000,0.0000,0.0000,0.0000,0.0000,00000000,544323*994e6a60
#RAWIMUA,ICOM3,0,94.5,FINESTEERING,2427,544322.936,00000000,0000,797;2427,544322.935942000,1af60074,1164087,292389,-518760,-11943,2331,-18323*6c519468
#INSPVAXA,ICOM3,0,94.5,FINESTEERING,2427,544322.950,00000000,03a7,797;WAITING_AZIMUTH,NONE,0.00000000000,0.00000000000,0.0000,0.0000,0.0000,0.0000,0.0000,0.000000000,0.000000000,-0.000000000,0.0000,0.0000,0.0000,0.0000,0.0000,0.0000,0.0000,0.0000,0.0000,00000000,544323*1819ccd6
#RAWIMUA,ICOM3,0,94.5,FINESTEERING,2427,544322.946,00000000,0000,797;2427,544322.945936000,1af60075,1163110,292119,-519510,-17386,-4882,-17308*afa9ef0a
#INSPVAXA,ICOM3,0,94.5,FINESTEERING,2427,544322.960,00000000,03b1,797;WAITING_AZIMUTH,NONE,0.00000000000,0.00000000000,0.0000,0.0000,0.0000,0.0000,0.0000,0.000000000,0.000000000,-0.000000000,0.0000,0.0000,0.0000,0.0000,0.0000,0.0000,0.0000,0.0000,0.0000,00000000,544323*e5dd3987
#RAWIMUA,ICOM3,0,94.5,FINESTEERING,2427,544322.956,00000000,0000,797;2427,544322.955928000,1af40076,1162549,292385,-519316,-19090,-78,-16762*576e3466
#INSPVAXA,ICOM3,0,94.5,FINESTEERING,2427,544322.970,00000000,03bb,797;WAITING_AZIMUTH,NONE,0.00000000000,0.00000000000,0.0000,0.0000,0.0000,0.0000,0.0000,0.000000000,0.000000000,-0.000000000,0.0000,0.0000,0.0000,0.0000,0.0000,0.0000,0.0000,0.0000,0.0000,00000000,544323*2b0be26e
#RAWIMUA,ICOM3,0,94.5,FINESTEERING,2427,544322.966,00000000,0000,797;2427,544322.965951000,1af40077,1161958,291175,-519236,-12894,553,-11138*7195feed
#INSPVAXA,ICOM3,0,94.5,FINESTEERING,2427,544322.980,00000000,03c5,797;WAITING_AZIMUTH,NONE,0.00000000000,0.00000000000,0.0000,0.0000,0.0000,0.0000,0.0000,0.000000000,0.000000000,-0.000000000,0.0000,0.0000,0.0000,0.0000,0.0000,0.0000,0.0000,0.0000,0.0000,00000000,544323*b0da0277
#RAWIMUA,ICOM3,0,94.5,FINESTEERING,2427,544322.976,00000000,0000,797;2427,544322.975944000,1af20078,1163399,292715,-518927,-15812,2097,-10477*486b835d
#INSPVAXA,ICOM3,0,94.5,FINESTEERING,2427,544322.990,00000000,03cf,797;WAITING_AZIMUTH,NONE,0.00000000000,0.00000000000,0.0000,0.0000,0.0000,0.0000,0.0000,0.000000000,0.000000000,-0.000000000,0.0000,0.0000,0.0000,0.0000,0.0000,0.0000,0.0000,0.0000,0.0000,00000000,544323*7e0cd99e
#RAWIMUA,ICOM3,0,94.5,FINESTEERING,2427,544322.986,00000000,0000,797;2427,544322.985937000,1af20079,1164113,292986,-518078,-27975,-2125,-21574*6ed5b430
#INSPVAXA,ICOM3,0,94.5,FINESTEERING,2427,544323.000,00000000,03d9,797;WAITING_AZIMUTH,NONE,0.00000000000,0.00000000000,0.0000,0.0000,0.0000,0.0000,0.0000,0.000000000,0.000000000,-0.000000000,0.0000,0.0000,0.0000,0.0000,0.0000,0.0000,0.0000,0.0000,0.0000,00000000,544324*afad7976
#INSCALSTATUSA,ICOM3,0,94.5,FINESTEERING,2427,544323.000,00000000,0000,797;RBV,0.0000,0.0000,0.0000,45.0000,45.0000,45.0000,CALIBRATED,0*4c936289
#RAWIMUA,ICOM3,0,94.5,FINESTEERING,2427,544322.996,00000000,0000,797;2427,544322.995930000,1af7007a,1163047,292869,-519814,-20763,-342,-11181*a1200c28
#INSPVAXA,ICOM3,0,94.5,FINESTEERING,2427,544323.010,00000000,03e3,797;WAITING_AZIMUTH,NONE,0.00000000000,0.00000000000,0.0000,0.0000,0.0000,0.0000,0.0000,0.000000000,0.000000000,-0.000000000,0.0000,0.0000,0.0000,0.0000,0.0000,0.0000,0.0000,0.0000,0.0000,00000000,544324*743e1d08
#RAWIMUA,ICOM3,0,94.5,FINESTEERING,2427,544323.006,00000000,0000,797;2427,544323.005976625,1af4007b,1162650,291629,-519471,-23254,-344,-18902*8e82f222
#INSPVAXA,ICOM3,0,94.5,FINESTEERING,2427,544323.020,00000000,0005,797;WAITING_AZIMUTH,NONE,0.00000000000,0.00000000000,0.0000,0.0000,0.0000,0.0000,0.0000,0.000000000,0.000000000,-0.000000000,0.0000,0.0000,0.0000,0.0000,0.0000,0.0000,0.0000,0.0000,0.0000,00000000,544324*917624e1
#RAWIMUA,ICOM3,0,94.5,FINESTEERING,2427,544323.016,00000000,0000,797;2427,544323.015969000,1af0007c,1161645,292630,-520827,-21353,2455,-10676*57e70baa
#INSPVAXA,ICOM3,0,94.5,FINESTEERING,2427,544323.030,00000000,000f,797;WAITING_AZIMUTH,NONE,0.00000000000,0.00000000000,0.0000,0.0000,0.0000,0.0000,0.0000,0.000000000,0.000000000,-0.000000000,0.0000,0.0000,0.0000,0.0000,0.0000,0.0000,0.0000,0.0000,0.0000,00000000,544324*5fa0ff08
#RAWIMUA,ICOM3,0,94.5,FINESTEERING,2427,544323.026,00000000,0000,797;2427,544323.025976000,1af2007d,1163217,292797,-520404,-25943,-4230,-12483*9e2bb736
#BESTPOSA,ICOM3,0,94.5,FINESTEERING,2427,544323.000,03e1c002,0001,797;SOL_COMPUTED,NARROW_INT,31.16378110477,121.45380070002,6.0912,11.0314,WGS84,0.0140,0.0126,0.0262,"1793",1.000,0.021,37,34,34,34,00,00,30,37*1b8137d5
$GPGGA,071145.00,3109.8268663,N,12127.2280420,E,4,34,0.7,6.091,M,11.031,M,1.000,1793*45
#BESTGNSSPOSA,ICOM3,0,94.5,FINESTEERING,2427,544323.000,03e1c002,0001,797;SOL_COMPUTED,NARROW_INT,31.16378110477,121.45380070002,6.0912,11.0314,WGS84,0.0140,0.0126,0.0262,"1793",1.000,0.021,37,34,34,34,00,00,30,37*3b35a1a7
#HEADINGA,ICOM3,0,94.5,FINESTEERING,2427,544323.000,00000000,0000,797;SOL_COMPUTED,NONE,0.000000000,0.000000000,0.000000000,0.0,0.000000000,0.000000000,"1793",0,0,0,0,0,00,30,37*c8230632
$GPGSV,2,1,05,12,00,000,25,18,50,221,44,20,15,066,39,24,69,049,44*7E
$GPGSV,2,2,05,32,10,270,39,,,,,,,,,,,,*43
$GLGSV,3,1,09,70,18,070,44,72,22,303,42,73,48,103,46,74,24,161,33*6F
$GLGSV,3,2,09,85,05,190,39,86,39,247,46,87,33,298,44,90,00,000,35*63
$GLGSV,3,3,09,91,00,000,32,,,,,,,,,,,,*55
$GAGSV,2,1,06,03,24,264,46,05,63,319,30,11,09,161,38,31,13,075,41*61
$GAGSV,2,2,06,34,54,291,43,36,51,190,49,,,,,,,,*61
$GQGSV,1,1,02,03,44,169,44,07,53,169,40,,,,,,,,*7C
$GBGSV,4,1,15,01,48,147,49,02,35,242,46,03,55,202,48,04,37,120,42*60
$GBGSV,4,2,15,06,69,040,44,07,57,190,49,10,46,191,45,11,24,271,46*6F
$GBGSV,4,3,15,12,11,294,45,20,28,304,44,23,49,089,49,27,00,000,31*6D
$GBGSV,4,4,15,30,24,240,42,37,38,167,48,41,24,084,47,,,,*55
$GPGSA,M,3,18,20,24,32,,,,,,,,,1.4,0.7,1.2,1*2E
ªD*   H   ¼´{	¸µq Àá     2   Ó«øŽí)?@A_]^@†‹O^]@Ì€0A=   ë e<ð÷M<ëòÖ<1793  €?$&¨<%"""  07(œ _ªD7  0   ¼´{	¸µq                                           1793      07ófÂ¼#INSPVAXA,ICOM3,0,94.5,FINESTEERING,2427,544323.040,00000000,0019,797;WAITING_AZIMUTH,NONE,0.00000000000,0.00000000000,0.0000,0.0000,0.0000,0.0000,0.0000,0.000000000,0.000000000,-0.000000000,0.0000,0.0000,0.0000,0.0000,0.0000,0.0000,0.0000,0.0000,0.0000,00000000,544324*fae97fea
#RAWIMUA,ICOM3,0,94.5,FINESTEERING,2427,544323.036,00000000,0000,797;2427,544323.035942000,1af5007e,1163167,291310,-518681,-21517,1072,-18599*e704cd5f
#TRACKSTATA,ICOM3,0,94.5,FINESTEERING,2427,544323.000,00000000,0000,797;SOL_COMPUTED,NARROW_INT,0.0,100,12,0,00181544,24289624.186,2719.084,24.500,0.000,0.000,GOOD,0.000,12,0,02381564,24289629.731,2119.171,27.000,0.000,0.000,GOOD,0.000,18,0,10101cc4,21407731.415,-2139.042,43.750,74.900,0.000,GOOD,0.000,18,0,02301ce4,21407731.701,-1666.822,45.750,71.500,0.000,GOOD,0.000,18,0,01d01d04,21407752.019,-1597.412,46.750,73.900,0.000,GOOD,0.000,20,0,10101e44,24286173.994,-2498.862,38.500,74.000,0.000,GOOD,0.000,20,0,12301e64,24286177.276,-1947.073,45.500,71.500,0.000,GOOD,0.000,20,0,11d01e84,24286194.500,-1865.912,44.000,73.000,0.000,GOOD,0.000,24,0,10101ec4,20110282.755,-1315.439,44.250,73.400,0.000,GOOD,0.000,24,0,12301ee4,20110285.058,-1025.051,43.000,69.900,0.000,GOOD,0.000,24,0,01d01f04,20110301.196,-982.303,45.500,72.300,0.000,GOOD,0.000,32,0,10101dc4,24896251.452,1909.405,38.750,71.000,0.000,GOOD,0.000,32,0,02301de4,24896257.882,1487.724,35.500,68.100,0.000,GOOD,0.000,32,0,11d01e04,24896273.740,1425.731,37.000,69.600,0.000,GOOD,0.000,43,3,10111d44,22925733.151,-2046.897,44.000,78.600,0.000,GOOD,0.000,43,3,10311d64,22925745.828,-1592.003,46.500,77.800,0.000,GOOD,0.000,45,13,00111e44,22560071.585,1684.224,41.750,74.600,0.000,GOOD,0.000,45,13,00311e64,22560079.321,1310.041,44.000,73.800,0.000,GOOD,0.000,46,5,10111dc4,20493354.433,1220.223,46.000,77.900,0.000,GOOD,0.000,46,5,10311de4,20493362.215,948.926,47.750,76.900,0.000,GOOD,0.000,47,0,001914c4,22420147.027,3905.239,33.250,0.300,0.000,GOOD,0.000,58,11,10111ec4,24283661.635,-4398.184,39.250,28.700,0.000,GOOD,0.000,58,11,003116e4,24283703.738,-3420.895,33.500,0.300,0.000,GOOD,0.000,59,4,10111d84,21114952.873,-2411.743,46.000,78.100,0.000,GOOD,0.000,59,4,10311da4,21114958.098,-1875.831,42.500,77.300,0.000,GOOD,0.000,60,10,00111e04,21594387.297,313.255,43.750,76.700,0.000,GOOD,0.000,63,1,10191d04,21908213.757,1455.685,34.750,1.000,0.000,GOOD,0.000,63,1,00391524,21908209.218,1132.150,36.000,0.000,0.000,GOOD,0.000,64,2,00191684,21929234.529,-1621.036,31.500,0.100,0.000,GOOD,0.000,3,0,00331fc4,26547785.167,1372.352,46.250,79.300,0.000,GOOD,0.000,3,0,02331c24,26547792.555,1051.406,46.750,78.500,0.000,GOOD,0.000,3,0,01931fe4,26547793.082,1024.908,42.500,76.300,0.000,GOOD,0.000,3,0,00d31c04,26547960.465,1113.837,41.750,75.500,0.000,GOOD,0.000,5,0,00331644,23884422.008,-201.405,30.250,0.000,0.000,GOOD,0.000,5,0,023316a4,23884431.314,-154.115,37.250,0.300,0.000,GOOD,0.000,11,0,00331cc4,26395107.526,-3299.719,38.250,24.100,0.000,GOOD,0.000,11,0,12331d24,26395121.810,-2528.454,42.500,63.300,0.000,GOOD,0.000,11,0,11931ce4,26395123.706,-2464.069,37.750,71.000,0.000,GOOD,0.000,11,0,10d31d04,26395289.005,-2678.684,35.000,36.400,0.000,GOOD,0.000,31,0,00331c44,27627178.477,754.905,40.750,72.300,0.000,GOOD,0.000,31,0,12331ca4,27627188.134,578.364,45.750,71.300,0.000,GOOD,0.000,31,0,01931c64,27627189.428,563.727,40.000,68.100,0.000,GOOD,0.000,31,0,10d31c84,27627349.770,612.169,33.000,10.400,0.000,GOOD,0.000,34,0,10331dc4,24368742.951,403.841,43.250,54.100,0.000,GOOD,0.000,34,0,02331e24,24368749.811,309.294,47.500,52.700,0.000,GOOD,0.000,34,0,01931de4,24368750.473,301.328,43.750,50.000,0.000,GOOD,0.000,34,0,00d31e04,24368918.476,327.683,45.750,50.200,0.000,GOOD,0.000,36,0,10331d44,24630817.979,-2320.674,49.000,71.000,0.000,GOOD,0.000,36,0,12331da4,24630825.211,-1778.475,49.750,70.100,0.000,GOOD,0.000,36,0,11931d64,24630825.188,-1732.973,45.000,67.100,0.000,GOOD,0.000,36,0,00d31d84,24630990.036,-1883.786,44.750,67.200,0.000,GOOD,0.000,195,0,10151f44,36628012.644,-81.194,44.000,79.200,0.000,GOOD,0.000,195,0,02351f64,36628010.726,-63.221,47.000,71.500,0.000,GOOD,0.000,195,0,11d51f84,36628027.957,-60.654,44.750,78.000,0.000,GOOD,0.000,199,0,10151ec4,36982608.700,-163.353,39.500,77.800,0.000,GOOD,0.000,199,0,02351ee4,36982605.181,-127.376,44.000,71.100,0.000,GOOD,0.000,199,0,11d51f04,36982625.117,-122.164,46.750,76.300,0.000,GOOD,0.000,1,0,10941c04,37277840.918,-174.161,48.750,79.300,0.000,GOOD,0.000,1,0,00d41c24,37277839.349,-141.497,47.000,79.300,0.000,GOOD,0.000,2,0,00941c64,38310053.088,-141.815,46.000,79.300,0.000,GOOD,0.000,2,0,00d41c84,38310045.498,-115.284,44.000,79.300,0.000,GOOD,0.000,3,0,00941cc4,36917568.048,-158.712,48.000,79.300,0.000,GOOD,0.000,3,0,00d41ce4,36917563.317,-129.131,47.250,79.300,0.000,GOOD,0.000,4,0,109c1d24,38142660.200,-193.724,42.250,79.300,0.000,GOOD,0.000,4,0,10dc1d44,38142664.057,-157.417,45.500,78.600,0.000,GOOD,0.000,6,0,00141e44,36188870.104,273.305,44.250,77.600,0.000,GOOD,0.000,6,0,10541e64,36188875.555,222.087,42.500,76.300,0.000,GOOD,0.000,7,0,00141de4,36919448.593,779.110,49.000,78.800,0.000,GOOD,0.000,7,0,10541e04,36919452.505,632.961,47.500,77.700,0.000,GOOD,0.000,10,0,10141d84,37849829.285,902.141,44.500,77.800,0.000,GOOD,0.000,10,0,10341dc4,37849834.190,697.642,46.000,76.900,0.000,GOOD,0.000,10,0,10541da4,37849838.130,733.148,41.500,76.400,0.000,GOOD,0.000,11,0,10141ea4,25017509.079,-1181.305,45.750,77.500,0.000,GOOD,0.000,11,0,10541ec4,25017514.497,-959.898,45.000,75.700,0.000,GOOD,0.000,12,0,00141f04,25870451.407,1950.979,44.500,77.200,0.000,GOOD,0.000,12,0,00541f24,25870459.304,1585.113,40.500,75.900,0.000,GOOD,0.000,20,0,00141e84,24733576.094,1675.786,44.000,77.400,0.000,GOOD,0.000,20,0,01341ea4,24733581.700,1262.839,45.500,76.800,0.000,GOOD,0.000,20,0,10541ec4,24733578.792,1361.654,43.500,76.000,0.000,GOOD,0.000,20,0,10f41ee4,24733569.299,1691.093,41.750,76.200,0.000,GOOD,0.000,23,0,10141d44,23029847.446,6.199,49.000,78.500,0.000,GOOD,0.000,23,0,01341d64,23029849.168,4.553,50.250,77.900,0.000,GOOD,0.000,23,0,10541d84,23029846.591,5.157,48.000,77.400,0.000,GOOD,0.000,23,0,10f41da4,23029841.002,6.364,44.250,77.500,0.000,GOOD,0.000,27,0,101c1f24,26329572.779,-2893.431,31.250,2.200,0.000,GOOD,0.000,27,0,113c1f44,26329485.079,-2180.867,41.500,69.300,0.000,GOOD,0.000,27,0,105c1f64,26329480.716,-2351.418,37.500,70.400,0.000,GOOD,0.000,27,0,00fc1784,26329434.047,-2920.478,32.250,0.200,0.000,GOOD,0.000,30,0,00141de4,24698393.061,-2251.155,41.750,76.300,0.000,GOOD,0.000,30,0,01341e04,24698408.593,-1696.414,46.000,75.600,0.000,GOOD,0.000,30,0,10541e24,24698406.664,-1829.166,45.250,75.200,0.000,GOOD,0.000,30,0,00f41e44,24698389.752,-2271.684,42.000,75.200,0.000,GOOD,0.000,37,0,00141fc4,23876816.719,2583.698,47.750,69.500,0.000,GOOD,0.000,37,0,01341fe4,23876829.022,1947.062,47.000,68.800,0.000,GOOD,0.000,37,0,00541c04,23876829.155,2099.531,45.000,67.800,0.000,GOOD,0.000,37,0,00f41c24,23876797.838,2607.289,39.250,68.400,0.000,GOOD,0.000,41,0,00141c64,25172995.279,-1799.245,47.000,66.700,0.000,GOOD,0.000,41,0,01341c84,25173013.545,-1355.992,46.500,65.600,0.000,GOOD,0.000,41,0,10541ca4,25173010.951,-1462.082,43.250,65.300,0.000,GOOD,0.000,41,0,00f41cc4,25172992.623,-1815.769,43.750,65.700,0.000,GOOD,0.000*70ae0084
#INSPVAXA,ICOM3,0,94.5,FINESTEERING,2427,544323.050,00000000,0023,797;WAITING_AZIMUTH,NONE,0.00000000000,0.00000000000,0.0000,0.0000,0.0000,0.0000,0.0000,0.000000000,0.000000000,-0.000000000,0.0000,0.0000,0.0000,0.0000,0.0000,0.0000,0.0000,0.0000,0.0000,00000000,544324*55280e7f
#RAWIMUA,ICOM3,0,94.5,FINESTEERING,2427,544323.046,00000000,0000,797;2427,544323.045971000,1af6007f,1163081,292671,-519943,-15747,-2412,-10267*e22a30ca
#INSPVAXA,ICOM3,0,94.5,FINESTEERING,2427,544323.060,00000000,002d,797;WAITING_AZIMUTH,NONE,0.00000000000,0.00000000000,0.0000,0.0000,0.0000,0.0000,0.0000,0.000000000,0.000000000,-0.000000000,0.0000,0.0000,0.0000,0.0000,0.0000,0.0000,0.0000,0.0000,0.0000,00000000,544324*f0049bdc
#RAWIMUA,ICOM3,0,94.5,FINESTEERING,2427,544323.056,00000000,0000,797;2427,544323.055984000,1af40080,1162713,292581,-519319,-23320,-4557,-10578*e71ac98e
#INSPVAXA,ICOM3,0,94.5,FINESTEERING,2427,544323.070,00000000,0037,797;WAITING_AZIMUTH,NONE,0.00000000000,0.00000000000,0.0000,0.0000,0.0000,0.0000,0.0000,0.000000000,0.000000000,-0.000000000,0.0000,0.0000,0.0000,0.0000,0.0000,0.0000,0.0000,0.0000,0.0000,00000000,544324*e943c9e0
#RAWIMUA,ICOM3,0,94.5,FINESTEERING,2427,544323.066,00000000,0000,797;2427,544323.065979000,1af40081,1162914,291104,-519564,-17124,-5507,-13796*a6df0579
#INSPVAXA,ICOM3,0,94.5,FINESTEERING,2427,544323.080,00000000,0041,797;WAITING_AZIMUTH,NONE,0.00000000000,0.00000000000,0.0000,0.0000,0.0000,0.0000,0.0000,0.000000000,0.000000000,-0.000000000,0.0000,0.0000,0.0000,0.0000,0.0000,0.0000,0.0000,0.0000,0.0000,00000000,544324*154feb08
#RAWIMUA,ICOM3,0,94.5,FINESTEERING,2427,544323.076,00000000,0000,797;2427,544323.075943000,1af70082,1163859,292321,-518956,-18894,2621,-10017*94c8ecf3
#INSPVAXA,ICOM3,0,94.5,FINESTEERING,2427,544323.090,00000000,004b,797;WAITING_AZIMUTH,NONE,0.00000000000,0.00000000000,0.0000,0.0000,0.0000,0.0000,0.0000,0.000000000,0.000000000,-0.000000000,0.0000,0.0000,0.0000,0.0000,0.0000,0.0000,0.0000,0.0000,0.0000,00000000,544324*db9930e1
#RAWIMUA,ICOM3,0,94.5,FINESTEERING,2427,544323.086,00000000,0000,797;2427,544323.085948000,1af60083,1163698,292810,-519224,-23189,-377,-13844*2633e794
#INSPVAXA,ICOM3,0,94.5,FINESTEERING,2427,544323.100,00000000,0055,797;WAITING_AZIMUTH,NONE,0.00000000000,0.00000000000,0.0000,0.0000,0.0000,0.0000,0.0000,0.000000000,0.000000000,-0.000000000,0.0000,0.0000,0.0000,0.0000,0.0000,0.0000,0.0000,0.0000,0.0000,00000000,544324*e6251164
#RAWIMUA,ICOM3,0,94.5,FINESTEERING,2427,544323.096,00000000,0000,797;2427,544323.095940000,1af30084,1162948,292738,-519813,-14173,354,-20075*1288d1bb
#INSPVAXA,ICOM3,0,94.5,FINESTEERING,2427,544323.110,00000000,005f,797;WAITING_AZIMUTH,NONE,0.00000000000,0.00000000000,0.0000,0.0000,0.0000,0.0000,0.0000,0.000000000,0.000000000,-0.000000000,0.0000,0.0000,0.0000,0.0000,0.0000,0.0000,0.0000,0.0000,0.0000,00000000,544324*28f3ca8d
#RAWIMUA,ICOM3,0,94.5,FINESTEERING,2427,544323.106,00000000,0000,797;2427,544323.106015000,1af80085,1162905,292456,-518792,-16370,-2347,-19333*930f04e5
#INSPVAXA,ICOM3,0,94.5,FINESTEERING,2427,544323.120,00000000,006a,797;WAITING_AZIMUTH,NONE,0.00000000000,0.00000000000,0.0000,0.0000,0.0000,0.0000,0.0000,0.000000000,0.000000000,-0.000000000,0.0000,0.0000,0.0000,0.0000,0.0000,0.0000,0.0000,0.0000,0.0000,00000000,544324*496c043d
#RAWIMUA,ICOM3,0,94.4,FINESTEERING,2427,544323.116,00000000,0000,797;2427,544323.116032000,1aff0086,1164095,291366,-519404,-17025,-109,-8517*50c60bfc
#INSPVAXA,ICOM3,0,94.4,FINESTEERING,2427,544323.130,00000000,0074,797;WAITING_AZIMUTH,NONE,0.00000000000,0.00000000000,0.0000,0.0000,0.0000,0.0000,0.0000,0.000000000,0.000000000,-0.000000000,0.0000,0.0000,0.0000,0.0000,0.0000,0.0000,0.0000,0.0000,0.0000,00000000,544324*464fd0b4
#RAWIMUA,ICOM3,0,94.4,FINESTEERING,2427,544323.126,00000000,0000,797;2427,544323.125974000,1afc0087,1162480,292127,-518952,-11780,1146,-18296*e41b1b7f
#INSPVAXA,ICOM3,0,94.4,FINESTEERING,2427,544323.140,00000000,007d,797;WAITING_AZIMUTH,NONE,0.00000000000,0.00000000000,0.0000,0.0000,0.0000,0.0000,0.0000,0.000000000,0.000000000,-0.000000000,0.0000,0.0000,0.0000,0.0000,0.0000,0.0000,0.0000,0.0000,0.0000,00000000,544324*6e0bbc28
#RAWIMUA,ICOM3,0,94.4,FINESTEERING,2427,544323.136,00000000,0000,797;2427,544323.135995000,1af50088,1162849,291398,-519633,-17189,-241,-18306*2c88aa09
#INSPVAXA,ICOM3,0,94.4,FINESTEERING,2427,544323.150,00000000,0087,797;WAITING_AZIMUTH,NONE,0.00000000000,0.00000000000,0.0000,0.0000,0.0000,0.0000,0.0000,0.000000000,0.000000000,-0.000000000,0.0000,0.0000,0.0000,0.0000,0.0000,0.0000,0.0000,0.0000,0.0000,00000000,544324*e18381c4
#RAWIMUA,ICOM3,0,94.4,FINESTEERING,2427,544323.146,00000000,0000,797;2427,544323.145987000,1af30089,1161928,290975,-519529,-23025,-3043,-11754*4babe833
#INSPVAXA,ICOM3,0,94.4,FINESTEERING,2427,544323.160,00000000,0091,797;WAITING_AZIMUTH,NONE,0.00000000000,0.00000000000,0.0000,0.0000,0.0000,0.0000,0.0000,0.000000000,0.000000000,-0.000000000,0.0000,0.0000,0.0000,0.0000,0.0000,0.0000,0.0000,0.0000,0.0000,00000000,544324*6815617e
#RAWIMUA,ICOM3,0,94.4,FINESTEERING,2427,544323.156,00000000,0000,797;2427,544323.155979000,1af5008a,1163241,291400,-519437,-17353,-3730,-15990*26ea62aa
#INSPVAXA,ICOM3,0,94.4,FINESTEERING,2427,544323.170,00000000,009b,797;WAITING_AZIMUTH,NONE,0.00000000000,0.00000000000,0.0000,0.0000,0.0000,0.0000,0.0000,0.000000000,0.000000000,-0.000000000,0.0000,0.0000,0.0000,0.0000,0.0000,0.0000,0.0000,0.0000,0.0000,00000000,544324*a6c3ba97
#RAWIMUA,ICOM3,0,94.4,FINESTEERING,2427,544323.166,00000000,0000,797;2427,544323.165973000,1af7008b,1162695,291523,-517403,-14436,-3991,-11555*4c1bc262
#INSPVAXA,ICOM3,0,94.4,FINESTEERING,2427,544323.180,00000000,00a5,797;WAITING_AZIMUTH,NONE,0.00000000000,0.00000000000,0.0000,0.0000,0.0000,0.0000,0.0000,0.000000000,0.000000000,-0.000000000,0.0000,0.0000,0.0000,0.0000,0.0000,0.0000,0.0000,0.0000,0.0000,00000000,544324*a502ae04
#RAWIMUA,ICOM3,0,94.4,FINESTEERING,2427,544323.176,00000000,0000,797;2427,544323.175995000,1af4008c,1163370,292613,-519319,-24238,-2320,-15430*1665757d
#INSPVAXA,ICOM3,0,94.4,FINESTEERING,2427,544323.190,00000000,00af,797;WAITING_AZIMUTH,NONE,0.00000000000,0.00000000000,0.0000,0.0000,0.0000,0.0000,0.0000,0.000000000,0.000000000,-0.000000000,0.0000,0.0000,0.0000,0.0000,0.0000,0.0000,0.0000,0.0000,0.0000,00000000,544324*6bd475ed
#RAWIMUA,ICOM3,0,94.4,FINESTEERING,2427,544323.186,00000000,0000,797;2427,544323.185988000,1af4008d,1162907,291144,-518908,-22435,-3240,-14546*bc93f586
#INSPVAXA,ICOM3,0,94.4,FINESTEERING,2427,544323.200,00000000,00b9,797;WAITING_AZIMUTH,NONE,0.00000000000,0.00000000000,0.0000,0.0000,0.0000,0.0000,0.0000,0.000000000,0.000000000,-0.000000000,0.0000,0.0000,0.0000,0.0000,0.0000,0.0000,0.0000,0.0000,0.0000,00000000,544324*6503f21b
#RAWIMUA,ICOM3,0,94.4,FINESTEERING,2427,544323.196,00000000,0000,797;2427,544323.195980000,1af9008e,1162389,290646,-519558,-20796,3344,-16947*3dc1ebb1
#INSPVAXA,ICOM3,0,94.4,FINESTEERING,2427,544323.210,00000000,00c3,797;WAITING_AZIMUTH,NONE,0.00000000000,0.00000000000,0.0000,0.0000,0.0000,0.0000,0.0000,0.000000000,0.000000000,-0.000000000,0.0000,0.0000,0.0000,0.0000,0.0000,0.0000,0.0000,0.0000,0.0000,00000000,544324*be909665
#RAWIMUA,ICOM3,0,94.4,FINESTEERING,2427,544323.206,00000000,0000,797;2427,544323.205991000,1af8008f,1161907,290798,-520642,-21288,5582,-13653*11f859a8
#INSPVAXA,ICOM3,0,94.4,FINESTEERING,2427,544323.220,00000000,00cd,797;WAITING_AZIMUTH,NONE,0.00000000000,0.00000000000,0.0000,0.0000,0.0000,0.0000,0.0000,0.000000000,0.000000000,-0.000000000,0.0000,0.0000,0.0000,0.0000,0.0000,0.0000,0.0000,0.0000,0.0000,00000000,544324*1bbc03c6
#RAWIMUA,ICOM3,0,94.4,FINESTEERING,2427,544323.216,00000000,0000,797;2427,544323.216058000,1af20090,1162422,291301,-519599,-26468,5973,-16217*a2e8e74e
$GPGGA,071145.20,3109.8268673,N,12127.2280414,E,4,34,0.7,6.089,M,11.031,M,1.200,1793*4A
#BESTGNSSPOSA,ICOM3,0,94.4,FINESTEERING,2427,544323.200,03e1c002,0000,797;SOL_COMPUTED,NARROW_INT,31.16378112143,121.45380068981,6.0893,11.0314,WGS84,0.0148,0.0133,0.0269,"1793",1.200,0.016,37,34,34,34,00,00,30,37*44354ba4
#HEADINGA,ICOM3,0,94.4,FINESTEERING,2427,544323.200,00000000,0000,797;SOL_COMPUTED,NONE,0.000000000,0.000000000,0.000000000,0.0,0.000000000,0.000000000,"1793",0,0,0,0,0,00,30,37*71c8f3f1
$GPGSV,2,1,05,12,00,000,24,18,50,221,44,20,15,066,39,24,69,049,44*7F
$GPGSV,2,2,05,32,10,270,39,,,,,,,,,,,,*43
$GLGSV,3,1,09,70,18,070,44,72,22,303,42,73,48,103,46,74,24,161,33*6F
$GLGSV,3,2,09,85,05,190,39,86,39,247,46,87,33,298,44,90,00,000,35*63
$GLGSV,3,3,09,91,00,000,33,,,,,,,,,,,,*54
$GAGSV,2,1,06,03,24,264,46,05,63,319,30,11,09,161,39,31,13,075,41*60
$GAGSV,2,2,06,34,54,291,43,36,51,190,49,,,,,,,,*61
$GQGSV,1,1,02,03,44,169,44,07,53,169,40,,,,,,,,*7C
$GBGSV,4,1,15,01,48,147,49,02,35,242,46,03,55,202,48,04,37,120,42*60
$GBGSV,4,2,15,06,69,040,44,07,57,190,49,10,46,191,45,11,24,271,46*6F
$GBGSV,4,3,15,12,11,294,45,20,28,304,44,23,49,089,49,27,00,000,31*6D
$GBGSV,4,4,15,30,24,240,42,37,38,167,48,41,24,084,47,,,,*55
#INSPVAXA,ICOM3,0,94.4,FINESTEERING,2427,544323.230,00000000,00d8,797;WAITING_AZIMUTH,NONE,0.00000000000,0.00000000000,0.0000,0.0000,0.0000,0.0000,0.0000,0.000000000,0.000000000,-0.000000000,0.0000,0.0000,0.0000,0.0000,0.0000,0.0000,0.0000,0.0000,0.0000,00000000,544324*c4910a6c
$GPGSA,M,3,18,20,24,32,,,,,,,,,1.4,0.7,1.2,1*2E
#RAWIMUA,ICOM3,0,94.4,FINESTEERING,2427,544323.226,00000000,0000,797;2427,544323.225998000,1afb0091,1162121,292191,-519182,-24075,3670,-15930*51b04b68
#INSPVAXA,ICOM3,0,94.4,FINESTEERING,2427,544323.240,00000000,00e1,797;WAITING_AZIMUTH,NONE,0.00000000000,0.00000000000,0.0000,0.0000,0.0000,0.0000,0.0000,0.000000000,0.000000000,-0.000000000,0.0000,0.0000,0.0000,0.0000,0.0000,0.0000,0.0000,0.0000,0.0000,00000000,544324*f990d967
#RAWIMUA,ICOM3,0,94.4,FINESTEERING,2427,544323.236,00000000,0000,797;2427,544323.235980000,1af90092,1163446,291685,-520195,-21354,-541,-6684*e940bba6
#INSPVAXA,ICOM3,0,94.4,FINESTEERING,2427,544323.250,00000000,00eb,797;WAITING_AZIMUTH,NONE,0.00000000000,0.00000000000,0.0000,0.0000,0.0000,0.0000,0.0000,0.000000000,0.000000000,-0.000000000,0.0000,0.0000,0.0000,0.0000,0.0000,0.0000,0.0000,0.0000,0.0000,00000000,544324*3746028e
#RAWIMUA,ICOM3,0,94.4,FINESTEERING,2427,544323.246,00000000,0000,797;2427,544323.245970000,1af60093,1162126,292611,-519646,-22206,-805,-18740*a3e2b0bc
#INSPVAXA,ICOM3,0,94.4,FINESTEERING,2427,544323.260,00000000,00f5,797;WAITING_AZIMUTH,NONE,0.00000000000,0.00000000000,0.0000,0.0000,0.0000,0.0000,0.0000,0.000000000,0.000000000,-0.000000000,0.0000,0.0000,0.0000,0.0000,0.0000,0.0000,0.0000,0.0000,0.0000,00000000,544324*31a90b13
#RAWIMUA,ICOM3,0,94.4,FINESTEERING,2427,544323.256,00000000,0000,797;2427,544323.255992000,1af60094,1163080,292411,-519809,-24075,1037,-15285*2acc2bd1
#INSPVAXA,ICOM3,0,94.4,FINESTEERING,2427,544323.270,00000000,00ff,797;WAITING_AZIMUTH,NONE,0.00000000000,0.00000000000,0.0000,0.0000,0.0000,0.0000,0.0000,0.000000000,0.000000000,-0.000000000,0.0000,0.0000,0.0000,0.0000,0.0000,0.0000,0.0000,0.0000,0.0000,00000000,544324*ff7fd0fa
#RAWIMUA,ICOM3,0,94.4,FINESTEERING,2427,544323.266,00000000,0000,797;2427,544323.265984000,1af80095,1162448,291766,-519014,-18731,10291,-13696*cf8bd0bd
#INSPVAXA,ICOM3,0,94.4,FINESTEERING,2427,544323.280,00000000,0109,797;WAITING_AZIMUTH,NONE,0.00000000000,0.00000000000,0.0000,0.0000,0.0000,0.0000,0.0000,0.000000000,0.000000000,-0.000000000,0.0000,0.0000,0.0000,0.0000,0.0000,0.0000,0.0000,0.0000,0.0000,00000000,544324*a5e0d6e5
#RAWIMUA,ICOM3,0,94.4,FINESTEERING,2427,544323.276,00000000,0000,797;2427,544323.275977000,1af90096,1163159,290432,-521000,-15649,6573,-19951*a5ca210f
#INSPVAXA,ICOM3,0,94.4,FINESTEERING,2427,544323.290,00000000,0113,797;WAITING_AZIMUTH,NONE,0.00000000000,0.00000000000,0.0000,0.0000,0.0000,0.0000,0.0000,0.000000000,0.000000000,-0.000000000,0.0000,0.0000,0.0000,0.0000,0.0000,0.0000,0.0000,0.0000,0.0000,00000000,544324*7e73b29b
#RAWIMUA,ICOM3,0,94.4,FINESTEERING,2427,544323.286,00000000,0000,797;2427,544323.285970000,1afa0097,1162839,292261,-518692,-24108,-2419,-19307*46fbd52f
#INSPVAXA,ICOM3,0,94.4,FINESTEERING,2427,544323.300,00000000,011d,797;WAITING_AZIMUTH,NONE,0.00000000000,0.00000000000,0.0000,0.0000,0.0000,0.0000,0.0000,0.000000000,0.000000000,-0.000000000,0.0000,0.0000,0.0000,0.0000,0.0000,0.0000,0.0000,0.0000,0.0000,00000000,544324*945e1acb
#RAWIMUA,ICOM3,0,94.4,FINESTEERING,2427,544323.296,00000000,0000,797;2427,544323.295994000,1b010098,1162527,292864,-520372,-14829,-75,-10980*16980443
#INSPVAXA,ICOM3,0,94.4,FINESTEERING,2427,544323.310,00000000,0127,797;WAITING_AZIMUTH,NONE,0.00000000000,0.00000000000,0.0000,0.0000,0.0000,0.0000,0.0000,0.000000000,0.000000000,-0.000000000,0.0000,0.0000,0.0000,0.0000,0.0000,0.0000,0.0000,0.0000,0.0000,00000000,544324*f94b5d1c
#RAWIMUA,ICOM3,0,94.4,FINESTEERING,2427,544323.306,00000000,0000,797;2427,544323.306007000,1aff0099,1163786,292528,-518105,-26600,7355,-12401*45ea6d23
#INSPVAXA,ICOM3,0,94.4,FINESTEERING,2427,544323.320,00000000,0132,797;WAITING_AZIMUTH,NONE,0.00000000000,0.00000000000,0.0000,0.0000,0.0000,0.0000,0.0000,0.000000000,0.000000000,-0.000000000,0.0000,0.0000,0.0000,0.0000,0.0000,0.0000,0.0000,0.0000,0.0000,00000000,544324*0f41f7c4
#RAWIMUA,ICOM3,0,94.4,FINESTEERING,2427,544323.316,00000000,0000,797;2427,544323.316035000,1afb009a,1161558,292819,-518697,-30370,-581,-7250*8c48727e
#INSPVAXA,ICOM3,0,94.4,FINESTEERING,2427,544323.330,00000000,013c,797;WAITING_AZIMUTH,NONE,0.00000000000,0.00000000000,0.0000,0.0000,0.0000,0.0000,0.0000,0.000000000,0.000000000,-0.000000000,0.0000,0.0000,0.0000,0.0000,0.0000,0.0000,0.0000,0.0000,0.0000,00000000,544324*22505dae
#RAWIMUA,ICOM3,0,94.4,FINESTEERING,2427,544323.326,00000000,0000,797;2427,544323.325973000,1af6009b,1163470,291695,-519342,-24797,-1992,-13033*adc1eaff
#INSPVAXA,ICOM3,0,94.4,FINESTEERING,2427,544323.340,00000000,0145,797;WAITING_AZIMUTH,NONE,0.00000000000,0.00000000000,0.0000,0.0000,0.0000,0.0000,0.0000,0.000000000,0.000000000,-0.000000000,0.0000,0.0000,0.0000,0.0000,0.0000,0.0000,0.0000,0.0000,0.0000,00000000,544324*be4b121e
#RAWIMUA,ICOM3,0,94.4,FINESTEERING,2427,544323.336,00000000,0000,797;2427,544323.335965000,1af5009c,1162875,292388,-519021,-22928,-3899,-13960*1e7b0915
#INSPVAXA,ICOM3,0,94.4,FINESTEERING,2427,544323.350,00000000,014f,797;WAITING_AZIMUTH,NONE,0.00000000000,0.00000000000,0.0000,0.0000,0.0000,0.0000,0.0000,0.000000000,0.000000000,-0.000000000,0.0000,0.0000,0.0000,0.0000,0.0000,0.0000,0.0000,0.0000,0.0000,00000000,544324*709dc9f7
#RAWIMUA,ICOM3,0,94.4,FINESTEERING,2427,544323.346,00000000,0000,797;2427,544323.345988000,1af5009d,1164978,292056,-519085,-21649,-4359,-17377*07586243
#INSPVAXA,ICOM3,0,94.4,FINESTEERING,2427,544323.360,00000000,0159,797;WAITING_AZIMUTH,NONE,0.00000000000,0.00000000000,0.0000,0.0000,0.0000,0.0000,0.0000,0.000000000,0.000000000,-0.000000000,0.0000,0.0000,0.0000,0.0000,0.0000,0.0000,0.0000,0.0000,0.0000,00000000,544324*3bdf1f0f
#RAWIMUA,ICOM3,0,94.4,FINESTEERING,2427,544323.356,00000000,0000,797;2427,544323.355981000,1af5009e,1163332,292096,-518723,-16830,4565,-14345*5cf6aa7f
#INSPVAXA,ICOM3,0,94.4,FINESTEERING,2427,544323.370,00000000,0163,797;WAITING_AZIMUTH,NONE,0.00000000000,0.00000000000,0.0000,0.0000,0.0000,0.0000,0.0000,0.000000000,0.000000000,-0.000000000,0.0000,0.0000,0.0000,0.0000,0.0000,0.0000,0.0000,0.0000,0.0000,00000000,544324*941e6e9a
#RAWIMUA,ICOM3,0,94.4,FINESTEERING,2427,544323.366,00000000,0000,797;2427,544323.365974000,1af6009f,1162903,291313,-518484,-21026,414,-17355*2a7d99b2
#INSPVAXA,ICOM3,0,94.4,FINESTEERING,2427,544323.380,00000000,016d,797;WAITING_AZIMUTH,NONE,0.00000000000,0.00000000000,0.0000,0.0000,0.0000,0.0000,0.0000,0.000000000,0.000000000,-0.000000000,0.0000,0.0000,0.0000,0.0000,0.0000,0.0000,0.0000,0.0000,0.0000,00000000,544324*d85e0756
#RAWIMUA,ICOM3,0,94.4,FINESTEERING,2427,544323.376,00000000,0000,797;2427,544323.375967000,1af000a0,1162258,292414,-519644,-16305,-4816,-20725*04d7ce0b
#INSPVAXA,ICOM3,0,94.4,FINESTEERING,2427,544323.390,00000000,0177,797;WAITING_AZIMUTH,NONE,0.00000000000,0.00000000000,0.0000,0.0000,0.0000,0.0000,0.0000,0.000000000,0.000000000,-0.000000000,0.0000,0.0000,0.0000,0.0000,0.0000,0.0000,0.0000,0.0000,0.0000,00000000,544324*c119556a
#RAWIMUA,ICOM3,0,94.4,FINESTEERING,2427,544323.386,00000000,0000,797;2427,544323.385990000,1af100a1,1164354,291370,-519043,-14895,-1787,-13255*42090060
#INSPVAXA,ICOM3,0,94.4,FINESTEERING,2427,544323.400,00000000,0181,797;WAITING_AZIMUTH,NONE,0.00000000000,0.00000000000,0.0000,0.0000,0.0000,0.0000,0.0000,0.000000000,0.000000000,-0.000000000,0.0000,0.0000,0.0000,0.0000,0.0000,0.0000,0.0000,0.0000,0.0000,00000000,544324*120b6cc9
#RAWIMUA,ICOM3,0,94.4,FINESTEERING,2427,544323.396,00000000,0000,797;2427,544323.395983000,1af700a2,1163144,292315,-519644,-19256,5418,-16248*15e8531c
#INSPVAXA,ICOM3,0,94.4,FINESTEERING,2427,544323.410,00000000,018b,797;WAITING_AZIMUTH,NONE,0.00000000000,0.00000000000,0.0000,0.0000,0.0000,0.0000,0.0000,0.000000000,0.000000000,-0.000000000,0.0000,0.0000,0.0000,0.0000,0.0000,0.0000,0.0000,0.0000,0.0000,00000000,544324*dcddb720
#RAWIMUA,ICOM3,0,94.4,FINESTEERING,2427,544323.406,00000000,0000,797;2427,544323.405998000,1af900a3,1162979,292513,-519515,-16699,450,-8254*91e06a9c
#INSPVAXA,ICOM3,0,94.4,FINESTEERING,2427,544323.420,00000000,0195,797;WAITING_AZIMUTH,NONE,0.00000000000,0.00000000000,0.0000,0.0000,0.0000,0.0000,0.0000,0.000000000,0.000000000,-0.000000000,0.0000,0.0000,0.0000,0.0000,0.0000,0.0000,0.0000,0.0000,0.0000,00000000,544324*ae60ab56
#RAWIMUA,ICOM3,0,94.4,FINESTEERING,2427,544323.416,00000000,0000,797;2427,544323.416021000,1af600a4,1163407,292413,-519612,-20830,-5412,-13604*42f53326
$GPGGA,071145.40,3109.8268682,N,12127.2280411,E,4,34,0.7,6.094,M,11.031,M,1.400,1793*4D
#BESTGNSSPOSA,ICOM3,0,94.4,FINESTEERING,2427,544323.400,03e1c002,0000,797;SOL_COMPUTED,NARROW_INT,31.16378113607,121.45380068464,6.0943,11.0314,WGS84,0.0154,0.0138,0.0275,"1793",1.400,0.014,37,34,34,34,00,00,30,37*733e9dec
#HEADINGA,ICOM3,0,94.4,FINESTEERING,2427,544323.400,00000000,0000,797;SOL_COMPUTED,NONE,0.000000000,0.000000000,0.000000000,0.0,0.000000000,0.000000000,"1793",0,0,0,0,0,00,30,37*4763b939
$GPGSV,2,1,05,12,00,000,23,18,50,221,44,20,15,066,39,24,69,049,44*78
$GPGSV,2,2,05,32,10,270,39,,,,,,,,,,,,*43
$GLGSV,3,1,09,70,18,070,44,72,22,303,42,73,48,103,46,74,24,161,34*68
$GLGSV,3,2,09,85,05,190,39,86,39,247,46,87,33,298,44,90,00,000,35*63
$GLGSV,3,3,09,91,00,000,33,,,,,,,,,,,,*54
$GAGSV,2,1,06,03,24,264,46,05,63,319,30,11,09,161,39,31,13,075,41*60
$GAGSV,2,2,06,34,54,291,43,36,51,190,49,,,,,,,,*61
$GQGSV,1,1,02,03,44,169,44,07,53,169,40,,,,,,,,*7C
$GBGSV,4,1,15,01,48,147,49,02,35,242,46,03,55,202,48,04,37,120,42*60
$GBGSV,4,2,15,06,69,040,44,07,57,190,49,10,46,191,45,11,24,271,46*6F
$GBGSV,4,3,15,12,11,294,45,20,28,304,44,23,49,089,49,27,00,000,31*6D
$GBGSV,4,4,15,30,24,240,42,37,38,167,48,41,24,084,47,,,,*55
$GPGSA,M,3,18,20,24,32,,,,,,,,,1.4,0.7,1.2,1*2E
#INSPVAXA,ICOM3,0,94.4,FINESTEERING,2427,544323.430,00000000,01a0,797;WAITING_AZIMUTH,NONE,0.00000000000,0.00000000000,0.0000,0.0000,0.0000,0.0000,0.0000,0.000000000,0.000000000,-0.000000000,0.0000,0.0000,0.0000,0.0000,0.0000,0.0000,0.0000,0.0000,0.0000,00000000,544324*b77f5e09
#RAWIMUA,ICOM3,0,94.4,FINESTEERING,2427,544323.426,00000000,0000,797;2427,544323.425994000,1af500a5,1162970,292163,-518592,-13191,-172,-19356*2b2d827f
#INSPVAXA,ICOM3,0,94.4,FINESTEERING,2427,544323.440,00000000,01a9,797;WAITING_AZIMUTH,NONE,0.00000000000,0.00000000000,0.0000,0.0000,0.0000,0.0000,0.0000,0.000000000,0.000000000,-0.000000000,0.0000,0.0000,0.0000,0.0000,0.0000,0.0000,0.0000,0.0000,0.0000,00000000,544324*5def04d7
#RAWIMUA,ICOM3,0,94.4,FINESTEERING,2427,544323.436,00000000,0000,797;2427,544323.435983000,1af800a6,1162747,292744,-519353,-17059,-1295,-10528*250523bd
#INSPVAXA,ICOM3,0,94.4,FINESTEERING,2427,544323.450,00000000,01b3,797;WAITING_AZIMUTH,NONE,0.00000000000,0.00000000000,0.0000,0.0000,0.0000,0.0000,0.0000,0.000000000,0.000000000,-0.000000000,0.0000,0.0000,0.0000,0.0000,0.0000,0.0000,0.0000,0.0000,0.0000,00000000,544324*f22e7542
#RAWIMUA,ICOM3,0,94.4,FINESTEERING,2427,544323.446,00000000,0000,797;2427,544323.445976000,1afa00a7,1163843,292663,-520534,-21158,-903,-11876*7bbb8df8
#INSPVAXA,ICOM3,0,94.4,FINESTEERING,2427,544323.460,00000000,01bd,797;WAITING_AZIMUTH,NONE,0.00000000000,0.00000000000,0.0000,0.0000,0.0000,0.0000,0.0000,0.000000000,0.000000000,-0.000000000,0.0000,0.0000,0.0000,0.0000,0.0000,0.0000,0.0000,0.0000,0.0000,00000000,544324*5702e0e1
#RAWIMUA,ICOM3,0,94.4,FINESTEERING,2427,544323.456,00000000,0000,797;2427,544323.455970000,1afa00a8,1162577,292620,-518794,-23879,4065,-17079*8f86a980
#INSPVAXA,ICOM3,0,94.4,FINESTEERING,2427,544323.470,00000000,01c7,797;WAITING_AZIMUTH,NONE,0.00000000000,0.00000000000,0.0000,0.0000,0.0000,0.0000,0.0000,0.000000000,0.000000000,-0.000000000,0.0000,0.0000,0.0000,0.0000,0.0000,0.0000,0.0000,0.0000,0.0000,00000000,544324*4e45b2dd
#RAWIMUA,ICOM3,0,94.4,FINESTEERING,2427,544323.466,00000000,0000,797;2427,544323.465963000,1afc00a9,1162159,292022,-519574,-21354,2454,-22340*9642bcd2
#INSPVAXA,ICOM3,0,94.4,FINESTEERING,2427,544323.480,00000000,01d1,797;WAITING_AZIMUTH,NONE,0.00000000000,0.00000000000,0.0000,0.0000,0.0000,0.0000,0.0000,0.000000000,0.000000000,-0.000000000,0.0000,0.0000,0.0000,0.0000,0.0000,0.0000,0.0000,0.0000,0.0000,00000000,544324*b2499035
#RAWIMUA,ICOM3,0,94.4,FINESTEERING,2427,544323.476,00000000,0000,797;2427,544323.475983000,1afb00aa,1162727,292206,-520561,-19289,-2350,-14641*8ce3bad1
#INSPVAXA,ICOM3,0,94.4,FINESTEERING,2427,544323.490,00000000,01db,797;WAITING_AZIMUTH,NONE,0.00000000000,0.00000000000,0.0000,0.0000,0.0000,0.0000,0.0000,0.000000000,0.000000000,-0.000000000,0.0000,0.0000,0.0000,0.0000,0.0000,0.0000,0.0000,0.0000,0.0000,00000000,544324*7c9f4bdc
#RAWIMUA,ICOM3,0,94.4,FINESTEERING,2427,544323.486,00000000,0000,797;2427,544323.485976000,1af800ab,1162674,292917,-518633,-19420,-1856,-10763*bf12fbbf
#INSPVAXA,ICOM3,0,94.4,FINESTEERING,2427,544323.500,00000000,01e5,797;WAITING_AZIMUTH,NONE,0.00000000000,0.00000000000,0.0000,0.0000,0.0000,0.0000,0.0000,0.000000000,0.000000000,-0.000000000,0.0000,0.0000,0.0000,0.0000,0.0000,0.0000,0.0000,0.0000,0.0000,00000000,544324*41236a59
#RAWIMUA,ICOM3,0,94.4,FINESTEERING,2427,544323.496,00000000,0000,797;2427,544323.495970000,1afb00ac,1161430,291736,-518947,-14666,649,-16562*90db503b
#INSPVAXA,ICOM3,0,94.4,FINESTEERING,2427,544323.510,00000000,01ef,797;WAITING_AZIMUTH,NONE,0.00000000000,0.00000000000,0.0000,0.0000,0.0000,0.0000,0.0000,0.000000000,0.000000000,-0.000000000,0.0000,0.0000,0.0000,0.0000,0.0000,0.0000,0.0000,0.0000,0.0000,00000000,544324*8ff5b1b0
#RAWIMUA,ICOM3,0,94.4,FINESTEERING,2427,544323.506,00000000,0000,797;2427,544323.505995000,1afa00ad,1163344,292737,-519911,-14929,-536,-12659*bb999b4b
#INSPVAXA,ICOM3,0,94.4,FINESTEERING,2427,544323.520,00000000,01f9,797;WAITING_AZIMUTH,NONE,0.00000000000,0.00000000000,0.0000,0.0000,0.0000,0.0000,0.0000,0.000000000,0.000000000,-0.000000000,0.0000,0.0000,0.0000,0.0000,0.0000,0.0000,0.0000,0.0000,0.0000,00000000,544324*b0e572a3
#RAWIMUA,ICOM3,0,94.4,FINESTEERING,2427,544323.516,00000000,0000,797;2427,544323.516041000,1af800ae,1163737,293720,-519792,-20338,6142,-19597*336a4472
#INSPVAXA,ICOM3,0,94.4,FINESTEERING,2427,544323.530,00000000,0204,797;WAITING_AZIMUTH,NONE,0.00000000000,0.00000000000,0.0000,0.0000,0.0000,0.0000,0.0000,0.000000000,0.000000000,-0.000000000,0.0000,0.0000,0.0000,0.0000,0.0000,0.0000,0.0000,0.0000,0.0000,00000000,544324*c708fc95
#RAWIMUA,ICOM3,0,94.4,FINESTEERING,2427,544323.526,00000000,0000,797;2427,544323.525979000,1afc00af,1162757,291555,-520225,-24141,2913,-11041*78751ecb
#INSPVAXA,ICOM3,0,94.4,FINESTEERING,2427,544323.540,00000000,020d,797;WAITING_AZIMUTH,NONE,0.00000000000,0.00000000000,0.0000,0.0000,0.0000,0.0000,0.0000,0.000000000,0.000000000,-0.000000000,0.0000,0.0000,0.0000,0.0000,0.0000,0.0000,0.0000,0.0000,0.0000,00000000,544324*ef4c9009
#RAWIMUA,ICOM3,0,94.4,FINESTEERING,2427,544323.536,00000000,0000,797;2427,544323.535970000,1aff00b0,1163513,292372,-520268,-21060,2751,-15178*dfe66967
#INSPVAXA,ICOM3,0,94.4,FINESTEERING,2427,544323.550,00000000,0217,797;WAITING_AZIMUTH,NONE,0.00000000000,0.00000000000,0.0000,0.0000,0.0000,0.0000,0.0000,0.000000000,0.000000000,-0.000000000,0.0000,0.0000,0.0000,0.0000,0.0000,0.0000,0.0000,0.0000,0.0000,00000000,544324*f60bc235
#RAWIMUA,ICOM3,0,94.4,FINESTEERING,2427,544323.546,00000000,0000,797;2427,544323.545963000,1afb00b1,1163407,292446,-519580,-19027,2983,-8639*b8b113df
#INSPVAXA,ICOM3,0,94.4,FINESTEERING,2427,544323.560,00000000,0221,797;WAITING_AZIMUTH,NONE,0.00000000000,0.00000000000,0.0000,0.0000,0.0000,0.0000,0.0000,0.000000000,0.000000000,-0.000000000,0.0000,0.0000,0.0000,0.0000,0.0000,0.0000,0.0000,0.0000,0.0000,00000000,544324*0bcf3764
#RAWIMUA,ICOM3,0,94.4,FINESTEERING,2427,544323.556,00000000,0000,797;2427,544323.555985000,1af700b2,1162647,292288,-519151,-26863,-875,-20684*ef166321
#INSPVAXA,ICOM3,0,94.4,FINESTEERING,2427,544323.570,00000000,022b,797;WAITING_AZIMUTH,NONE,0.00000000000,0.00000000000,0.0000,0.0000,0.0000,0.0000,0.0000,0.000000000,0.000000000,-0.000000000,0.0000,0.0000,0.0000,0.0000,0.0000,0.0000,0.0000,0.0000,0.0000,00000000,544324*c519ec8d
#RAWIMUA,ICOM3,0,94.4,FINESTEERING,2427,544323.566,00000000,0000,797;2427,544323.565978000,1afb00b3,1163268,291342,-518780,-14339,-3399,-13526*bb1ad54c
#INSPVAXA,ICOM3,0,94.4,FINESTEERING,2427,544323.580,00000000,0235,797;WAITING_AZIMUTH,NONE,0.00000000000,0.00000000000,0.0000,0.0000,0.0000,0.0000,0.0000,0.000000000,0.000000000,-0.000000000,0.0000,0.0000,0.0000,0.0000,0.0000,0.0000,0.0000,0.0000,0.0000,00000000,544324*5ec80c94
#RAWIMUA,ICOM3,0,94.4,FINESTEERING,2427,544323.576,00000000,0000,797;2427,544323.575976000,1af900b4,1164161,293003,-519456,-24601,1332,-18275*3f083ffb
#INSPVAXA,ICOM3,0,94.4,FINESTEERING,2427,544323.590,00000000,023f,797;WAITING_AZIMUTH,NONE,0.00000000000,0.00000000000,0.0000,0.0000,0.0000,0.0000,0.0000,0.000000000,0.000000000,-0.000000000,0.0000,0.0000,0.0000,0.0000,0.0000,0.0000,0.0000,0.0000,0.0000,00000000,544324*901ed77d
#RAWIMUA,ICOM3,0,94.4,FINESTEERING,2427,544323.586,00000000,0000,797;2427,544323.585965000,1af500b5,1162592,292440,-520203,-24076,-214,-14307*a86a6574
#INSPVAXA,ICOM3,0,94.4,FINESTEERING,2427,544323.600,00000000,0249,797;WAITING_AZIMUTH,NONE,0.00000000000,0.00000000000,0.0000,0.0000,0.0000,0.0000,0.0000,0.000000000,0.000000000,-0.000000000,0.0000,0.0000,0.0000,0.0000,0.0000,0.0000,0.0000,0.0000,0.0000,00000000,544324*766d7b5d
#RAWIMUA,ICOM3,0,94.4,FINESTEERING,2427,544323.596,00000000,0000,797;2427,544323.595956000,1af600b6,1162545,293046,-518832,-20699,-310,-17491*09c3c167
#INSPVAXA,ICOM3,0,94.4,FINESTEERING,2427,544323.610,00000000,0253,797;WAITING_AZIMUTH,NONE,0.00000000000,0.00000000000,0.0000,0.0000,0.0000,0.0000,0.0000,0.000000000,0.000000000,-0.000000000,0.0000,0.0000,0.0000,0.0000,0.0000,0.0000,0.0000,0.0000,0.0000,00000000,544324*adfe1f23
#RAWIMUA,ICOM3,0,94.4,FINESTEERING,2427,544323.606,00000000,0000,797;2427,544323.606008000,1af600b7,1163364,291672,-518521,-21519,-5775,-13443*f48814f1
#INSPVAXA,ICOM3,0,94.4,FINESTEERING,2427,544323.620,00000000,025e,797;WAITING_AZIMUTH,NONE,0.00000000000,0.00000000000,0.0000,0.0000,0.0000,0.0000,0.0000,0.000000000,0.000000000,-0.000000000,0.0000,0.0000,0.0000,0.0000,0.0000,0.0000,0.0000,0.0000,0.0000,00000000,544324*9489b161
#RAWIMUA,ICOM3,0,94.4,FINESTEERING,2427,544323.616,00000000,0000,797;2427,544323.616014000,1af300b8,1163140,293007,-519225,-13388,4797,-16905*87c6905a
#INSPVAXA,ICOM3,0,94.4,FINESTEERING,2427,544323.630,00000000,0268,797;WAITING_AZIMUTH,NONE,0.00000000000,0.00000000000,0.0000,0.0000,0.0000,0.0000,0.0000,0.000000000,0.000000000,-0.000000000,0.0000,0.0000,0.0000,0.0000,0.0000,0.0000,0.0000,0.0000,0.0000,00000000,544324*3f5ba8fc
$GPGGA,071145.60,3109.8268681,N,12127.2280417,E,4,34,0.7,6.097,M,11.031,M,1.600,1793*4B
#BESTGNSSPOSA,ICOM3,0,94.4,FINESTEERING,2427,544323.600,03e1c002,0000,797;SOL_COMPUTED,NARROW_INT,31.16378113541,121.45380069549,6.0966,11.0314,WGS84,0.0160,0.0145,0.0281,"1793",1.600,0.017,37,34,34,34,00,00,30,37*76058c8d
#HEADINGA,ICOM3,0,94.4,FINESTEERING,2427,544323.600,00000000,0000,797;SOL_COMPUTED,NONE,0.000000000,0.000000000,0.000000000,0.0,0.000000000,0.000000000,"1793",0,0,0,0,0,00,30,37*e3d582be
#RAWIMUA,ICOM3,0,94.4,FINESTEERING,2427,544323.626,00000000,0000,797;2427,544323.625980000,1af900b9,1162675,291476,-518584,-10601,4437,-14474*483a20c6
$GPGSV,2,1,05,12,00,000,23,18,50,221,44,20,15,066,38,24,69,049,44*79
$GPGSV,2,2,05,32,10,270,39,,,,,,,,,,,,*43
$GLGSV,3,1,09,70,18,070,44,72,22,303,42,73,48,103,46,74,24,161,34*68
$GLGSV,3,2,09,85,05,190,39,86,39,247,46,87,33,298,44,90,00,000,35*63
$GLGSV,3,3,09,91,00,000,34,,,,,,,,,,,,*53
$GAGSV,2,1,06,03,24,264,46,05,63,319,30,11,09,161,39,31,13,075,41*60
$GAGSV,2,2,06,34,54,291,43,36,51,190,49,,,,,,,,*61
$GQGSV,1,1,02,03,44,169,44,07,53,169,40,,,,,,,,*7C
$GBGSV,4,1,15,01,48,147,49,02,35,242,46,03,55,202,48,04,37,120,42*60
$GBGSV,4,2,15,06,69,040,44,07,57,190,49,10,46,191,45,11,24,271,45*6C
$GBGSV,4,3,15,12,11,294,45,20,28,304,44,23,49,089,49,27,00,000,31*6D
$GBGSV,4,4,15,30,24,240,42,37,38,167,48,41,24,084,47,,,,*55
$GPGSA,M,3,18,20,24,32,,,,,,,,,1.4,0.7,1.2,1*2E
#INSPVAXA,ICOM3,0,94.4,FINESTEERING,2427,544323.640,00000000,0271,797;WAITING_AZIMUTH,NONE,0.00000000000,0.00000000000,0.0000,0.0000,0.0000,0.0000,0.0000,0.000000000,0.000000000,-0.000000000,0.0000,0.0000,0.0000,0.0000,0.0000,0.0000,0.0000,0.0000,0.0000,00000000,544324*025a7bf7
#RAWIMUA,ICOM3,0,94.4,FINESTEERING,2427,544323.636,00000000,0000,797;2427,544323.635972000,1af600ba,1162751,292970,-519684,-29945,3040,-13377*7e42cfc6
#INSPVAXA,ICOM3,0,94.4,FINESTEERING,2427,544323.650,00000000,027b,797;WAITING_AZIMUTH,NONE,0.00000000000,0.00000000000,0.0000,0.0000,0.0000,0.0000,0.0000,0.000000000,0.000000000,-0.000000000,0.0000,0.0000,0.0000,0.0000,0.0000,0.0000,0.0000,0.0000,0.0000,00000000,544324*cc8ca01e
#RAWIMUA,ICOM3,0,94.4,FINESTEERING,2427,544323.646,00000000,0000,797;2427,544323.645978000,1af700bb,1162451,291666,-519209,-14896,5356,-15294*8fe079b7
#INSPVAXA,ICOM3,0,94.4,FINESTEERING,2427,544323.660,00000000,0285,797;WAITING_AZIMUTH,NONE,0.00000000000,0.00000000000,0.0000,0.0000,0.0000,0.0000,0.0000,0.000000000,0.000000000,-0.000000000,0.0000,0.0000,0.0000,0.0000,0.0000,0.0000,0.0000,0.0000,0.0000,00000000,544324*28fed3b8
#RAWIMUA,ICOM3,0,94.4,FINESTEERING,2427,544323.656,00000000,0000,797;2427,544323.655992000,1afd00bc,1162525,291722,-519997,-19945,5812,-18022*baa2873f
#INSPVAXA,ICOM3,0,94.4,FINESTEERING,2427,544323.670,00000000,028f,797;WAITING_AZIMUTH,NONE,0.00000000000,0.00000000000,0.0000,0.0000,0.0000,0.0000,0.0000,0.000000000,0.000000000,-0.000000000,0.0000,0.0000,0.0000,0.0000,0.0000,0.0000,0.0000,0.0000,0.0000,00000000,544324*e6280851
#RAWIMUA,ICOM3,0,94.4,FINESTEERING,2427,544323.666,00000000,0000,797;2427,544323.665965000,1afc00bd,1162518,291501,-519273,-16241,-1097,-14207*ac332420
#INSPVAXA,ICOM3,0,94.4,FINESTEERING,2427,544323.680,00000000,0299,797;WAITING_AZIMUTH,NONE,0.00000000000,0.00000000000,0.0000,0.0000,0.0000,0.0000,0.0000,0.000000000,0.000000000,-0.000000000,0.0000,0.0000,0.0000,0.0000,0.0000,0.0000,0.0000,0.0000,0.0000,00000000,544324*440622c6
#RAWIMUA,ICOM3,0,94.4,FINESTEERING,2427,544323.676,00000000,0000,797;2427,544323.675956000,1afc00be,1163802,292903,-519684,-19126,-1659,-16248*f73456d4
#INSPVAXA,ICOM3,0,94.4,FINESTEERING,2427,544323.690,00000000,02a3,797;WAITING_AZIMUTH,NONE,0.00000000000,0.00000000000,0.0000,0.0000,0.0000,0.0000,0.0000,0.000000000,0.000000000,-0.000000000,0.0000,0.0000,0.0000,0.0000,0.0000,0.0000,0.0000,0.0000,0.0000,00000000,544324*0785b232
#RAWIMUA,ICOM3,0,94.4,FINESTEERING,2427,544323.686,00000000,0000,797;2427,544323.685979000,1afd00bf,1163118,291065,-520122,-18404,4497,-11293*44bdac35
#INSPVAXA,ICOM3,0,94.4,FINESTEERING,2427,544323.700,00000000,02ad,797;WAITING_AZIMUTH,NONE,0.00000000000,0.00000000000,0.0000,0.0000,0.0000,0.0000,0.0000,0.000000000,0.000000000,-0.000000000,0.0000,0.0000,0.0000,0.0000,0.0000,0.0000,0.0000,0.0000,0.0000,00000000,544324*eda81a62
#RAWIMUA,ICOM3,0,94.4,FINESTEERING,2427,544323.696,00000000,0000,797;2427,544323.695972000,1af800c0,1164183,292749,-521586,-26699,5873,-15301*7e5df437
#INSPVAXA,ICOM3,0,94.4,FINESTEERING,2427,544323.710,00000000,02b7,797;WAITING_AZIMUTH,NONE,0.00000000000,0.00000000000,0.0000,0.0000,0.0000,0.0000,0.0000,0.000000000,0.000000000,-0.000000000,0.0000,0.0000,0.0000,0.0000,0.0000,0.0000,0.0000,0.0000,0.0000,00000000,544324*80bd5db5
#RAWIMUA,ICOM3,0,94.4,FINESTEERING,2427,544323.706,00000000,0000,797;2427,544323.705994000,1af800c1,1162873,292032,-518656,-15454,-3005,-12146*20812df4
#INSPVAXA,ICOM3,0,94.4,FINESTEERING,2427,544323.720,00000000,02c1,797;WAITING_AZIMUTH,NONE,0.00000000000,0.00000000000,0.0000,0.0000,0.0000,0.0000,0.0000,0.000000000,0.000000000,-0.000000000,0.0000,0.0000,0.0000,0.0000,0.0000,0.0000,0.0000,0.0000,0.0000,00000000,544324*092bbd0f
#RAWIMUA,ICOM3,0,94.4,FINESTEERING,2427,544323.716,00000000,0000,797;2427,544323.716014000,1afc00c2,1161989,291440,-518977,-16634,-1459,-14373*38eb2b82
#INSPVAXA,ICOM3,0,94.4,FINESTEERING,2427,544323.730,00000000,02cc,797;WAITING_AZIMUTH,NONE,0.00000000000,0.00000000000,0.0000,0.0000,0.0000,0.0000,0.0000,0.000000000,0.000000000,-0.000000000,0.0000,0.0000,0.0000,0.0000,0.0000,0.0000,0.0000,0.0000,0.0000,00000000,544324*5ba65d07
#RAWIMUA,ICOM3,0,94.4,FINESTEERING,2427,544323.726,00000000,0000,797;2427,544323.725953000,1afd00c3,1163261,292300,-518102,-16929,13583,-15949*d5599806
#INSPVAXA,ICOM3,0,94.4,FINESTEERING,2427,544323.740,00000000,02d5,797;WAITING_AZIMUTH,NONE,0.00000000000,0.00000000000,0.0000,0.0000,0.0000,0.0000,0.0000,0.000000000,0.000000000,-0.000000000,0.0000,0.0000,0.0000,0.0000,0.0000,0.0000,0.0000,0.0000,0.0000,00000000,544324*c7bd12b7
#RAWIMUA,ICOM3,0,94.4,FINESTEERING,2427,544323.736,00000000,0000,797;2427,544323.735974000,1af700c4,1162212,292561,-518334,-11585,5490,-9675*43bf9210
#INSPVAXA,ICOM3,0,94.4,FINESTEERING,2427,544323.750,00000000,02df,797;WAITING_AZIMUTH,NONE,0.00000000000,0.00000000000,0.0000,0.0000,0.0000,0.0000,0.0000,0.000000000,0.000000000,-0.000000000,0.0000,0.0000,0.0000,0.0000,0.0000,0.0000,0.0000,0.0000,0.0000,00000000,544324*096bc95e
#RAWIMUA,ICOM3,0,94.4,FINESTEERING,2427,544323.746,00000000,0000,797;2427,544323.745966000,1af900c5,1161341,290777,-519756,-25093,1595,-11344*e6f5e959
#INSPVAXA,ICOM3,0,94.4,FINESTEERING,2427,544323.760,00000000,02e9,797;WAITING_AZIMUTH,NONE,0.00000000000,0.00000000000,0.0000,0.0000,0.0000,0.0000,0.0000,0.000000000,0.000000000,-0.000000000,0.0000,0.0000,0.0000,0.0000,0.0000,0.0000,0.0000,0.0000,0.0000,00000000,544324*42291fa6
#RAWIMUA,ICOM3,0,94.4,FINESTEERING,2427,544323.756,00000000,0000,797;2427,544323.755960000,1afa00c6,1164171,292796,-520372,-10962,3252,-22133*f847a86a
#INSPVAXA,ICOM3,0,94.4,FINESTEERING,2427,544323.770,00000000,02f3,797;WAITING_AZIMUTH,NONE,0.00000000000,0.00000000000,0.0000,0.0000,0.0000,0.0000,0.0000,0.000000000,0.000000000,-0.000000000,0.0000,0.0000,0.0000,0.0000,0.0000,0.0000,0.0000,0.0000,0.0000,00000000,544324*ede86e33
#RAWIMUA,ICOM3,0,94.4,FINESTEERING,2427,544323.766,00000000,0000,797;2427,544323.765952000,1af800c7,1164255,291928,-518951,-18864,1666,-15413*cb24803a
#INSPVAXA,ICOM3,0,94.4,FINESTEERING,2427,544323.780,00000000,02fd,797;WAITING_AZIMUTH,NONE,0.00000000000,0.00000000000,0.0000,0.0000,0.0000,0.0000,0.0000,0.000000000,0.000000000,-0.000000000,0.0000,0.0000,0.0000,0.0000,0.0000,0.0000,0.0000,0.0000,0.0000,00000000,544324*a1a807ff
#RAWIMUA,ICOM3,0,94.4,FINESTEERING,2427,544323.776,00000000,0000,797;2427,544323.775975000,1af400c8,1161443,291722,-520161,-26142,4787,-17046*9e69a394
#INSPVAXA,ICOM3,0,94.4,FINESTEERING,2427,544323.790,00000000,0307,797;WAITING_AZIMUTH,NONE,0.00000000000,0.00000000000,0.0000,0.0000,0.0000,0.0000,0.0000,0.000000000,0.000000000,-0.000000000,0.0000,0.0000,0.0000,0.0000,0.0000,0.0000,0.0000,0.0000,0.0000,00000000,544324*405e794b
#RAWIMUA,ICOM3,0,94.4,FINESTEERING,2427,544323.786,00000000,0000,797;2427,544323.785967000,1af400c9,1162883,291857,-519638,-16667,614,-7368*01c78e48
#INSPVAXA,ICOM3,0,94.4,FINESTEERING,2427,544323.800,00000000,0311,797;WAITING_AZIMUTH,NONE,0.00000000000,0.00000000000,0.0000,0.0000,0.0000,0.0000,0.0000,0.000000000,0.000000000,-0.000000000,0.0000,0.0000,0.0000,0.0000,0.0000,0.0000,0.0000,0.0000,0.0000,00000000,544324*25ebcd21
#RAWIMUA,ICOM3,0,94.4,FINESTEERING,2427,544323.796,00000000,0000,797;2427,544323.795961000,1afa00ca,1162186,291080,-518940,-20175,875,-12034*0a09b39e
#INSPVAXA,ICOM3,0,94.4,FINESTEERING,2427,544323.810,00000000,031b,797;WAITING_AZIMUTH,NONE,0.00000000000,0.00000000000,0.0000,0.0000,0.0000,0.0000,0.0000,0.000000000,0.000000000,-0.000000000,0.0000,0.0000,0.0000,0.0000,0.0000,0.0000,0.0000,0.0000,0.0000,00000000,544324*eb3d16c8
#RAWIMUA,ICOM3,0,94.4,FINESTEERING,2427,544323.806,00000000,0000,797;2427,544323.805977000,1afe00cb,1162223,292353,-519348,-17225,3214,-15635*ac2b8c4c
#INSPVAXA,ICOM3,0,94.4,FINESTEERING,2427,544323.820,00000000,0325,797;WAITING_AZIMUTH,NONE,0.00000000000,0.00000000000,0.0000,0.0000,0.0000,0.0000,0.0000,0.000000000,0.000000000,-0.000000000,0.0000,0.0000,0.0000,0.0000,0.0000,0.0000,0.0000,0.0000,0.0000,00000000,544324*edd21f55
#RAWIMUA,ICOM3,0,94.4,FINESTEERING,2427,544323.816,00000000,0000,797;2427,544323.816024000,1afd00cc,1163636,292087,-519412,-15323,4071,-16057*c5d6bd42
$GPGGA,071145.80,3109.8268692,N,12127.2280421,E,4,34,0.7,6.097,M,11.031,M,0.800,1793*4D
#BESTGNSSPOSA,ICOM3,0,94.4,FINESTEERING,2427,544323.800,03e1c002,0000,797;SOL_COMPUTED,NARROW_INT,31.16378115402,121.45380070213,6.0967,11.0314,WGS84,0.0166,0.0150,0.0287,"1793",0.800,0.014,37,34,34,34,00,00,30,37*b49d4cc1
#HEADINGA,ICOM3,0,94.4,FINESTEERING,2427,544323.800,00000000,0000,797;SOL_COMPUTED,NONE,0.000000000,0.000000000,0.000000000,0.0,0.000000000,0.000000000,"1793",0,0,0,0,0,00,30,37*2a352ca9
$GPGSV,2,1,05,12,00,000,23,18,50,221,44,20,15,066,38,24,69,049,44*79
$GPGSV,2,2,05,32,10,270,39,,,,,,,,,,,,*43
$GLGSV,3,1,09,70,18,070,44,72,22,303,42,73,48,103,46,74,24,161,34*68
$GLGSV,3,2,09,85,05,190,39,86,39,247,46,87,33,298,44,90,00,000,35*63
$GLGSV,3,3,09,91,00,000,34,,,,,,,,,,,,*53
$GAGSV,2,1,06,03,24,264,46,05,63,319,30,11,09,161,39,31,13,075,41*60
$GAGSV,2,2,06,34,54,291,43,36,51,190,49,,,,,,,,*61
$GQGSV,1,1,02,03,44,169,44,07,53,169,40,,,,,,,,*7C
$GBGSV,4,1,15,01,48,147,49,02,35,242,46,03,55,202,48,04,37,120,42*60
$GBGSV,4,2,15,06,69,040,44,07,57,190,49,10,46,191,45,11,24,271,45*6C
$GBGSV,4,3,15,12,11,294,45,20,28,304,44,23,49,089,49,27,00,000,31*6D
$GBGSV,4,4,15,30,24,240,42,37,38,167,48,41,24,084,47,,,,*55
$GPGSA,M,3,18,20,24,32,,,,,,,,,1.4,0.7,1.2,1*2E
#INSPVAXA,ICOM3,0,94.4,FINESTEERING,2427,544323.830,00000000,0330,797;WAITING_AZIMUTH,NONE,0.00000000000,0.00000000000,0.0000,0.0000,0.0000,0.0000,0.0000,0.000000000,0.000000000,-0.000000000,0.0000,0.0000,0.0000,0.0000,0.0000,0.0000,0.0000,0.0000,0.0000,00000000,544324*6cdd1e80
#RAWIMUA,ICOM3,0,94.4,FINESTEERING,2427,544323.826,00000000,0000,797;2427,544323.825973000,1afb00cd,1161661,292292,-519019,-24897,-10616,-8245*de5ed267
#INSPVAXA,ICOM3,0,94.4,FINESTEERING,2427,544323.840,00000000,0339,797;WAITING_AZIMUTH,NONE,0.00000000000,0.00000000000,0.0000,0.0000,0.0000,0.0000,0.0000,0.000000000,0.000000000,-0.000000000,0.0000,0.0000,0.0000,0.0000,0.0000,0.0000,0.0000,0.0000,0.0000,00000000,544324*864d445e
#RAWIMUA,ICOM3,0,94.4,FINESTEERING,2427,544323.836,00000000,0000,797;2427,544323.835963000,1afd00ce,1163526,292068,-518329,-27421,1100,-12433*e989afe7
#INSPVAXA,ICOM3,0,94.4,FINESTEERING,2427,544323.850,00000000,0343,797;WAITING_AZIMUTH,NONE,0.00000000000,0.00000000000,0.0000,0.0000,0.0000,0.0000,0.0000,0.000000000,0.000000000,-0.000000000,0.0000,0.0000,0.0000,0.0000,0.0000,0.0000,0.0000,0.0000,0.0000,00000000,544324*c1281e1d
#RAWIMUA,ICOM3,0,94.4,FINESTEERING,2427,544323.846,00000000,0000,797;2427,544323.845954000,1aff00cf,1163258,293711,-517888,-20339,-4326,-17477*42378b59
#INSPVAXA,ICOM3,0,94.4,FINESTEERING,2427,544323.860,00000000,034d,797;WAITING_AZIMUTH,NONE,0.00000000000,0.00000000000,0.0000,0.0000,0.0000,0.0000,0.0000,0.000000000,0.000000000,-0.000000000,0.0000,0.0000,0.0000,0.0000,0.0000,0.0000,0.0000,0.0000,0.0000,00000000,544324*64048bbe
#RAWIMUA,ICOM3,0,94.4,FINESTEERING,2427,544323.856,00000000,0000,797;2427,544323.855977000,1afc00d0,1162768,292432,-518070,-26929,1133,-16801*0134ffcf
#INSPVAXA,ICOM3,0,94.4,FINESTEERING,2427,544323.870,00000000,0357,797;WAITING_AZIMUTH,NONE,0.00000000000,0.00000000000,0.0000,0.0000,0.0000,0.0000,0.0000,0.000000000,0.000000000,-0.000000000,0.0000,0.0000,0.0000,0.0000,0.0000,0.0000,0.0000,0.0000,0.0000,00000000,544324*7d43d982
#RAWIMUA,ICOM3,0,94.4,FINESTEERING,2427,544323.866,00000000,0000,797;2427,544323.865968000,1afa00d1,1162288,290422,-519162,-18831,7623,-13186*6bab8ae1
#INSPVAXA,ICOM3,0,94.4,FINESTEERING,2427,544323.880,00000000,0361,797;WAITING_AZIMUTH,NONE,0.00000000000,0.00000000000,0.0000,0.0000,0.0000,0.0000,0.0000,0.000000000,0.000000000,-0.000000000,0.0000,0.0000,0.0000,0.0000,0.0000,0.0000,0.0000,0.0000,0.0000,00000000,544324*69ebd0bc
#RAWIMUA,ICOM3,0,94.4,FINESTEERING,2427,544323.876,00000000,0000,797;2427,544323.875961000,1afc00d2,1163138,292618,-518926,-19913,2685,-19384*e44fb195
#INSPVAXA,ICOM3,0,94.4,FINESTEERING,2427,544323.890,00000000,036b,797;WAITING_AZIMUTH,NONE,0.00000000000,0.00000000000,0.0000,0.0000,0.0000,0.0000,0.0000,0.000000000,0.000000000,-0.000000000,0.0000,0.0000,0.0000,0.0000,0.0000,0.0000,0.0000,0.0000,0.0000,00000000,544324*a73d0b55
#RAWIMUA,ICOM3,0,94.4,FINESTEERING,2427,544323.886,00000000,0000,797;2427,544323.885953000,1afb00d3,1163496,292228,-518593,-23487,2682,-15675*32f36bff
#INSPVAXA,ICOM3,0,94.4,FINESTEERING,2427,544323.900,00000000,0375,797;WAITING_AZIMUTH,NONE,0.00000000000,0.00000000000,0.0000,0.0000,0.0000,0.0000,0.0000,0.000000000,0.000000000,-0.000000000,0.0000,0.0000,0.0000,0.0000,0.0000,0.0000,0.0000,0.0000,0.0000,00000000,544324*9a812ad0
#RAWIMUA,ICOM3,0,94.4,FINESTEERING,2427,544323.896,00000000,0000,797;2427,544323.895948000,1afc00d4,1162564,292141,-520593,-23946,-149,-17199*6e35fbdc
#INSPVAXA,ICOM3,0,94.4,FINESTEERING,2427,544323.910,00000000,037f,797;WAITING_AZIMUTH,NONE,0.00000000000,0.00000000000,0.0000,0.0000,0.0000,0.0000,0.0000,0.000000000,0.000000000,-0.000000000,0.0000,0.0000,0.0000,0.0000,0.0000,0.0000,0.0000,0.0000,0.0000,00000000,544324*5457f139
#RAWIMUA,ICOM3,0,94.4,FINESTEERING,2427,544323.906,00000000,0000,797;2427,544323.906012000,1b0000d5,1163143,292187,-519413,-15160,-5277,-18266*c33dd2da
#INSPVAXA,ICOM3,0,94.4,FINESTEERING,2427,544323.920,00000000,038a,797;WAITING_AZIMUTH,NONE,0.00000000000,0.00000000000,0.0000,0.0000,0.0000,0.0000,0.0000,0.000000000,0.000000000,-0.000000000,0.0000,0.0000,0.0000,0.0000,0.0000,0.0000,0.0000,0.0000,0.0000,00000000,544324*d75545b2
#RAWIMUA,ICOM3,0,94.4,FINESTEERING,2427,544323.916,00000000,0000,797;2427,544323.916017000,1afc00d6,1163538,292251,-519479,-18045,5386,-14411*372e4af6
#INSPVAXA,ICOM3,0,94.4,FINESTEERING,2427,544323.930,00000000,0394,797;WAITING_AZIMUTH,NONE,0.00000000000,0.00000000000,0.0000,0.0000,0.0000,0.0000,0.0000,0.000000000,0.000000000,-0.000000000,0.0000,0.0000,0.0000,0.0000,0.0000,0.0000,0.0000,0.0000,0.0000,00000000,544324*312a834a
#RAWIMUA,ICOM3,0,94.4,FINESTEERING,2427,544323.926,00000000,0000,797;2427,544323.925958000,1afc00d7,1163434,291898,-518852,-16012,-570,-15027*005742ea
#INSPVAXA,ICOM3,0,94.4,FINESTEERING,2427,544323.940,00000000,039d,797;WAITING_AZIMUTH,NONE,0.00000000000,0.00000000000,0.0000,0.0000,0.0000,0.0000,0.0000,0.000000000,0.000000000,-0.000000000,0.0000,0.0000,0.0000,0.0000,0.0000,0.0000,0.0000,0.0000,0.0000,00000000,544324*196eefd6
#RAWIMUA,ICOM3,0,94.4,FINESTEERING,2427,544323.936,00000000,0000,797;2427,544323.935948000,1afd00d8,1163475,292771,-519781,-24143,8639,-10723*d6e15a26
#INSPVAXA,ICOM3,0,94.4,FINESTEERING,2427,544323.950,00000000,03a7,797;WAITING_AZIMUTH,NONE,0.00000000000,0.00000000000,0.0000,0.0000,0.0000,0.0000,0.0000,0.000000000,0.000000000,-0.000000000,0.0000,0.0000,0.0000,0.0000,0.0000,0.0000,0.0000,0.0000,0.0000,00000000,544324*98394960
#RAWIMUA,ICOM3,0,94.4,FINESTEERING,2427,544323.946,00000000,0000,797;2427,544323.945972000,1af800d9,1164092,291765,-518949,-18176,3246,-17771*f7bc7c1e
#INSPVAXA,ICOM3,0,94.4,FINESTEERING,2427,544323.960,00000000,03b1,797;WAITING_AZIMUTH,NONE,0.00000000000,0.00000000000,0.0000,0.0000,0.0000,0.0000,0.0000,0.000000000,0.000000000,-0.000000000,0.0000,0.0000,0.0000,0.0000,0.0000,0.0000,0.0000,0.0000,0.0000,00000000,544324*65fdbc31
#RAWIMUA,ICOM3,0,94.4,FINESTEERING,2427,544323.956,00000000,0000,797;2427,544323.955963000,1af800da,1162916,290908,-519595,-16471,-768,-17755*ae06296e
#INSPVAXA,ICOM3,0,94.4,FINESTEERING,2427,544323.970,00000000,03bb,797;WAITING_AZIMUTH,NONE,0.00000000000,0.00000000000,0.0000,0.0000,0.0000,0.0000,0.0000,0.000000000,0.000000000,-0.000000000,0.0000,0.0000,0.0000,0.0000,0.0000,0.0000,0.0000,0.0000,0.0000,00000000,544324*ab2b67d8
#RAWIMUA,ICOM3,0,94.4,FINESTEERING,2427,544323.966,00000000,0000,797;2427,544323.965956000,1af900db,1164291,291172,-519172,-22078,-7323,-14569*72161499
#INSPVAXA,ICOM3,0,94.4,FINESTEERING,2427,544323.980,00000000,03c5,797;WAITING_AZIMUTH,NONE,0.00000000000,0.00000000000,0.0000,0.0000,0.0000,0.0000,0.0000,0.000000000,0.000000000,-0.000000000,0.0000,0.0000,0.0000,0.0000,0.0000,0.0000,0.0000,0.0000,0.0000,00000000,544324*30fa87c1
#RAWIMUA,ICOM3,0,94.4,FINESTEERING,2427,544323.976,00000000,0000,797;2427,544323.975947000,1afe00dc,1163133,292624,-518401,-10471,4305,-15035*f17ed089
#INSPVAXA,ICOM3,0,94.4,FINESTEERING,2427,544323.990,00000000,03cf,797;WAITING_AZIMUTH,NONE,0.00000000000,0.00000000000,0.0000,0.0000,0.0000,0.0000,0.0000,0.000000000,0.000000000,-0.000000000,0.0000,0.0000,0.0000,0.0000,0.0000,0.0000,0.0000,0.0000,0.0000,00000000,544324*fe2c5c28
#RAWIMUA,ICOM3,0,94.4,FINESTEERING,2427,544323.986,00000000,0000,797;2427,544323.985970000,1b0100dd,1163698,292845,-519027,-22438,-5480,-16532*def93f56
#INSPVAXA,ICOM3,0,94.4,FINESTEERING,2427,544324.000,00000000,03d9,797;WAITING_AZIMUTH,NONE,0.00000000000,0.00000000000,0.0000,0.0000,0.0000,0.0000,0.0000,0.000000000,0.000000000,-0.000000000,0.0000,0.0000,0.0000,0.0000,0.0000,0.0000,0.0000,0.0000,0.0000,00000000,544325*992d5e6e
#INSCALSTATUSA,ICOM3,0,94.4,FINESTEERING,2427,544324.000,00000000,0000,797;RBV,0.0000,0.0000,0.0000,45.0000,45.0000,45.0000,CALIBRATED,0*c96e5544
#RAWIMUA,ICOM3,0,94.4,FINESTEERING,2427,544323.996,00000000,0000,797;2427,544323.995965000,1aff00de,1163899,291661,-519407,-17094,1107,-14069*a57dd334
#INSPVAXA,ICOM3,0,94.4,FINESTEERING,2427,544324.010,00000000,03e3,797;WAITING_AZIMUTH,NONE,0.00000000000,0.00000000000,0.0000,0.0000,0.0000,0.0000,0.0000,0.000000000,0.000000000,-0.000000000,0.0000,0.0000,0.0000,0.0000,0.0000,0.0000,0.0000,0.0000,0.0000,00000000,544325*42be3a10
#RAWIMUA,ICOM3,0,94.4,FINESTEERING,2427,544324.006,00000000,0000,797;2427,544324.005984179,1afc00df,1161942,292991,-520799,-17455,-2316,-12606*e4956634
#INSPVAXA,ICOM3,0,94.4,FINESTEERING,2427,544324.020,00000000,0005,797;WAITING_AZIMUTH,NONE,0.00000000000,0.00000000000,0.0000,0.0000,0.0000,0.0000,0.0000,0.000000000,0.000000000,-0.000000000,0.0000,0.0000,0.0000,0.0000,0.0000,0.0000,0.0000,0.0000,0.0000,00000000,544325*a7f603f9
#RAWIMUA,ICOM3,0,94.4,FINESTEERING,2427,544324.016,00000000,0000,797;2427,544324.015962000,1afe00e0,1162029,293790,-519726,-25783,-6075,-13614*c499c4c1
#INSPVAXA,ICOM3,0,94.4,FINESTEERING,2427,544324.030,00000000,000f,797;WAITING_AZIMUTH,NONE,0.00000000000,0.00000000000,0.0000,0.0000,0.0000,0.0000,0.0000,0.000000000,0.000000000,-0.000000000,0.0000,0.0000,0.0000,0.0000,0.0000,0.0000,0.0000,0.0000,0.0000,00000000,544325*6920d810
#RAWIMUA,ICOM3,0,94.4,FINESTEERING,2427,544324.026,00000000,0000,797;2427,544324.025967000,1afb00e1,1163036,292230,-518495,-14537,-2446,-16481*c1adcc07
#BESTPOSA,ICOM3,0,94.4,FINESTEERING,2427,544324.000,03e1c002,0001,797;SOL_COMPUTED,NARROW_INT,31.16378108665,121.45380071055,6.0835,11.0314,WGS84,0.0129,0.0115,0.0256,"1793",1.000,0.021,37,34,34,34,00,00,30,37*a1805cef
$GPGGA,071146.00,3109.8268652,N,12127.2280426,E,4,34,0.7,6.083,M,11.031,M,1.000,1793*41
#BESTGNSSPOSA,ICOM3,0,94.4,FINESTEERING,2427,544324.000,03e1c002,0001,797;SOL_COMPUTED,NARROW_INT,31.16378108665,121.45380071055,6.0835,11.0314,WGS84,0.0129,0.0115,0.0256,"1793",1.000,0.021,37,34,34,34,00,00,30,37*8134ca9d
#HEADINGA,ICOM3,0,94.4,FINESTEERING,2427,544324.000,00000000,0000,797;SOL_COMPUTED,NONE,0.000000000,0.000000000,0.000000000,0.0,0.000000000,0.000000000,"1793",0,0,0,0,0,00,30,37*22b0aa9a
$GPGSV,2,1,05,12,00,000,23,18,50,221,43,20,15,066,38,24,69,049,44*7E
$GPGSV,2,2,05,32,10,270,39,,,,,,,,,,,,*43
$GLGSV,3,1,09,70,18,070,44,72,22,303,42,73,48,103,46,74,24,161,34*68
$GLGSV,3,2,09,85,05,190,39,86,39,247,46,87,33,298,44,90,00,000,36*60
$GLGSV,3,3,09,91,00,000,35,,,,,,,,,,,,*52
$GAGSV,2,1,06,03,24,264,46,05,63,319,30,11,09,161,39,31,13,075,41*60
$GAGSV,2,2,06,34,54,291,43,36,51,190,49,,,,,,,,*61
$GQGSV,1,1,02,03,44,169,44,07,53,169,40,,,,,,,,*7C
$GBGSV,4,1,15,01,48,147,49,02,35,242,46,03,55,202,48,04,37,120,42*60
$GBGSV,4,2,15,06,69,040,44,07,57,190,49,10,46,191,45,11,24,271,45*6C
$GBGSV,4,3,15,12,11,294,45,20,28,304,44,23,49,089,49,27,00,000,31*6D
$GBGSV,4,4,15,30,24,240,42,37,38,167,48,41,24,084,47,,,,*55
$GPGSA,M,3,18,20,24,32,,,,,,,,,1.4,0.7,1.2,1*2E
#INSPVAXA,ICOM3,0,94.4,FINESTEERING,2427,544324.040,00000000,0019,797;WAITING_AZIMUTH,NONE,0.00000000000,0.00000000000,0.0000,0.0000,0.0000,0.0000,0.0000,0.000000000,0.000000000,-0.000000000,0.0000,0.0000,0.0000,0.0000,0.0000,0.0000,0.0000,0.0000,0.0000,00000000,544325*cc6958f2
ªD*   H   ¼´{	 ¹q Àá     2   ÈÛªŽí)?@Æ¬"]^@À"y~}U@Ì€0A=   ¢±S<bË;<œÑ<1793  €?®<%"""  07§ü!oªD7  0   ¼´{	 ¹q                                           1793      07zïÅ#RAWIMUA,ICOM3,0,94.4,FINESTEERING,2427,544324.036,00000000,0000,797;2427,544324.035962000,1afc00e2,1164294,291170,-519369,-18373,-935,-17134*511eabf7
#TRACKSTATA,ICOM3,0,94.4,FINESTEERING,2427,544324.000,00000000,0000,797;SOL_COMPUTED,NARROW_INT,0.0,100,12,0,00181544,24289104.512,2717.372,23.000,0.000,0.000,GOOD,0.000,12,0,02381564,24289112.744,2116.966,27.250,0.000,0.000,GOOD,0.000,18,0,10101cc4,21408138.556,-2141.269,43.250,75.900,0.000,GOOD,0.000,18,0,02301ce4,21408138.838,-1668.369,45.750,72.500,0.000,GOOD,0.000,18,0,01d01d04,21408159.193,-1598.982,46.750,74.900,0.000,GOOD,0.000,20,0,10101e44,24286649.587,-2500.519,38.250,75.000,0.000,GOOD,0.000,20,0,12301e64,24286652.869,-1948.225,45.500,72.500,0.000,GOOD,0.000,20,0,11d01e84,24286669.987,-1867.108,44.000,74.000,0.000,GOOD,0.000,24,0,10101ec4,20110533.233,-1317.820,44.250,74.400,0.000,GOOD,0.000,24,0,12301ee4,20110535.509,-1026.795,43.000,70.900,0.000,GOOD,0.000,24,0,01d01f04,20110551.631,-983.850,45.500,73.300,0.000,GOOD,0.000,32,0,10101dc4,24895888.132,1907.474,38.750,72.000,0.000,GOOD,0.000,32,0,02301de4,24895894.630,1486.616,35.250,69.100,0.000,GOOD,0.000,32,0,11d01e04,24895910.385,1424.557,37.000,70.600,0.000,GOOD,0.000,43,3,10111d44,22926116.744,-2048.719,44.000,79.600,0.000,GOOD,0.000,43,3,10311d64,22926129.806,-1593.254,46.750,78.800,0.000,GOOD,0.000,45,13,00111e44,22559757.361,1682.348,41.500,75.600,0.000,GOOD,0.000,45,13,00311e64,22559764.909,1308.615,44.000,74.800,0.000,GOOD,0.000,46,5,10111dc4,20493126.498,1217.787,46.000,78.900,0.000,GOOD,0.000,46,5,10311de4,20493134.163,947.126,47.750,77.900,0.000,GOOD,0.000,47,0,001914c4,22419411.289,3903.252,34.250,1.300,0.000,GOOD,0.000,58,11,10111ec4,24284484.556,-4399.808,39.250,29.700,0.000,GOOD,0.000,58,11,003116e4,24284527.241,-3422.365,33.500,1.300,0.000,GOOD,0.000,59,4,10111d84,21115404.761,-2414.091,46.250,79.100,0.000,GOOD,0.000,59,4,10311da4,21115410.111,-1877.652,42.750,78.300,0.000,GOOD,0.000,60,10,00111e04,21594329.047,310.753,43.750,77.700,0.000,GOOD,0.000,63,1,10191d04,21907940.569,1453.677,35.500,2.000,0.000,GOOD,0.000,63,1,00391524,21907931.885,1130.625,37.500,0.700,0.000,GOOD,0.000,64,2,00191684,21929539.175,-1623.054,35.000,1.100,0.000,GOOD,0.000,3,0,00331fc4,26547524.134,1370.684,45.750,80.300,0.000,GOOD,0.000,3,0,02331c24,26547531.339,1050.111,46.250,79.500,0.000,GOOD,0.000,3,0,01931fe4,26547531.868,1023.482,42.500,77.300,0.000,GOOD,0.000,3,0,00d31c04,26547699.497,1112.433,41.500,76.500,0.000,GOOD,0.000,5,0,00331644,23884459.817,-203.204,30.000,0.000,0.000,GOOD,0.000,5,0,023316a4,23884470.144,-156.210,37.750,1.300,0.000,GOOD,0.000,11,0,00331cc4,26395735.709,-3301.825,38.500,25.100,0.000,GOOD,0.000,11,0,12331d24,26395749.884,-2529.584,42.250,64.300,0.000,GOOD,0.000,11,0,11931ce4,26395751.775,-2465.452,37.750,72.000,0.000,GOOD,0.000,11,0,10d31d04,26395917.098,-2680.177,34.750,37.400,0.000,GOOD,0.000,31,0,00331c44,27627034.969,752.678,40.750,73.300,0.000,GOOD,0.000,31,0,12331ca4,27627044.655,576.740,45.500,72.300,0.000,GOOD,0.000,31,0,01931c64,27627045.915,562.158,40.000,69.100,0.000,GOOD,0.000,31,0,10d31c84,27627206.193,610.940,33.000,11.400,0.000,GOOD,0.000,34,0,10331dc4,24368666.207,401.712,43.000,55.100,0.000,GOOD,0.000,34,0,02331e24,24368673.119,307.725,47.250,53.700,0.000,GOOD,0.000,34,0,01931de4,24368673.700,299.792,43.750,51.000,0.000,GOOD,0.000,34,0,00d31e04,24368841.763,325.971,45.500,51.200,0.000,GOOD,0.000,36,0,10331d44,24631259.473,-2322.748,48.500,72.000,0.000,GOOD,0.000,36,0,12331da4,24631267.009,-1779.912,49.500,71.100,0.000,GOOD,0.000,36,0,11931d64,24631266.942,-1734.488,45.000,68.100,0.000,GOOD,0.000,36,0,00d31d84,24631431.827,-1885.596,44.500,68.200,0.000,GOOD,0.000,195,0,10151f44,36628028.241,-82.949,44.000,80.200,0.000,GOOD,0.000,195,0,02351f64,36628026.278,-64.505,47.000,72.500,0.000,GOOD,0.000,195,0,11d51f84,36628043.507,-61.828,44.500,79.000,0.000,GOOD,0.000,199,0,10151ec4,36982639.934,-165.537,39.500,78.800,0.000,GOOD,0.000,199,0,02351ee4,36982636.402,-128.747,44.000,72.100,0.000,GOOD,0.000,199,0,11d51f04,36982656.334,-123.316,46.750,77.300,0.000,GOOD,0.000,1,0,10941c04,37277874.415,-175.829,48.750,80.300,0.000,GOOD,0.000,1,0,00d41c24,37277872.883,-142.945,46.750,80.300,0.000,GOOD,0.000,2,0,00941c64,38310080.416,-143.592,46.250,80.300,0.000,GOOD,0.000,2,0,00d41c84,38310072.815,-116.700,44.000,80.300,0.000,GOOD,0.000,3,0,00941cc4,36917598.659,-160.555,48.000,80.300,0.000,GOOD,0.000,3,0,00d41ce4,36917593.891,-130.590,47.250,80.300,0.000,GOOD,0.000,4,0,109c1d24,38142697.511,-195.085,41.750,80.300,0.000,GOOD,0.000,4,0,10dc1d44,38142701.385,-158.910,45.750,79.600,0.000,GOOD,0.000,6,0,00141e44,36188817.728,271.604,44.250,78.600,0.000,GOOD,0.000,6,0,10541e64,36188823.109,220.562,42.500,77.300,0.000,GOOD,0.000,7,0,00141de4,36919299.044,777.267,48.750,79.800,0.000,GOOD,0.000,7,0,10541e04,36919303.102,631.601,47.500,78.700,0.000,GOOD,0.000,10,0,10141d84,37849656.200,900.363,44.500,78.800,0.000,GOOD,0.000,10,0,10341dc4,37849661.089,696.402,46.000,77.900,0.000,GOOD,0.000,10,0,10541da4,37849665.016,731.798,41.500,77.400,0.000,GOOD,0.000,11,0,10141ea4,25017735.750,-1183.477,45.250,78.500,0.000,GOOD,0.000,11,0,10541ec4,25017741.301,-961.467,45.000,76.700,0.000,GOOD,0.000,12,0,00141f04,25870076.893,1949.223,44.500,78.200,0.000,GOOD,0.000,12,0,00541f24,25870084.669,1583.928,40.500,76.900,0.000,GOOD,0.000,20,0,00141e84,24733254.441,1673.855,44.250,78.400,0.000,GOOD,0.000,20,0,01341ea4,24733259.936,1261.698,45.500,77.800,0.000,GOOD,0.000,20,0,10541ec4,24733257.128,1360.392,43.500,77.000,0.000,GOOD,0.000,20,0,10f41ee4,24733247.997,1689.205,41.750,77.200,0.000,GOOD,0.000,23,0,10141d44,23029846.419,4.180,48.750,79.500,0.000,GOOD,0.000,23,0,01341d64,23029848.116,2.930,50.250,78.900,0.000,GOOD,0.000,23,0,10541d84,23029845.447,3.511,48.000,78.400,0.000,GOOD,0.000,23,0,10f41da4,23029839.636,4.158,44.250,78.500,0.000,GOOD,0.000,27,0,101c1f24,26330129.031,-2895.110,31.250,3.200,0.000,GOOD,0.000,27,0,113c1f44,26330040.873,-2182.107,41.750,70.300,0.000,GOOD,0.000,27,0,105c1f64,26330036.530,-2352.976,37.250,71.400,0.000,GOOD,0.000,27,0,00fc1784,26329988.269,-2922.332,32.000,1.200,0.000,GOOD,0.000,30,0,00141de4,24698825.230,-2253.031,41.500,77.300,0.000,GOOD,0.000,30,0,01341e04,24698841.083,-1697.808,46.000,76.600,0.000,GOOD,0.000,30,0,10541e24,24698838.970,-1830.625,45.250,76.200,0.000,GOOD,0.000,30,0,00f41e44,24698822.051,-2273.790,42.000,76.200,0.000,GOOD,0.000,37,0,00141fc4,23876320.856,2581.757,47.500,70.500,0.000,GOOD,0.000,37,0,01341fe4,23876333.022,1945.712,47.000,69.800,0.000,GOOD,0.000,37,0,00541c04,23876333.012,2098.072,45.000,68.800,0.000,GOOD,0.000,37,0,00f41c24,23876302.263,2605.237,39.000,69.400,0.000,GOOD,0.000,41,0,00141c64,25173340.857,-1800.957,46.750,67.700,0.000,GOOD,0.000,41,0,01341c84,25173359.157,-1357.331,46.250,66.600,0.000,GOOD,0.000,41,0,10541ca4,25173356.493,-1463.465,43.250,66.300,0.000,GOOD,0.000,41,0,00f41cc4,25173338.378,-1817.722,43.250,66.700,0.000,GOOD,0.000*523c44d5
#INSPVAXA,ICOM3,0,94.4,FINESTEERING,2427,544324.050,00000000,0023,797;WAITING_AZIMUTH,NONE,0.00000000000,0.00000000000,0.0000,0.0000,0.0000,0.0000,0.0000,0.000000000,0.000000000,-0.000000000,0.0000,0.0000,0.0000,0.0000,0.0000,0.0000,0.0000,0.0000,0.0000,00000000,544325*63a82967
#RAWIMUA,ICOM3,0,94.4,FINESTEERING,2427,544324.046,00000000,0000,797;2427,544324.045982000,1b0200e3,1162073,291977,-520722,-18504,6570,-12831*9ef374ef
#INSPVAXA,ICOM3,0,94.4,FINESTEERING,2427,544324.060,00000000,002d,797;WAITING_AZIMUTH,NONE,0.00000000000,0.00000000000,0.0000,0.0000,0.0000,0.0000,0.0000,0.000000000,0.000000000,-0.000000000,0.0000,0.0000,0.0000,0.0000,0.0000,0.0000,0.0000,0.0000,0.0000,00000000,544325*c684bcc4
#RAWIMUA,ICOM3,0,94.4,FINESTEERING,2427,544324.056,00000000,0000,797;2427,544324.055991000,1b0100e4,1161962,292025,-519410,-16308,8448,-14857*1d3d7271
#INSPVAXA,ICOM3,0,94.4,FINESTEERING,2427,544324.070,00000000,0037,797;WAITING_AZIMUTH,NONE,0.00000000000,0.00000000000,0.0000,0.0000,0.0000,0.0000,0.0000,0.000000000,0.000000000,-0.000000000,0.0000,0.0000,0.0000,0.0000,0.0000,0.0000,0.0000,0.0000,0.0000,00000000,544325*dfc3eef8
#RAWIMUA,ICOM3,0,94.4,FINESTEERING,2427,544324.066,00000000,0000,797;2427,544324.065969000,1afe00e5,1164787,291594,-519440,-17914,-4390,-15638*07695b76
#INSPVAXA,ICOM3,0,94.4,FINESTEERING,2427,544324.080,00000000,0041,797;WAITING_AZIMUTH,NONE,0.00000000000,0.00000000000,0.0000,0.0000,0.0000,0.0000,0.0000,0.000000000,0.000000000,-0.000000000,0.0000,0.0000,0.0000,0.0000,0.0000,0.0000,0.0000,0.0000,0.0000,00000000,544325*23cfcc10
#RAWIMUA,ICOM3,0,94.4,FINESTEERING,2427,544324.076,00000000,0000,797;2427,544324.075963000,1aff00e6,1165571,292154,-519021,-21947,2321,-13608*272e4f9f
#INSPVAXA,ICOM3,0,94.4,FINESTEERING,2427,544324.090,00000000,004b,797;WAITING_AZIMUTH,NONE,0.00000000000,0.00000000000,0.0000,0.0000,0.0000,0.0000,0.0000,0.000000000,0.000000000,-0.000000000,0.0000,0.0000,0.0000,0.0000,0.0000,0.0000,0.0000,0.0000,0.0000,00000000,544325*ed1917f9
#RAWIMUA,ICOM3,0,94.4,FINESTEERING,2427,544324.086,00000000,0000,797;2427,544324.085939000,1b0100e7,1161959,291864,-519178,-11423,-2312,-21504*cfebb86b
#INSPVAXA,ICOM3,0,94.4,FINESTEERING,2427,544324.100,00000000,0055,797;WAITING_AZIMUTH,NONE,0.00000000000,0.00000000000,0.0000,0.0000,0.0000,0.0000,0.0000,0.000000000,0.000000000,-0.000000000,0.0000,0.0000,0.0000,0.0000,0.0000,0.0000,0.0000,0.0000,0.0000,00000000,544325*d0a5367c
#RAWIMUA,ICOM3,0,94.4,FINESTEERING,2427,544324.096,00000000,0000,797;2427,544324.095931000,1b0200e8,1163958,291932,-518689,-20636,-4853,-9862*f20c8569
#INSPVAXA,ICOM3,0,94.4,FINESTEERING,2427,544324.110,00000000,005f,797;WAITING_AZIMUTH,NONE,0.00000000000,0.00000000000,0.0000,0.0000,0.0000,0.0000,0.0000,0.000000000,0.000000000,-0.000000000,0.0000,0.0000,0.0000,0.0000,0.0000,0.0000,0.0000,0.0000,0.0000,00000000,544325*1e73ed95
#RAWIMUA,ICOM3,0,94.4,FINESTEERING,2427,544324.106,00000000,0000,797;2427,544324.105993000,1b0100e9,1162615,292552,-519088,-24537,-3277,-9792*56c9ddd5
#INSPVAXA,ICOM3,0,94.4,FINESTEERING,2427,544324.120,00000000,0069,797;WAITING_AZIMUTH,NONE,0.00000000000,0.00000000000,0.0000,0.0000,0.0000,0.0000,0.0000,0.000000000,0.000000000,-0.000000000,0.0000,0.0000,0.0000,0.0000,0.0000,0.0000,0.0000,0.0000,0.0000,00000000,544325*21632e86
#RAWIMUA,ICOM3,0,94.4,FINESTEERING,2427,544324.116,00000000,0000,797;2427,544324.116039000,1afe00ea,1162346,293443,-518541,-20964,-1101,-14148*bd33c3bd
#INSPVAXA,ICOM3,0,94.4,FINESTEERING,2427,544324.130,00000000,0074,797;WAITING_AZIMUTH,NONE,0.00000000000,0.00000000000,0.0000,0.0000,0.0000,0.0000,0.0000,0.000000000,0.000000000,-0.000000000,0.0000,0.0000,0.0000,0.0000,0.0000,0.0000,0.0000,0.0000,0.0000,00000000,544325*9993e5dd
#RAWIMUA,ICOM3,0,94.4,FINESTEERING,2427,544324.126,00000000,0000,797;2427,544324.125999000,1b0100eb,1163440,292939,-519455,-20210,1104,-22744*e73ce024
#INSPVAXA,ICOM3,0,94.4,FINESTEERING,2427,544324.140,00000000,007d,797;WAITING_AZIMUTH,NONE,0.00000000000,0.00000000000,0.0000,0.0000,0.0000,0.0000,0.0000,0.000000000,0.000000000,-0.000000000,0.0000,0.0000,0.0000,0.0000,0.0000,0.0000,0.0000,0.0000,0.0000,00000000,544325*b1d78941
#RAWIMUA,ICOM3,0,94.4,FINESTEERING,2427,544324.136,00000000,0000,797;2427,544324.135987000,1b0300ec,1164293,292153,-519348,-20669,380,-14306*d69655ac
#INSPVAXA,ICOM3,0,94.4,FINESTEERING,2427,544324.150,00000000,0087,797;WAITING_AZIMUTH,NONE,0.00000000000,0.00000000000,0.0000,0.0000,0.0000,0.0000,0.0000,0.000000000,0.000000000,-0.000000000,0.0000,0.0000,0.0000,0.0000,0.0000,0.0000,0.0000,0.0000,0.0000,00000000,544325*3e5fb4ad
#RAWIMUA,ICOM3,0,94.4,FINESTEERING,2427,544324.146,00000000,0000,797;2427,544324.145979000,1aff00ed,1163605,292382,-519481,-20964,-937,-18024*3d4b2a90
#INSPVAXA,ICOM3,0,94.4,FINESTEERING,2427,544324.160,00000000,0091,797;WAITING_AZIMUTH,NONE,0.00000000000,0.00000000000,0.0000,0.0000,0.0000,0.0000,0.0000,0.000000000,0.000000000,-0.000000000,0.0000,0.0000,0.0000,0.0000,0.0000,0.0000,0.0000,0.0000,0.0000,00000000,544325*b7c95417
#RAWIMUA,ICOM3,0,94.4,FINESTEERING,2427,544324.156,00000000,0000,797;2427,544324.155971000,1afc00ee,1163759,292492,-518465,-20702,-1365,-16777*6ffa8ea2
#INSPVAXA,ICOM3,0,94.4,FINESTEERING,2427,544324.170,00000000,009b,797;WAITING_AZIMUTH,NONE,0.00000000000,0.00000000000,0.0000,0.0000,0.0000,0.0000,0.0000,0.000000000,0.000000000,-0.000000000,0.0000,0.0000,0.0000,0.0000,0.0000,0.0000,0.0000,0.0000,0.0000,00000000,544325*791f8ffe
#RAWIMUA,ICOM3,0,94.4,FINESTEERING,2427,544324.166,00000000,0000,797;2427,544324.165994000,1afb00ef,1162621,293265,-519720,-23095,5052,-15470*94c94136
#INSPVAXA,ICOM3,0,94.4,FINESTEERING,2427,544324.180,00000000,00a5,797;WAITING_AZIMUTH,NONE,0.00000000000,0.00000000000,0.0000,0.0000,0.0000,0.0000,0.0000,0.000000000,0.000000000,-0.000000000,0.0000,0.0000,0.0000,0.0000,0.0000,0.0000,0.0000,0.0000,0.0000,00000000,544325*7ade9b6d
#RAWIMUA,ICOM3,0,94.4,FINESTEERING,2427,544324.176,00000000,0000,797;2427,544324.175986000,1afb00f0,1162679,293700,-518938,-25685,3075,-14134*3e868071
#INSPVAXA,ICOM3,0,94.4,FINESTEERING,2427,544324.190,00000000,00af,797;WAITING_AZIMUTH,NONE,0.00000000000,0.00000000000,0.0000,0.0000,0.0000,0.0000,0.0000,0.000000000,0.000000000,-0.000000000,0.0000,0.0000,0.0000,0.0000,0.0000,0.0000,0.0000,0.0000,0.0000,00000000,544325*b4084084
#RAWIMUA,ICOM3,0,94.4,FINESTEERING,2427,544324.186,00000000,0000,797;2427,544324.185979000,1afb00f1,1162319,292356,-519020,-24275,4426,-16656*0bce87e4
#INSPVAXA,ICOM3,0,94.4,FINESTEERING,2427,544324.200,00000000,00b9,797;WAITING_AZIMUTH,NONE,0.00000000000,0.00000000000,0.0000,0.0000,0.0000,0.0000,0.0000,0.000000000,0.000000000,-0.000000000,0.0000,0.0000,0.0000,0.0000,0.0000,0.0000,0.0000,0.0000,0.0000,00000000,544325*badfc772
#RAWIMUA,ICOM3,0,94.4,FINESTEERING,2427,544324.196,00000000,0000,797;2427,544324.195972000,1afd00f2,1163895,292813,-518961,-19423,1270,-12593*513c600d
#INSPVAXA,ICOM3,0,94.4,FINESTEERING,2427,544324.210,00000000,00c3,797;WAITING_AZIMUTH,NONE,0.00000000000,0.00000000000,0.0000,0.0000,0.0000,0.0000,0.0000,0.000000000,0.000000000,-0.000000000,0.0000,0.0000,0.0000,0.0000,0.0000,0.0000,0.0000,0.0000,0.0000,00000000,544325*614ca30c
#RAWIMUA,ICOM3,0,94.4,FINESTEERING,2427,544324.206,00000000,0000,797;2427,544324.206025000,1afe00f3,1162347,293541,-518575,-14341,6145,-14375*7215ab75
#INSPVAXA,ICOM3,0,94.4,FINESTEERING,2427,544324.220,00000000,00ce,797;WAITING_AZIMUTH,NONE,0.00000000000,0.00000000000,0.0000,0.0000,0.0000,0.0000,0.0000,0.000000000,0.000000000,-0.000000000,0.0000,0.0000,0.0000,0.0000,0.0000,0.0000,0.0000,0.0000,0.0000,00000000,544325*583b0d4e
#RAWIMUA,ICOM3,0,94.4,FINESTEERING,2427,544324.216,00000000,0000,797;2427,544324.216042000,1afb00f4,1163430,292296,-518463,-24046,608,-14669*f7a0983a
$GPGGA,071146.20,3109.8268657,N,12127.2280421,E,4,34,0.7,6.081,M,11.031,M,1.200,1793*41
#BESTGNSSPOSA,ICOM3,0,94.4,FINESTEERING,2427,544324.200,03e1c002,0000,797;SOL_COMPUTED,NARROW_INT,31.16378109543,121.45380070197,6.0812,11.0314,WGS84,0.0138,0.0123,0.0263,"1793",1.200,0.013,37,34,34,34,00,00,30,37*1b3e9683
#HEADINGA,ICOM3,0,94.4,FINESTEERING,2427,544324.200,00000000,0000,797;SOL_COMPUTED,NONE,0.000000000,0.000000000,0.000000000,0.0,0.000000000,0.000000000,"1793",0,0,0,0,0,00,30,37*8606911d
$GPGSV,2,1,05,12,18,142,23,18,50,221,43,20,15,066,38,24,69,049,44*70
$GPGSV,2,2,05,32,10,270,39,,,,,,,,,,,,*43
$GLGSV,3,1,09,70,18,070,44,72,22,303,41,73,48,103,46,74,24,161,35*6A
$GLGSV,3,2,09,85,05,190,39,86,39,247,46,87,33,298,44,90,00,000,36*60
$GLGSV,3,3,09,91,00,000,35,,,,,,,,,,,,*52
$GAGSV,2,1,06,03,24,264,46,05,63,319,30,11,09,161,39,31,13,075,41*60
$GAGSV,2,2,06,34,54,291,43,36,51,190,48,,,,,,,,*60
$GQGSV,1,1,02,03,44,169,44,07,53,169,40,,,,,,,,*7C
$GBGSV,4,1,15,01,48,147,49,02,35,242,46,03,55,202,48,04,37,120,42*60
$GBGSV,4,2,15,06,69,040,45,07,57,190,49,10,46,191,45,11,24,271,45*6D
$GBGSV,4,3,15,12,11,294,45,20,28,304,44,23,49,089,49,27,00,000,31*6D
$GBGSV,4,4,15,30,24,240,42,37,38,167,48,41,24,084,47,,,,*55
$GPGSA,M,3,12,18,20,24,32,,,,,,,,1.4,0.7,1.2,1*2D
#INSPVAXA,ICOM3,0,94.4,FINESTEERING,2427,544324.230,00000000,00d8,797;WAITING_AZIMUTH,NONE,0.00000000000,0.00000000000,0.0000,0.0000,0.0000,0.0000,0.0000,0.000000000,0.000000000,-0.000000000,0.0000,0.0000,0.0000,0.0000,0.0000,0.0000,0.0000,0.0000,0.0000,00000000,544325*1b4d3f05
#RAWIMUA,ICOM3,0,94.4,FINESTEERING,2427,544324.226,00000000,0000,797;2427,544324.225981000,1afd00f5,1163153,291784,-520228,-20210,117,-14012*ef78c600
#INSPVAXA,ICOM3,0,94.4,FINESTEERING,2427,544324.240,00000000,00e1,797;WAITING_AZIMUTH,NONE,0.00000000000,0.00000000000,0.0000,0.0000,0.0000,0.0000,0.0000,0.000000000,0.000000000,-0.000000000,0.0000,0.0000,0.0000,0.0000,0.0000,0.0000,0.0000,0.0000,0.0000,00000000,544325*264cec0e
#RAWIMUA,ICOM3,0,94.4,FINESTEERING,2427,544324.236,00000000,0000,797;2427,544324.235973000,1afb00f6,1163246,291071,-519630,-17456,6932,-8527*c908b461
#INSPVAXA,ICOM3,0,94.4,FINESTEERING,2427,544324.250,00000000,00eb,797;WAITING_AZIMUTH,NONE,0.00000000000,0.00000000000,0.0000,0.0000,0.0000,0.0000,0.0000,0.000000000,0.000000000,-0.000000000,0.0000,0.0000,0.0000,0.0000,0.0000,0.0000,0.0000,0.0000,0.0000,00000000,544325*e89a37e7
#RAWIMUA,ICOM3,0,94.4,FINESTEERING,2427,544324.246,00000000,0000,797;2427,544324.245995000,1afa00f7,1163254,292697,-520534,-18931,4528,-16192*bdab64f9
#INSPVAXA,ICOM3,0,94.4,FINESTEERING,2427,544324.260,00000000,00f5,797;WAITING_AZIMUTH,NONE,0.00000000000,0.00000000000,0.0000,0.0000,0.0000,0.0000,0.0000,0.000000000,0.000000000,-0.000000000,0.0000,0.0000,0.0000,0.0000,0.0000,0.0000,0.0000,0.0000,0.0000,00000000,544325*ee753e7a
#RAWIMUA,ICOM3,0,94.4,FINESTEERING,2427,544324.256,00000000,0000,797;2427,544324.255986000,1afc00f8,1161767,292121,-519641,-17882,-4983,-21981*7032618b
#INSPVAXA,ICOM3,0,94.4,FINESTEERING,2427,544324.270,00000000,00ff,797;WAITING_AZIMUTH,NONE,0.00000000000,0.00000000000,0.0000,0.0000,0.0000,0.0000,0.0000,0.000000000,0.000000000,-0.000000000,0.0000,0.0000,0.0000,0.0000,0.0000,0.0000,0.0000,0.0000,0.0000,00000000,544325*20a3e593
#RAWIMUA,ICOM3,0,94.4,FINESTEERING,2427,544324.266,00000000,0000,797;2427,544324.265979000,1afc00f9,1161672,291365,-519927,-23161,-2486,-12350*7ade6372
#INSPVAXA,ICOM3,0,94.4,FINESTEERING,2427,544324.280,00000000,0109,797;WAITING_AZIMUTH,NONE,0.00000000000,0.00000000000,0.0000,0.0000,0.0000,0.0000,0.0000,0.000000000,0.000000000,-0.000000000,0.0000,0.0000,0.0000,0.0000,0.0000,0.0000,0.0000,0.0000,0.0000,00000000,544325*7a3ce38c
#RAWIMUA,ICOM3,0,94.4,FINESTEERING,2427,544324.276,00000000,0000,797;2427,544324.275972000,1b0100fa,1161706,292640,-520106,-12538,-8633,-12041*7cd8816d
#INSPVAXA,ICOM3,0,94.4,FINESTEERING,2427,544324.290,00000000,0113,797;WAITING_AZIMUTH,NONE,0.00000000000,0.00000000000,0.0000,0.0000,0.0000,0.0000,0.0000,0.000000000,0.000000000,-0.000000000,0.0000,0.0000,0.0000,0.0000,0.0000,0.0000,0.0000,0.0000,0.0000,00000000,544325*a1af87f2
#RAWIMUA,ICOM3,0,94.4,FINESTEERING,2427,544324.286,00000000,0000,797;2427,544324.285994000,1b0500fb,1163809,291392,-520060,-27620,2942,-18636*26fef688
#INSPVAXA,ICOM3,0,94.4,FINESTEERING,2427,544324.300,00000000,011d,797;WAITING_AZIMUTH,NONE,0.00000000000,0.00000000000,0.0000,0.0000,0.0000,0.0000,0.0000,0.000000000,0.000000000,-0.000000000,0.0000,0.0000,0.0000,0.0000,0.0000,0.0000,0.0000,0.0000,0.0000,00000000,544325*4b822fa2
#RAWIMUA,ICOM3,0,94.4,FINESTEERING,2427,544324.296,00000000,0000,797;2427,544324.295988000,1b0700fc,1162785,293429,-519624,-22440,-4032,-10255*52780358
#INSPVAXA,ICOM3,0,94.4,FINESTEERING,2427,544324.310,00000000,0127,797;WAITING_AZIMUTH,NONE,0.00000000000,0.00000000000,0.0000,0.0000,0.0000,0.0000,0.0000,0.000000000,0.000000000,-0.000000000,0.0000,0.0000,0.0000,0.0000,0.0000,0.0000,0.0000,0.0000,0.0000,00000000,544325*26976875
#RAWIMUA,ICOM3,0,94.4,FINESTEERING,2427,544324.306,00000000,0000,797;2427,544324.306008000,1b0300fd,1163909,291456,-520225,-21063,-1596,-12674*5cc04aff
#INSPVAXA,ICOM3,0,94.4,FINESTEERING,2427,544324.320,00000000,0132,797;WAITING_AZIMUTH,NONE,0.00000000000,0.00000000000,0.0000,0.0000,0.0000,0.0000,0.0000,0.000000000,0.000000000,-0.000000000,0.0000,0.0000,0.0000,0.0000,0.0000,0.0000,0.0000,0.0000,0.0000,00000000,544325*d09dc2ad
#RAWIMUA,ICOM3,0,94.4,FINESTEERING,2427,544324.316,00000000,0000,797;2427,544324.316026000,1afc00fe,1163052,293031,-520013,-13883,1208,-17222*cee6992b
#INSPVAXA,ICOM3,0,94.4,FINESTEERING,2427,544324.330,00000000,013c,797;WAITING_AZIMUTH,NONE,0.00000000000,0.00000000000,0.0000,0.0000,0.0000,0.0000,0.0000,0.000000000,0.000000000,-0.000000000,0.0000,0.0000,0.0000,0.0000,0.0000,0.0000,0.0000,0.0000,0.0000,00000000,544325*fd8c68c7
#RAWIMUA,ICOM3,0,94.4,FINESTEERING,2427,544324.326,00000000,0000,797;2427,544324.325966000,1aff00ff,1162031,291138,-519629,-15916,1733,-18174*47b51d2b
#INSPVAXA,ICOM3,0,94.4,FINESTEERING,2427,544324.340,00000000,0145,797;WAITING_AZIMUTH,NONE,0.00000000000,0.00000000000,0.0000,0.0000,0.0000,0.0000,0.0000,0.000000000,0.000000000,-0.000000000,0.0000,0.0000,0.0000,0.0000,0.0000,0.0000,0.0000,0.0000,0.0000,00000000,544325*61972777
#RAWIMUA,ICOM3,0,94.4,FINESTEERING,2427,544324.336,00000000,0000,797;2427,544324.335988000,1aff0000,1163281,290512,-519820,-24997,-5713,-14797*a1861c17
#INSPVAXA,ICOM3,0,94.4,FINESTEERING,2427,544324.350,00000000,014f,797;WAITING_AZIMUTH,NONE,0.00000000000,0.00000000000,0.0000,0.0000,0.0000,0.0000,0.0000,0.000000000,0.000000000,-0.000000000,0.0000,0.0000,0.0000,0.0000,0.0000,0.0000,0.0000,0.0000,0.0000,00000000,544325*af41fc9e
#RAWIMUA,ICOM3,0,94.4,FINESTEERING,2427,544324.346,00000000,0000,797;2427,544324.345981000,1b000001,1162030,292677,-519680,-17063,2555,-11865*3f16a28e
#INSPVAXA,ICOM3,0,94.4,FINESTEERING,2427,544324.360,00000000,0159,797;WAITING_AZIMUTH,NONE,0.00000000000,0.00000000000,0.0000,0.0000,0.0000,0.0000,0.0000,0.000000000,0.000000000,-0.000000000,0.0000,0.0000,0.0000,0.0000,0.0000,0.0000,0.0000,0.0000,0.0000,00000000,544325*e4032a66
#RAWIMUA,ICOM3,0,94.4,FINESTEERING,2427,544324.356,00000000,0000,797;2427,544324.355974000,1b040002,1163073,291081,-518777,-9228,14312,-16865*abd7a968
#INSPVAXA,ICOM3,0,94.4,FINESTEERING,2427,544324.370,00000000,0163,797;WAITING_AZIMUTH,NONE,0.00000000000,0.00000000000,0.0000,0.0000,0.0000,0.0000,0.0000,0.000000000,0.000000000,-0.000000000,0.0000,0.0000,0.0000,0.0000,0.0000,0.0000,0.0000,0.0000,0.0000,00000000,544325*4bc25bf3
#RAWIMUA,ICOM3,0,94.4,FINESTEERING,2427,544324.366,00000000,0000,797;2427,544324.365968000,1b010003,1163852,292466,-517875,-15457,2490,-18236*02882883
#INSPVAXA,ICOM3,0,94.4,FINESTEERING,2427,544324.380,00000000,016d,797;WAITING_AZIMUTH,NONE,0.00000000000,0.00000000000,0.0000,0.0000,0.0000,0.0000,0.0000,0.000000000,0.000000000,-0.000000000,0.0000,0.0000,0.0000,0.0000,0.0000,0.0000,0.0000,0.0000,0.0000,00000000,544325*0782323f
#RAWIMUA,ICOM3,0,94.4,FINESTEERING,2427,544324.376,00000000,0000,797;2427,544324.375989000,1afb0004,1163596,293341,-518672,-14932,5947,-19863*9006a558
#INSPVAXA,ICOM3,0,94.4,FINESTEERING,2427,544324.390,00000000,0177,797;WAITING_AZIMUTH,NONE,0.00000000000,0.00000000000,0.0000,0.0000,0.0000,0.0000,0.0000,0.000000000,0.000000000,-0.000000000,0.0000,0.0000,0.0000,0.0000,0.0000,0.0000,0.0000,0.0000,0.0000,00000000,544325*1ec56003
#RAWIMUA,ICOM3,0,94.4,FINESTEERING,2427,544324.386,00000000,0000,797;2427,544324.385982000,1af90005,1163004,292132,-518493,-23391,838,-21041*6fb0e4db
#INSPVAXA,ICOM3,0,94.4,FINESTEERING,2427,544324.400,00000000,0181,797;WAITING_AZIMUTH,NONE,0.00000000000,0.00000000000,0.0000,0.0000,0.0000,0.0000,0.0000,0.000000000,0.000000000,-0.000000000,0.0000,0.0000,0.0000,0.0000,0.0000,0.0000,0.0000,0.0000,0.0000,00000000,544325*cdd759a0
#RAWIMUA,ICOM3,0,94.4,FINESTEERING,2427,544324.396,00000000,0000,797;2427,544324.395976000,1afd0006,1163539,290158,-519258,-14801,5420,-12048*1742935f
#INSPVAXA,ICOM3,0,94.4,FINESTEERING,2427,544324.410,00000000,018b,797;WAITING_AZIMUTH,NONE,0.00000000000,0.00000000000,0.0000,0.0000,0.0000,0.0000,0.0000,0.000000000,0.000000000,-0.000000000,0.0000,0.0000,0.0000,0.0000,0.0000,0.0000,0.0000,0.0000,0.0000,00000000,544325*03018249
#RAWIMUA,ICOM3,0,94.4,FINESTEERING,2427,544324.406,00000000,0000,797;2427,544324.405997000,1aff0007,1161870,291397,-519928,-12014,123,-16175*66c48462
#INSPVAXA,ICOM3,0,94.4,FINESTEERING,2427,544324.420,00000000,0195,797;WAITING_AZIMUTH,NONE,0.00000000000,0.00000000000,0.0000,0.0000,0.0000,0.0000,0.0000,0.000000000,0.000000000,-0.000000000,0.0000,0.0000,0.0000,0.0000,0.0000,0.0000,0.0000,0.0000,0.0000,00000000,544325*71bc9e3f
#RAWIMUA,ICOM3,0,94.4,FINESTEERING,2427,544324.416,00000000,0000,797;2427,544324.416042000,1b000008,1164200,291853,-519771,-21653,2354,-13840*f9ff0ca5
$GPGGA,071146.40,3109.8268665,N,12127.2280423,E,4,34,0.7,6.086,M,11.031,M,1.400,1793*45
#BESTGNSSPOSA,ICOM3,0,94.4,FINESTEERING,2427,544324.400,03e1c002,0000,797;SOL_COMPUTED,NARROW_INT,31.16378110776,121.45380070446,6.0865,11.0314,WGS84,0.0146,0.0131,0.0270,"1793",1.400,0.014,37,34,34,34,00,00,30,37*b7bb955e
#HEADINGA,ICOM3,0,94.4,FINESTEERING,2427,544324.400,00000000,0000,797;SOL_COMPUTED,NONE,0.000000000,0.000000000,0.000000000,0.0,0.000000000,0.000000000,"1793",0,0,0,0,0,00,30,37*b0addbd5
$GPGSV,2,1,05,12,00,000,23,18,50,221,43,20,15,066,38,24,69,049,44*7E
$GPGSV,2,2,05,32,10,270,39,,,,,,,,,,,,*43
$GLGSV,3,1,09,70,18,070,44,72,22,303,41,73,48,103,46,74,24,161,35*6A
$GLGSV,3,2,09,85,05,190,39,86,39,247,46,87,33,298,44,90,00,000,36*60
$GLGSV,3,3,09,91,00,000,35,,,,,,,,,,,,*52
$GAGSV,2,1,06,03,24,264,46,05,63,319,31,11,09,161,39,31,13,075,41*61
$GAGSV,2,2,06,34,54,291,43,36,51,190,48,,,,,,,,*60
$GQGSV,1,1,02,03,44,169,44,07,53,169,40,,,,,,,,*7C
$GBGSV,4,1,15,01,48,147,49,02,35,242,46,03,55,202,48,04,37,120,42*60
$GBGSV,4,2,15,06,69,040,45,07,57,190,49,10,46,191,45,11,24,271,45*6D
$GBGSV,4,3,15,12,11,294,45,20,28,304,44,23,49,089,49,27,00,000,31*6D
$GBGSV,4,4,15,30,24,240,42,37,38,167,48,41,24,084,47,,,,*55
$GPGSA,M,3,18,20,24,32,,,,,,,,,1.4,0.7,1.2,1*2E
#INSPVAXA,ICOM3,0,94.4,FINESTEERING,2427,544324.430,00000000,01a0,797;WAITING_AZIMUTH,NONE,0.00000000000,0.00000000000,0.0000,0.0000,0.0000,0.0000,0.0000,0.000000000,0.000000000,-0.000000000,0.0000,0.0000,0.0000,0.0000,0.0000,0.0000,0.0000,0.0000,0.0000,00000000,544325*68a36b60
#RAWIMUA,ICOM3,0,94.4,FINESTEERING,2427,544324.426,00000000,0000,797;2427,544324.425986000,1b010009,1164244,292009,-517640,-22145,6632,-15103*7036496a
#INSPVAXA,ICOM3,0,94.4,FINESTEERING,2427,544324.440,00000000,01a9,797;WAITING_AZIMUTH,NONE,0.00000000000,0.00000000000,0.0000,0.0000,0.0000,0.0000,0.0000,0.000000000,0.000000000,-0.000000000,0.0000,0.0000,0.0000,0.0000,0.0000,0.0000,0.0000,0.0000,0.0000,00000000,544325*823331be
#RAWIMUA,ICOM3,0,94.4,FINESTEERING,2427,544324.436,00000000,0000,797;2427,544324.435976000,1b03000a,1165416,292341,-519876,-20900,-1694,-17898*1711213f
#INSPVAXA,ICOM3,0,94.4,FINESTEERING,2427,544324.450,00000000,01b3,797;WAITING_AZIMUTH,NONE,0.00000000000,0.00000000000,0.0000,0.0000,0.0000,0.0000,0.0000,0.000000000,0.000000000,-0.000000000,0.0000,0.0000,0.0000,0.0000,0.0000,0.0000,0.0000,0.0000,0.0000,00000000,544325*2df2402b
#RAWIMUA,ICOM3,0,94.4,FINESTEERING,2427,544324.446,00000000,0000,797;2427,544324.445968000,1b04000b,1162837,292785,-521487,-15654,5419,-17534*3542348c
#INSPVAXA,ICOM3,0,94.4,FINESTEERING,2427,544324.460,00000000,01bd,797;WAITING_AZIMUTH,NONE,0.00000000000,0.00000000000,0.0000,0.0000,0.0000,0.0000,0.0000,0.000000000,0.000000000,-0.000000000,0.0000,0.0000,0.0000,0.0000,0.0000,0.0000,0.0000,0.0000,0.0000,00000000,544325*88ded588
#RAWIMUA,ICOM3,0,94.4,FINESTEERING,2427,544324.456,00000000,0000,797;2427,544324.455990000,1b05000c,1163469,291798,-518982,-12802,7627,-15519*02e03c2d
#INSPVAXA,ICOM3,0,94.4,FINESTEERING,2427,544324.470,00000000,01c7,797;WAITING_AZIMUTH,NONE,0.00000000000,0.00000000000,0.0000,0.0000,0.0000,0.0000,0.0000,0.000000000,0.000000000,-0.000000000,0.0000,0.0000,0.0000,0.0000,0.0000,0.0000,0.0000,0.0000,0.0000,00000000,544325*919987b4
#RAWIMUA,ICOM3,0,94.4,FINESTEERING,2427,544324.466,00000000,0000,797;2427,544324.465983000,1b03000d,1163312,291824,-519606,-25260,-1797,-8081*9ac75939
#INSPVAXA,ICOM3,0,94.4,FINESTEERING,2427,544324.480,00000000,01d1,797;WAITING_AZIMUTH,NONE,0.00000000000,0.00000000000,0.0000,0.0000,0.0000,0.0000,0.0000,0.000000000,0.000000000,-0.000000000,0.0000,0.0000,0.0000,0.0000,0.0000,0.0000,0.0000,0.0000,0.0000,00000000,544325*6d95a55c
#RAWIMUA,ICOM3,0,94.4,FINESTEERING,2427,544324.476,00000000,0000,797;2427,544324.475975000,1b02000e,1162457,291630,-519504,-24965,-4133,-15580*e78f4a9c
#INSPVAXA,ICOM3,0,94.4,FINESTEERING,2427,544324.490,00000000,01db,797;WAITING_AZIMUTH,NONE,0.00000000000,0.00000000000,0.0000,0.0000,0.0000,0.0000,0.0000,0.000000000,0.000000000,-0.000000000,0.0000,0.0000,0.0000,0.0000,0.0000,0.0000,0.0000,0.0000,0.0000,00000000,544325*a3437eb5
#RAWIMUA,ICOM3,0,94.4,FINESTEERING,2427,544324.486,00000000,0000,797;2427,544324.485968000,1b02000f,1163244,292514,-519450,-22506,-1959,-10806*49ea6d4e
#INSPVAXA,ICOM3,0,94.4,FINESTEERING,2427,544324.500,00000000,01e5,797;WAITING_AZIMUTH,NONE,0.00000000000,0.00000000000,0.0000,0.0000,0.0000,0.0000,0.0000,0.000000000,0.000000000,-0.000000000,0.0000,0.0000,0.0000,0.0000,0.0000,0.0000,0.0000,0.0000,0.0000,00000000,544325*9eff5f30
#RAWIMUA,ICOM3,0,94.4,FINESTEERING,2427,544324.496,00000000,0000,797;2427,544324.495960000,1b020010,1163514,292309,-520136,-17556,4726,-16587*d80e64da
#INSPVAXA,ICOM3,0,94.4,FINESTEERING,2427,544324.510,00000000,01ef,797;WAITING_AZIMUTH,NONE,0.00000000000,0.00000000000,0.0000,0.0000,0.0000,0.0000,0.0000,0.000000000,0.000000000,-0.000000000,0.0000,0.0000,0.0000,0.0000,0.0000,0.0000,0.0000,0.0000,0.0000,00000000,544325*502984d9
#RAWIMUA,ICOM3,0,94.4,FINESTEERING,2427,544324.506,00000000,0000,797;2427,544324.506009000,1b030011,1164521,291927,-519017,-17162,5188,-22365*e2f86aad
#INSPVAXA,ICOM3,0,94.4,FINESTEERING,2427,544324.520,00000000,01fa,797;WAITING_AZIMUTH,NONE,0.00000000000,0.00000000000,0.0000,0.0000,0.0000,0.0000,0.0000,0.000000000,0.000000000,-0.000000000,0.0000,0.0000,0.0000,0.0000,0.0000,0.0000,0.0000,0.0000,0.0000,00000000,544325*31b64a69
#RAWIMUA,ICOM3,0,94.4,FINESTEERING,2427,544324.516,00000000,0000,797;2427,544324.516031000,1b020012,1162954,292377,-520005,-17097,-1264,-17828*8752b7f1
#INSPVAXA,ICOM3,0,94.4,FINESTEERING,2427,544324.530,00000000,0204,797;WAITING_AZIMUTH,NONE,0.00000000000,0.00000000000,0.0000,0.0000,0.0000,0.0000,0.0000,0.000000000,0.000000000,-0.000000000,0.0000,0.0000,0.0000,0.0000,0.0000,0.0000,0.0000,0.0000,0.0000,00000000,544325*18d4c9fc
#RAWIMUA,ICOM3,0,94.4,FINESTEERING,2427,544324.526,00000000,0000,797;2427,544324.525971000,1b000013,1161877,292731,-520698,-23261,15,-15331*f0c0a663
#INSPVAXA,ICOM3,0,94.4,FINESTEERING,2427,544324.540,00000000,020d,797;WAITING_AZIMUTH,NONE,0.00000000000,0.00000000000,0.0000,0.0000,0.0000,0.0000,0.0000,0.000000000,0.000000000,-0.000000000,0.0000,0.0000,0.0000,0.0000,0.0000,0.0000,0.0000,0.0000,0.0000,00000000,544325*3090a560
#RAWIMUA,ICOM3,0,94.4,FINESTEERING,2427,544324.536,00000000,0000,797;2427,544324.535962000,1b000014,1163577,291232,-519829,-25588,112,-13723*f51b02af
#INSPVAXA,ICOM3,0,94.4,FINESTEERING,2427,544324.550,00000000,0217,797;WAITING_AZIMUTH,NONE,0.00000000000,0.00000000000,0.0000,0.0000,0.0000,0.0000,0.0000,0.000000000,0.000000000,-0.000000000,0.0000,0.0000,0.0000,0.0000,0.0000,0.0000,0.0000,0.0000,0.0000,00000000,544325*29d7f75c
#RAWIMUA,ICOM3,0,94.4,FINESTEERING,2427,544324.546,00000000,0000,797;2427,544324.545986000,1b030015,1161377,292118,-519936,-22507,3998,-11831*2e91a83d
#INSPVAXA,ICOM3,0,94.4,FINESTEERING,2427,544324.560,00000000,0221,797;WAITING_AZIMUTH,NONE,0.00000000000,0.00000000000,0.0000,0.0000,0.0000,0.0000,0.0000,0.000000000,0.000000000,-0.000000000,0.0000,0.0000,0.0000,0.0000,0.0000,0.0000,0.0000,0.0000,0.0000,00000000,544325*d413020d
#RAWIMUA,ICOM3,0,94.4,FINESTEERING,2427,544324.556,00000000,0000,797;2427,544324.555978000,1b020016,1162525,291562,-519766,-25556,3733,-7400*4c5a3c5f
#INSPVAXA,ICOM3,0,94.4,FINESTEERING,2427,544324.570,00000000,022b,797;WAITING_AZIMUTH,NONE,0.00000000000,0.00000000000,0.0000,0.0000,0.0000,0.0000,0.0000,0.000000000,0.000000000,-0.000000000,0.0000,0.0000,0.0000,0.0000,0.0000,0.0000,0.0000,0.0000,0.0000,00000000,544325*1ac5d9e4
#RAWIMUA,ICOM3,0,94.4,FINESTEERING,2427,544324.566,00000000,0000,797;2427,544324.565971000,1b010017,1162291,291338,-519337,-18212,-3009,-14191*60400b90
#INSPVAXA,ICOM3,0,94.4,FINESTEERING,2427,544324.580,00000000,0235,797;WAITING_AZIMUTH,NONE,0.00000000000,0.00000000000,0.0000,0.0000,0.0000,0.0000,0.0000,0.000000000,0.000000000,-0.000000000,0.0000,0.0000,0.0000,0.0000,0.0000,0.0000,0.0000,0.0000,0.0000,00000000,544325*811439fd
#RAWIMUA,ICOM3,0,94.4,FINESTEERING,2427,544324.576,00000000,0000,797;2427,544324.575962000,1b050018,1163243,292155,-519314,-20081,1137,-16506*7fb19634
#INSPVAXA,ICOM3,0,94.4,FINESTEERING,2427,544324.590,00000000,023f,797;WAITING_AZIMUTH,NONE,0.00000000000,0.00000000000,0.0000,0.0000,0.0000,0.0000,0.0000,0.000000000,0.000000000,-0.000000000,0.0000,0.0000,0.0000,0.0000,0.0000,0.0000,0.0000,0.0000,0.0000,00000000,544325*4fc2e214
#RAWIMUA,ICOM3,0,94.4,FINESTEERING,2427,544324.586,00000000,0000,797;2427,544324.585985000,1aff0019,1162495,291330,-519960,-27162,-2259,-14129*13e38389
#INSPVAXA,ICOM3,0,94.4,FINESTEERING,2427,544324.600,00000000,0249,797;WAITING_AZIMUTH,NONE,0.00000000000,0.00000000000,0.0000,0.0000,0.0000,0.0000,0.0000,0.000000000,0.000000000,-0.000000000,0.0000,0.0000,0.0000,0.0000,0.0000,0.0000,0.0000,0.0000,0.0000,00000000,544325*a9b14e34
#RAWIMUA,ICOM3,0,94.4,FINESTEERING,2427,544324.596,00000000,0000,797;2427,544324.595978000,1afb001a,1163179,291728,-519473,-20507,-4262,-16564*02f523f9
#INSPVAXA,ICOM3,0,94.4,FINESTEERING,2427,544324.610,00000000,0253,797;WAITING_AZIMUTH,NONE,0.00000000000,0.00000000000,0.0000,0.0000,0.0000,0.0000,0.0000,0.000000000,0.000000000,-0.000000000,0.0000,0.0000,0.0000,0.0000,0.0000,0.0000,0.0000,0.0000,0.0000,00000000,544325*72222a4a
#RAWIMUA,ICOM3,0,94.4,FINESTEERING,2427,544324.606,00000000,0000,797;2427,544324.605998000,1afe001b,1162978,291995,-519050,-19655,-377,-20717*a82f0508
#INSPVAXA,ICOM3,0,94.4,FINESTEERING,2427,544324.620,00000000,025d,797;WAITING_AZIMUTH,NONE,0.00000000000,0.00000000000,0.0000,0.0000,0.0000,0.0000,0.0000,0.000000000,0.000000000,-0.000000000,0.0000,0.0000,0.0000,0.0000,0.0000,0.0000,0.0000,0.0000,0.0000,00000000,544325*d70ebfe9
#RAWIMUA,ICOM3,0,94.4,FINESTEERING,2427,544324.616,00000000,0000,797;2427,544324.616018000,1b01001c,1162349,294162,-518680,-20835,-1069,-9915*2f9dbf59
$GPGGA,071146.60,3109.8268654,N,12127.2280423,E,4,34,0.7,6.086,M,11.031,M,1.600,1793*47
#BESTGNSSPOSA,ICOM3,0,94.4,FINESTEERING,2427,544324.600,03e1c002,0000,797;SOL_COMPUTED,NARROW_INT,31.16378109023,121.45380070498,6.0858,11.0314,WGS84,0.0153,0.0137,0.0276,"1793",1.600,0.014,37,34,34,34,00,00,30,37*090033e4
#HEADINGA,ICOM3,0,94.4,FINESTEERING,2427,544324.600,00000000,0000,797;SOL_COMPUTED,NONE,0.000000000,0.000000000,0.000000000,0.0,0.000000000,0.000000000,"1793",0,0,0,0,0,00,30,37*141be052
$GPGSV,2,1,05,12,18,142,23,18,50,221,43,20,15,066,38,24,69,049,44*70
$GPGSV,2,2,05,32,10,270,39,,,,,,,,,,,,*43
$GLGSV,3,1,09,70,18,070,44,72,22,303,41,73,48,103,46,74,24,161,35*6A
$GLGSV,3,2,09,85,05,190,39,86,39,247,46,87,33,298,44,90,00,000,36*60
$GLGSV,3,3,09,91,00,000,35,,,,,,,,,,,,*52
$GAGSV,2,1,06,03,24,264,46,05,63,319,31,11,09,161,39,31,13,075,41*61
$GAGSV,2,2,06,34,54,291,43,36,51,190,48,,,,,,,,*60
$GQGSV,1,1,02,03,44,169,44,07,53,169,40,,,,,,,,*7C
$GBGSV,4,1,15,01,48,147,49,02,35,242,46,03,55,202,48,04,37,120,42*60
$GBGSV,4,2,15,06,69,040,45,07,57,190,49,10,46,191,45,11,24,271,45*6D
$GBGSV,4,3,15,12,11,294,45,20,28,304,44,23,49,089,49,27,00,000,31*6D
$GBGSV,4,4,15,30,24,240,42,37,38,167,48,41,24,084,47,,,,*55
$GPGSA,M,3,12,18,20,24,32,,,,,,,,1.4,0.7,1.2,1*2D
#INSPVAXA,ICOM3,0,94.4,FINESTEERING,2427,544324.630,00000000,0268,797;WAITING_AZIMUTH,NONE,0.00000000000,0.00000000000,0.0000,0.0000,0.0000,0.0000,0.0000,0.000000000,0.000000000,-0.000000000,0.0000,0.0000,0.0000,0.0000,0.0000,0.0000,0.0000,0.0000,0.0000,00000000,544325*e0879d95
#RAWIMUA,ICOM3,0,94.4,FINESTEERING,2427,544324.626,00000000,0000,797;2427,544324.625988000,1b03001d,1164135,293031,-519883,-11491,10063,-17282*cb759f63
#INSPVAXA,ICOM3,0,94.4,FINESTEERING,2427,544324.640,00000000,0271,797;WAITING_AZIMUTH,NONE,0.00000000000,0.00000000000,0.0000,0.0000,0.0000,0.0000,0.0000,0.000000000,0.000000000,-0.000000000,0.0000,0.0000,0.0000,0.0000,0.0000,0.0000,0.0000,0.0000,0.0000,00000000,544325*dd864e9e
#RAWIMUA,ICOM3,0,94.4,FINESTEERING,2427,544324.636,00000000,0000,797;2427,544324.635977000,1b00001e,1163971,292344,-519842,-21392,1201,-12664*241f3160
#INSPVAXA,ICOM3,0,94.4,FINESTEERING,2427,544324.650,00000000,027b,797;WAITING_AZIMUTH,NONE,0.00000000000,0.00000000000,0.0000,0.0000,0.0000,0.0000,0.0000,0.000000000,0.000000000,-0.000000000,0.0000,0.0000,0.0000,0.0000,0.0000,0.0000,0.0000,0.0000,0.0000,00000000,544325*13509577
#RAWIMUA,ICOM3,0,94.4,FINESTEERING,2427,544324.646,00000000,0000,797;2427,544324.645973000,1b00001f,1162682,293469,-519099,-21983,2254,-15781*966ceee3
#INSPVAXA,ICOM3,0,94.4,FINESTEERING,2427,544324.660,00000000,0285,797;WAITING_AZIMUTH,NONE,0.00000000000,0.00000000000,0.0000,0.0000,0.0000,0.0000,0.0000,0.000000000,0.000000000,-0.000000000,0.0000,0.0000,0.0000,0.0000,0.0000,0.0000,0.0000,0.0000,0.0000,00000000,544325*f722e6d1
#RAWIMUA,ICOM3,0,94.4,FINESTEERING,2427,544324.656,00000000,0000,797;2427,544324.655965000,1b000020,1163092,292795,-520634,-20409,-3538,-14491*26d8ce2c
#INSPVAXA,ICOM3,0,94.4,FINESTEERING,2427,544324.670,00000000,028f,797;WAITING_AZIMUTH,NONE,0.00000000000,0.00000000000,0.0000,0.0000,0.0000,0.0000,0.0000,0.000000000,0.000000000,-0.000000000,0.0000,0.0000,0.0000,0.0000,0.0000,0.0000,0.0000,0.0000,0.0000,00000000,544325*39f43d38
#RAWIMUA,ICOM3,0,94.4,FINESTEERING,2427,544324.666,00000000,0000,797;2427,544324.665955000,1b080021,1163667,293468,-519034,-20245,-4788,-13216*08a663fe
#INSPVAXA,ICOM3,0,94.4,FINESTEERING,2427,544324.680,00000000,0299,797;WAITING_AZIMUTH,NONE,0.00000000000,0.00000000000,0.0000,0.0000,0.0000,0.0000,0.0000,0.000000000,0.000000000,-0.000000000,0.0000,0.0000,0.0000,0.0000,0.0000,0.0000,0.0000,0.0000,0.0000,00000000,544325*9bda17af
#RAWIMUA,ICOM3,0,94.4,FINESTEERING,2427,544324.676,00000000,0000,797;2427,544324.675978000,1b030022,1163603,291338,-519108,-24999,-151,-13790*70e7a49c
#INSPVAXA,ICOM3,0,94.4,FINESTEERING,2427,544324.690,00000000,02a3,797;WAITING_AZIMUTH,NONE,0.00000000000,0.00000000000,0.0000,0.0000,0.0000,0.0000,0.0000,0.000000000,0.000000000,-0.000000000,0.0000,0.0000,0.0000,0.0000,0.0000,0.0000,0.0000,0.0000,0.0000,00000000,544325*d859875b
#RAWIMUA,ICOM3,0,94.4,FINESTEERING,2427,544324.686,00000000,0000,797;2427,544324.685970000,1b020023,1164553,292616,-518927,-22901,-2849,-12356*92309410
#INSPVAXA,ICOM3,0,94.4,FINESTEERING,2427,544324.700,00000000,02ad,797;WAITING_AZIMUTH,NONE,0.00000000000,0.00000000000,0.0000,0.0000,0.0000,0.0000,0.0000,0.000000000,0.000000000,-0.000000000,0.0000,0.0000,0.0000,0.0000,0.0000,0.0000,0.0000,0.0000,0.0000,00000000,544325*32742f0b
#RAWIMUA,ICOM3,0,94.4,FINESTEERING,2427,544324.696,00000000,0000,797;2427,544324.695966000,1afe0024,1162110,291943,-520853,-13786,1898,-16105*62b522c4
#INSPVAXA,ICOM3,0,94.4,FINESTEERING,2427,544324.710,00000000,02b7,797;WAITING_AZIMUTH,NONE,0.00000000000,0.00000000000,0.0000,0.0000,0.0000,0.0000,0.0000,0.000000000,0.000000000,-0.000000000,0.0000,0.0000,0.0000,0.0000,0.0000,0.0000,0.0000,0.0000,0.0000,00000000,544325*5f6168dc
#RAWIMUA,ICOM3,0,94.4,FINESTEERING,2427,544324.706,00000000,0000,797;2427,544324.705980000,1afe0025,1161027,292079,-517737,-20507,2716,-16336*d6dd3fec
#INSPVAXA,ICOM3,0,94.4,FINESTEERING,2427,544324.720,00000000,02c1,797;WAITING_AZIMUTH,NONE,0.00000000000,0.00000000000,0.0000,0.0000,0.0000,0.0000,0.0000,0.000000000,0.000000000,-0.000000000,0.0000,0.0000,0.0000,0.0000,0.0000,0.0000,0.0000,0.0000,0.0000,00000000,544325*d6f78866
#RAWIMUA,ICOM3,0,94.4,FINESTEERING,2427,544324.716,00000000,0000,797;2427,544324.716019000,1afb0026,1162936,292563,-518137,-21983,5315,-14946*49ee85e4
#INSPVAXA,ICOM3,0,94.4,FINESTEERING,2427,544324.730,00000000,02cc,797;WAITING_AZIMUTH,NONE,0.00000000000,0.00000000000,0.0000,0.0000,0.0000,0.0000,0.0000,0.000000000,0.000000000,-0.000000000,0.0000,0.0000,0.0000,0.0000,0.0000,0.0000,0.0000,0.0000,0.0000,00000000,544325*847a686e
#RAWIMUA,ICOM3,0,94.4,FINESTEERING,2427,544324.726,00000000,0000,797;2427,544324.726003000,1af90027,1162918,292349,-519579,-24638,-5022,-13483*ff454ce3
#INSPVAXA,ICOM3,0,94.4,FINESTEERING,2427,544324.740,00000000,02d6,797;WAITING_AZIMUTH,NONE,0.00000000000,0.00000000000,0.0000,0.0000,0.0000,0.0000,0.0000,0.000000000,0.000000000,-0.000000000,0.0000,0.0000,0.0000,0.0000,0.0000,0.0000,0.0000,0.0000,0.0000,00000000,544325*67fd6dbc
#RAWIMUA,ICOM3,0,94.4,FINESTEERING,2427,544324.736,00000000,0000,797;2427,544324.735965000,1afe0028,1163598,291311,-518616,-18409,-442,-14805*f6eaed9a
#INSPVAXA,ICOM3,0,94.4,FINESTEERING,2427,544324.750,00000000,02df,797;WAITING_AZIMUTH,NONE,0.00000000000,0.00000000000,0.0000,0.0000,0.0000,0.0000,0.0000,0.000000000,0.000000000,-0.000000000,0.0000,0.0000,0.0000,0.0000,0.0000,0.0000,0.0000,0.0000,0.0000,00000000,544325*d6b7fc37
#RAWIMUA,ICOM3,0,94.4,FINESTEERING,2427,544324.746,00000000,0000,797;2427,544324.745955000,1b030029,1163660,291873,-518228,-17852,3442,-17809*d007cb6d
#INSPVAXA,ICOM3,0,94.4,FINESTEERING,2427,544324.760,00000000,02e9,797;WAITING_AZIMUTH,NONE,0.00000000000,0.00000000000,0.0000,0.0000,0.0000,0.0000,0.0000,0.000000000,0.000000000,-0.000000000,0.0000,0.0000,0.0000,0.0000,0.0000,0.0000,0.0000,0.0000,0.0000,00000000,544325*9df52acf
#RAWIMUA,ICOM3,0,94.4,FINESTEERING,2427,544324.756,00000000,0000,797;2427,544324.755978000,1aff002a,1162885,292742,-519616,-17885,-2713,-23880*19e3e002
#INSPVAXA,ICOM3,0,94.4,FINESTEERING,2427,544324.770,00000000,02f3,797;WAITING_AZIMUTH,NONE,0.00000000000,0.00000000000,0.0000,0.0000,0.0000,0.0000,0.0000,0.000000000,0.000000000,-0.000000000,0.0000,0.0000,0.0000,0.0000,0.0000,0.0000,0.0000,0.0000,0.0000,00000000,544325*32345b5a
#RAWIMUA,ICOM3,0,94.4,FINESTEERING,2427,544324.766,00000000,0000,797;2427,544324.765970000,1afe002b,1161858,291870,-518719,-19262,2849,-17452*036099c4
#INSPVAXA,ICOM3,0,94.4,FINESTEERING,2427,544324.780,00000000,02fd,797;WAITING_AZIMUTH,NONE,0.00000000000,0.00000000000,0.0000,0.0000,0.0000,0.0000,0.0000,0.000000000,0.000000000,-0.000000000,0.0000,0.0000,0.0000,0.0000,0.0000,0.0000,0.0000,0.0000,0.0000,00000000,544325*7e743296
#RAWIMUA,ICOM3,0,94.4,FINESTEERING,2427,544324.776,00000000,0000,797;2427,544324.775965000,1aff002c,1163277,294020,-519467,-20278,-345,-8467*b29aeca2
#INSPVAXA,ICOM3,0,94.4,FINESTEERING,2427,544324.790,00000000,0307,797;WAITING_AZIMUTH,NONE,0.00000000000,0.00000000000,0.0000,0.0000,0.0000,0.0000,0.0000,0.000000000,0.000000000,-0.000000000,0.0000,0.0000,0.0000,0.0000,0.0000,0.0000,0.0000,0.0000,0.0000,00000000,544325*9f824c22
#RAWIMUA,ICOM3,0,94.4,FINESTEERING,2427,544324.786,00000000,0000,797;2427,544324.785955000,1b00002d,1162416,294259,-518813,-15393,2193,-9273*85258f6c
#INSPVAXA,ICOM3,0,94.4,FINESTEERING,2427,544324.800,00000000,0311,797;WAITING_AZIMUTH,NONE,0.00000000000,0.00000000000,0.0000,0.0000,0.0000,0.0000,0.0000,0.000000000,0.000000000,-0.000000000,0.0000,0.0000,0.0000,0.0000,0.0000,0.0000,0.0000,0.0000,0.0000,00000000,544325*fa37f848
#RAWIMUA,ICOM3,0,94.4,FINESTEERING,2427,544324.796,00000000,0000,797;2427,544324.795978000,1b01002e,1164261,291696,-519244,-24180,-4693,-9704*defcb32d
#INSPVAXA,ICOM3,0,94.4,FINESTEERING,2427,544324.810,00000000,031b,797;WAITING_AZIMUTH,NONE,0.00000000000,0.00000000000,0.0000,0.0000,0.0000,0.0000,0.0000,0.000000000,0.000000000,-0.000000000,0.0000,0.0000,0.0000,0.0000,0.0000,0.0000,0.0000,0.0000,0.0000,00000000,544325*34e123a1
#RAWIMUA,ICOM3,0,94.4,FINESTEERING,2427,544324.806,00000000,0000,797;2427,544324.805992000,1aff002f,1163274,292747,-519091,-23753,1693,-18183*c275e7c1
#INSPVAXA,ICOM3,0,94.4,FINESTEERING,2427,544324.820,00000000,0325,797;WAITING_AZIMUTH,NONE,0.00000000000,0.00000000000,0.0000,0.0000,0.0000,0.0000,0.0000,0.000000000,0.000000000,-0.000000000,0.0000,0.0000,0.0000,0.0000,0.0000,0.0000,0.0000,0.0000,0.0000,00000000,544325*320e2a3c
#RAWIMUA,ICOM3,0,94.4,FINESTEERING,2427,544324.816,00000000,0000,797;2427,544324.816034000,1aff0030,1162187,292687,-518827,-16213,-6300,-8064*d1a23b7c
$GPGGA,071146.80,3109.8268663,N,12127.2280418,E,4,34,0.7,6.088,M,11.031,M,0.800,1793*44
#BESTGNSSPOSA,ICOM3,0,94.4,FINESTEERING,2427,544324.800,c3e1c002,0000,797;SOL_COMPUTED,NARROW_INT,31.16378110564,121.45380069707,6.0875,11.0314,WGS84,0.0157,0.0141,0.0281,"1793",0.800,0.015,37,34,34,34,00,00,30,37*7dd04daa
#HEADINGA,ICOM3,0,94.4,FINESTEERING,2427,544324.800,00000000,0000,797;SOL_COMPUTED,NONE,0.000000000,0.000000000,0.000000000,0.0,0.000000000,0.000000000,"1793",0,0,0,0,0,00,30,37*ddfb4e45
$GPGSV,2,1,05,12,18,142,23,18,50,221,43,20,15,066,38,24,69,049,44*70
$GPGSV,2,2,05,32,10,270,39,,,,,,,,,,,,*43
$GLGSV,3,1,09,70,18,070,44,72,22,303,41,73,48,103,46,74,24,161,35*6A
$GLGSV,3,2,09,85,05,190,39,86,39,247,46,87,33,298,44,90,00,000,36*60
$GLGSV,3,3,09,91,00,000,35,,,,,,,,,,,,*52
$GAGSV,2,1,06,03,24,264,46,05,63,319,31,11,09,161,39,31,13,075,41*61
$GAGSV,2,2,06,34,54,291,43,36,51,190,48,,,,,,,,*60
$GQGSV,1,1,02,03,44,169,44,07,53,169,40,,,,,,,,*7C
$GBGSV,4,1,15,01,48,147,49,02,35,242,46,03,55,202,48,04,37,120,42*60
$GBGSV,4,2,15,06,69,040,45,07,57,190,49,10,46,191,45,11,24,271,45*6D
$GBGSV,4,3,15,12,11,294,45,20,28,304,44,23,49,089,49,27,00,000,31*6D
$GBGSV,4,4,15,30,24,240,42,37,38,167,48,41,24,084,47,,,,*55
$GPGSA,M,3,12,18,20,24,32,,,,,,,,1.4,0.7,1.2,1*2D
#INSPVAXA,ICOM3,0,94.4,FINESTEERING,2427,544324.830,00000000,0330,797;WAITING_AZIMUTH,NONE,0.00000000000,0.00000000000,0.0000,0.0000,0.0000,0.0000,0.0000,0.000000000,0.000000000,-0.000000000,0.0000,0.0000,0.0000,0.0000,0.0000,0.0000,0.0000,0.0000,0.0000,00000000,544325*b3012be9
#RAWIMUA,ICOM3,0,94.4,FINESTEERING,2427,544324.826,00000000,0000,797;2427,544324.825963000,1afd0031,1161966,291793,-519670,-22672,7224,-16384*571d2e12
#INSPVAXA,ICOM3,0,94.4,FINESTEERING,2427,544324.840,00000000,0339,797;WAITING_AZIMUTH,NONE,0.00000000000,0.00000000000,0.0000,0.0000,0.0000,0.0000,0.0000,0.000000000,0.000000000,-0.000000000,0.0000,0.0000,0.0000,0.0000,0.0000,0.0000,0.0000,0.0000,0.0000,00000000,544325*59917137
#RAWIMUA,ICOM3,0,94.4,FINESTEERING,2427,544324.836,00000000,0000,797;2427,544324.835978000,1afc0032,1163570,290881,-519037,-23426,2088,-15159*b510d672
#INSPVAXA,ICOM3,0,94.4,FINESTEERING,2427,544324.850,00000000,0343,797;WAITING_AZIMUTH,NONE,0.00000000000,0.00000000000,0.0000,0.0000,0.0000,0.0000,0.0000,0.000000000,0.000000000,-0.000000000,0.0000,0.0000,0.0000,0.0000,0.0000,0.0000,0.0000,0.0000,0.0000,00000000,544325*1ef42b74
#RAWIMUA,ICOM3,0,94.4,FINESTEERING,2427,544324.846,00000000,0000,797;2427,544324.845971000,1b000033,1161918,291352,-518155,-23131,-3705,-15645*54d54ed5
#INSPVAXA,ICOM3,0,94.4,FINESTEERING,2427,544324.860,00000000,034d,797;WAITING_AZIMUTH,NONE,0.00000000000,0.00000000000,0.0000,0.0000,0.0000,0.0000,0.0000,0.000000000,0.000000000,-0.000000000,0.0000,0.0000,0.0000,0.0000,0.0000,0.0000,0.0000,0.0000,0.0000,00000000,544325*bbd8bed7
#RAWIMUA,ICOM3,0,94.4,FINESTEERING,2427,544324.856,00000000,0000,797;2427,544324.855963000,1b060034,1162161,292287,-519413,-27229,7516,-10704*73e490b7
#INSPVAXA,ICOM3,0,94.4,FINESTEERING,2427,544324.870,00000000,0357,797;WAITING_AZIMUTH,NONE,0.00000000000,0.00000000000,0.0000,0.0000,0.0000,0.0000,0.0000,0.000000000,0.000000000,-0.000000000,0.0000,0.0000,0.0000,0.0000,0.0000,0.0000,0.0000,0.0000,0.0000,00000000,544325*a29feceb
#RAWIMUA,ICOM3,0,94.4,FINESTEERING,2427,544324.866,00000000,0000,797;2427,544324.865955000,1b060035,1162678,292590,-518630,-14377,8184,-12367*b4161af4
#INSPVAXA,ICOM3,0,94.4,FINESTEERING,2427,544324.880,00000000,0361,797;WAITING_AZIMUTH,NONE,0.00000000000,0.00000000000,0.0000,0.0000,0.0000,0.0000,0.0000,0.000000000,0.000000000,-0.000000000,0.0000,0.0000,0.0000,0.0000,0.0000,0.0000,0.0000,0.0000,0.0000,00000000,544325*b637e5d5
#RAWIMUA,ICOM3,0,94.4,FINESTEERING,2427,544324.876,00000000,0000,797;2427,544324.875947000,1b020036,1163016,292808,-519551,-20246,9464,-20183*970e63c9
#INSPVAXA,ICOM3,0,94.4,FINESTEERING,2427,544324.890,00000000,036b,797;WAITING_AZIMUTH,NONE,0.00000000000,0.00000000000,0.0000,0.0000,0.0000,0.0000,0.0000,0.000000000,0.000000000,-0.000000000,0.0000,0.0000,0.0000,0.0000,0.0000,0.0000,0.0000,0.0000,0.0000,00000000,544325*78e13e3c
#RAWIMUA,ICOM3,0,94.4,FINESTEERING,2427,544324.886,00000000,0000,797;2427,544324.885971000,1b030037,1163369,291540,-518717,-17262,-8506,-15235*c7f9b5e5
#INSPVAXA,ICOM3,0,94.4,FINESTEERING,2427,544324.900,00000000,0375,797;WAITING_AZIMUTH,NONE,0.00000000000,0.00000000000,0.0000,0.0000,0.0000,0.0000,0.0000,0.000000000,0.000000000,-0.000000000,0.0000,0.0000,0.0000,0.0000,0.0000,0.0000,0.0000,0.0000,0.0000,00000000,544325*455d1fb9
#RAWIMUA,ICOM3,0,94.4,FINESTEERING,2427,544324.896,00000000,0000,797;2427,544324.895963000,1afe0038,1161278,293233,-519850,-18213,2257,-17257*fe516cfb
#INSPVAXA,ICOM3,0,94.4,FINESTEERING,2427,544324.910,00000000,037f,797;WAITING_AZIMUTH,NONE,0.00000000000,0.00000000000,0.0000,0.0000,0.0000,0.0000,0.0000,0.000000000,0.000000000,-0.000000000,0.0000,0.0000,0.0000,0.0000,0.0000,0.0000,0.0000,0.0000,0.0000,00000000,544325*8b8bc450
#RAWIMUA,ICOM3,0,94.4,FINESTEERING,2427,544324.906,00000000,0000,797;2427,544324.905971000,1afb0039,1163051,292511,-519777,-14246,4366,-12187*a90d0eee
#INSPVAXA,ICOM3,0,94.4,FINESTEERING,2427,544324.920,00000000,0389,797;WAITING_AZIMUTH,NONE,0.00000000000,0.00000000000,0.0000,0.0000,0.0000,0.0000,0.0000,0.000000000,0.000000000,-0.000000000,0.0000,0.0000,0.0000,0.0000,0.0000,0.0000,0.0000,0.0000,0.0000,00000000,544325*56067d78
#RAWIMUA,ICOM3,0,94.4,FINESTEERING,2427,544324.916,00000000,0000,797;2427,544324.915999000,1afe003a,1162425,291270,-519533,-20901,378,-13950*37045dee
#INSPVAXA,ICOM3,0,94.4,FINESTEERING,2427,544324.930,00000000,0393,797;WAITING_AZIMUTH,NONE,0.00000000000,0.00000000000,0.0000,0.0000,0.0000,0.0000,0.0000,0.000000000,0.000000000,-0.000000000,0.0000,0.0000,0.0000,0.0000,0.0000,0.0000,0.0000,0.0000,0.0000,00000000,544325*8d951906
#RAWIMUA,ICOM3,0,94.4,FINESTEERING,2427,544324.926,00000000,0000,797;2427,544324.925975000,1b00003b,1161798,292027,-519279,-13525,2754,-18960*4cc2f29d
#INSPVAXA,ICOM3,0,94.4,FINESTEERING,2427,544324.940,00000000,039d,797;WAITING_AZIMUTH,NONE,0.00000000000,0.00000000000,0.0000,0.0000,0.0000,0.0000,0.0000,0.000000000,0.000000000,-0.000000000,0.0000,0.0000,0.0000,0.0000,0.0000,0.0000,0.0000,0.0000,0.0000,00000000,544325*c6b2dabf
#RAWIMUA,ICOM3,0,94.4,FINESTEERING,2427,544324.936,00000000,0000,797;2427,544324.935966000,1b04003c,1162664,292340,-520399,-24639,2515,-14469*55b06bb9
#INSPVAXA,ICOM3,0,94.4,FINESTEERING,2427,544324.950,00000000,03a7,797;WAITING_AZIMUTH,NONE,0.00000000000,0.00000000000,0.0000,0.0000,0.0000,0.0000,0.0000,0.000000000,0.000000000,-0.000000000,0.0000,0.0000,0.0000,0.0000,0.0000,0.0000,0.0000,0.0000,0.0000,00000000,544325*47e57c09
#RAWIMUA,ICOM3,0,94.4,FINESTEERING,2427,544324.946,00000000,0000,797;2427,544324.945959000,1b06003d,1162388,292814,-519124,-18115,-1364,-19146*14ca756a
#INSPVAXA,ICOM3,0,94.4,FINESTEERING,2427,544324.960,00000000,03b1,797;WAITING_AZIMUTH,NONE,0.00000000000,0.00000000000,0.0000,0.0000,0.0000,0.0000,0.0000,0.000000000,0.000000000,-0.000000000,0.0000,0.0000,0.0000,0.0000,0.0000,0.0000,0.0000,0.0000,0.0000,00000000,544325*ba218958
#RAWIMUA,ICOM3,0,94.4,FINESTEERING,2427,544324.956,00000000,0000,797;2427,544324.955950000,1b04003e,1162960,290604,-520411,-26967,-252,-20790*482edbd4
#INSPVAXA,ICOM3,0,94.4,FINESTEERING,2427,544324.970,00000000,03bb,797;WAITING_AZIMUTH,NONE,0.00000000000,0.00000000000,0.0000,0.0000,0.0000,0.0000,0.0000,0.000000000,0.000000000,-0.000000000,0.0000,0.0000,0.0000,0.0000,0.0000,0.0000,0.0000,0.0000,0.0000,00000000,544325*74f752b1
#RAWIMUA,ICOM3,0,94.4,FINESTEERING,2427,544324.966,00000000,0000,797;2427,544324.965973000,1b05003f,1163843,291033,-520023,-20967,1234,-16049*a9db85a1
#INSPVAXA,ICOM3,0,94.4,FINESTEERING,2427,544324.980,00000000,03c5,797;WAITING_AZIMUTH,NONE,0.00000000000,0.00000000000,0.0000,0.0000,0.0000,0.0000,0.0000,0.000000000,0.000000000,-0.000000000,0.0000,0.0000,0.0000,0.0000,0.0000,0.0000,0.0000,0.0000,0.0000,00000000,544325*ef26b2a8
#RAWIMUA,ICOM3,0,94.4,FINESTEERING,2427,544324.976,00000000,0000,797;2427,544324.975966000,1b040040,1162841,292526,-518465,-24738,408,-14183*1a0fd9c7
#INSPVAXA,ICOM3,0,94.4,FINESTEERING,2427,544324.990,00000000,03cf,797;WAITING_AZIMUTH,NONE,0.00000000000,0.00000000000,0.0000,0.0000,0.0000,0.0000,0.0000,0.000000000,0.000000000,-0.000000000,0.0000,0.0000,0.0000,0.0000,0.0000,0.0000,0.0000,0.0000,0.0000,00000000,544325*21f06941
#RAWIMUA,ICOM3,0,94.4,FINESTEERING,2427,544324.986,00000000,0000,797;2427,544324.985959000,1b020041,1163373,291470,-519077,-15099,-4522,-18041*8349af68
#INSPVAXA,ICOM3,0,94.4,FINESTEERING,2427,544325.000,00000000,03d9,797;WAITING_AZIMUTH,NONE,0.00000000000,0.00000000000,0.0000,0.0000,0.0000,0.0000,0.0000,0.000000000,0.000000000,-0.000000000,0.0000,0.0000,0.0000,0.0000,0.0000,0.0000,0.0000,0.0000,0.0000,00000000,544326*f73c0db0
#INSCALSTATUSA,ICOM3,0,94.4,FINESTEERING,2427,544325.000,00000000,0000,797;RBV,0.0000,0.0000,0.0000,45.0000,45.0000,45.0000,CALIBRATED,0*c2ef89c5
#RAWIMUA,ICOM3,0,94.4,FINESTEERING,2427,544324.996,00000000,0000,797;2427,544324.995952000,1b000042,1163285,290379,-519983,-23885,5280,-13669*dcda18fe
#INSPVAXA,ICOM3,0,94.4,FINESTEERING,2427,544325.010,00000000,03e3,797;WAITING_AZIMUTH,NONE,0.00000000000,0.00000000000,0.0000,0.0000,0.0000,0.0000,0.0000,0.000000000,0.000000000,-0.000000000,0.0000,0.0000,0.0000,0.0000,0.0000,0.0000,0.0000,0.0000,0.0000,00000000,544326*2caf69ce
#RAWIMUA,ICOM3,0,94.4,FINESTEERING,2427,544325.006,00000000,0000,797;2427,544325.005992391,1aff0043,1164756,292249,-519481,-19164,5646,-8178*1207ae0b
#INSPVAXA,ICOM3,0,94.4,FINESTEERING,2427,544325.020,00000000,0005,797;WAITING_AZIMUTH,NONE,0.00000000000,0.00000000000,0.0000,0.0000,0.0000,0.0000,0.0000,0.000000000,0.000000000,-0.000000000,0.0000,0.0000,0.0000,0.0000,0.0000,0.0000,0.0000,0.0000,0.0000,00000000,544326*c9e75027
#RAWIMUA,ICOM3,0,94.4,FINESTEERING,2427,544325.016,00000000,0000,797;2427,544325.016028000,1afe0044,1162514,292427,-518628,-18476,5712,-12645*0cd0b574
#INSPVAXA,ICOM3,0,94.4,FINESTEERING,2427,544325.030,00000000,0010,797;WAITING_AZIMUTH,NONE,0.00000000000,0.00000000000,0.0000,0.0000,0.0000,0.0000,0.0000,0.000000000,0.000000000,-0.000000000,0.0000,0.0000,0.0000,0.0000,0.0000,0.0000,0.0000,0.0000,0.0000,00000000,544326*48e851f2
#RAWIMUA,ICOM3,0,94.4,FINESTEERING,2427,544325.026,00000000,0000,797;2427,544325.026035000,1afc0045,1164493,292414,-519449,-21754,-3967,-18372*e20dd971
#BESTPOSA,ICOM3,0,94.4,FINESTEERING,2427,544325.000,03e1c002,0001,797;SOL_COMPUTED,NARROW_INT,31.16378103875,121.45380069628,6.0767,11.0314,WGS84,0.0131,0.0117,0.0257,"1793",1.000,0.020,37,34,34,34,00,00,30,37*b58b8564
$GPGGA,071147.00,3109.8268623,N,12127.2280418,E,4,34,0.7,6.077,M,11.031,M,1.000,1793*40
#BESTGNSSPOSA,ICOM3,0,94.4,FINESTEERING,2427,544325.000,03e1c002,0001,797;SOL_COMPUTED,NARROW_INT,31.16378103875,121.45380069628,6.0767,11.0314,WGS84,0.0131,0.0117,0.0257,"1793",1.000,0.020,37,34,34,34,00,00,30,37*953f1316
#HEADINGA,ICOM3,0,94.4,FINESTEERING,2427,544325.000,00000000,0000,797;SOL_COMPUTED,NONE,0.000000000,0.000000000,0.000000000,0.0,0.000000000,0.000000000,"1793",0,0,0,0,0,00,30,37*40540b15
$GPGSV,2,1,05,12,18,142,23,18,50,221,43,20,15,066,38,24,69,049,44*70
$GPGSV,2,2,05,32,10,270,39,,,,,,,,,,,,*43
$GLGSV,3,1,09,70,18,070,44,72,22,303,41,73,48,103,46,74,24,161,35*6A
$GLGSV,3,2,09,85,05,190,39,86,39,247,46,87,33,298,44,90,00,000,36*60
$GLGSV,3,3,09,91,00,000,36,,,,,,,,,,,,*51
$GAGSV,2,1,06,03,24,264,46,05,63,319,30,11,09,161,39,31,13,075,41*60
$GAGSV,2,2,06,34,54,291,43,36,51,190,48,,,,,,,,*60
$GQGSV,1,1,02,03,44,169,44,07,53,169,39,,,,,,,,*72
$GBGSV,4,1,15,01,48,147,49,02,35,242,46,03,55,202,48,04,37,120,42*60
$GBGSV,4,2,15,06,69,040,45,07,57,190,49,10,46,191,45,11,24,271,45*6D
$GBGSV,4,3,15,12,11,294,45,20,28,304,44,23,49,089,49,27,00,000,31*6D
$GBGSV,4,4,15,30,24,240,42,37,38,167,48,41,24,084,47,,,,*55
$GPGSA,M,3,12,18,20,24,32,,,,,,,,1.4,0.7,1.2,1*2D
ªD*   H   ¼´{	ˆ½q Àá     2   ûÝí)?@Œ\]^@ºË½O‰N@Ì€0A=   ˜@W<¸@<Ÿ‘Ò<1793  €?¶‚¦<%"""  07k'î|ªD7  0   ¼´{	ˆ½q                                           1793      07´5$m#INSPVAXA,ICOM3,0,94.4,FINESTEERING,2427,544325.040,00000000,001a,797;WAITING_AZIMUTH,NONE,0.00000000000,0.00000000000,0.0000,0.0000,0.0000,0.0000,0.0000,0.000000000,0.000000000,-0.000000000,0.0000,0.0000,0.0000,0.0000,0.0000,0.0000,0.0000,0.0000,0.0000,00000000,544326*fcf7068f
#RAWIMUA,ICOM3,0,94.4,FINESTEERING,2427,544325.036,00000000,0000,797;2427,544325.035998000,1afa0046,1163414,292018,-519870,-17033,5878,-16124*ed1c7022
#TRACKSTATA,ICOM3,0,94.4,FINESTEERING,2427,544325.000,00000000,0000,797;SOL_COMPUTED,NARROW_INT,0.0,101,12,0,00181544,24288585.804,2717.427,23.250,0.200,0.000,GOOD,0.000,12,0,02381564,24288596.057,2117.712,28.250,0.000,0.000,GOOD,0.000,18,0,10101cc4,21408546.006,-2141.839,43.250,76.900,0.000,GOOD,0.000,18,0,02301ce4,21408546.390,-1668.962,45.750,73.500,0.000,GOOD,0.000,18,0,01d01d04,21408566.716,-1599.497,46.500,75.900,0.000,GOOD,0.000,20,0,10101e44,24287125.408,-2500.420,38.250,76.000,0.000,GOOD,0.000,20,0,12301e64,24287128.721,-1948.302,45.500,73.500,0.000,GOOD,0.000,20,0,11d01e84,24287145.785,-1867.174,44.000,75.000,0.000,GOOD,0.000,24,0,10101ec4,20110784.105,-1318.391,44.250,75.400,0.000,GOOD,0.000,24,0,12301ee4,20110786.345,-1027.234,43.000,71.900,0.000,GOOD,0.000,24,0,01d01f04,20110802.419,-984.421,45.500,74.300,0.000,GOOD,0.000,32,0,10101dc4,24895525.126,1907.419,39.000,73.000,0.000,GOOD,0.000,32,0,02301de4,24895531.556,1486.243,35.250,70.100,0.000,GOOD,0.000,32,0,11d01e04,24895547.256,1424.426,37.000,71.600,0.000,GOOD,0.000,43,3,10111d44,22926500.552,-2048.620,43.750,80.600,0.000,GOOD,0.000,43,3,10311d64,22926513.722,-1593.452,46.750,79.800,0.000,GOOD,0.000,45,13,00111e44,22559443.522,1682.490,41.000,76.600,0.000,GOOD,0.000,45,13,00311e64,22559450.622,1308.527,44.250,75.800,0.000,GOOD,0.000,46,5,10111dc4,20492898.947,1216.844,46.250,79.900,0.000,GOOD,0.000,46,5,10311de4,20492906.353,946.315,47.750,78.900,0.000,GOOD,0.000,47,0,10191cc4,22418678.622,3903.208,34.750,2.300,0.000,GOOD,0.000,58,11,10191ec4,24285307.549,-4399.380,39.250,30.700,0.000,GOOD,0.000,58,11,003916e4,24285350.879,-3421.927,35.000,0.800,0.000,GOOD,0.000,59,4,10111d84,21115857.159,-2414.826,46.250,80.100,0.000,GOOD,0.000,59,4,10311da4,21115862.572,-1878.223,42.750,79.300,0.000,GOOD,0.000,60,10,00111e04,21594271.100,310.018,43.750,78.700,0.000,GOOD,0.000,63,1,10191d04,21907667.891,1453.963,36.000,3.000,0.000,GOOD,0.000,63,1,00391d24,21907655.295,1130.646,38.000,1.700,0.000,GOOD,0.000,64,2,10191e84,21929844.384,-1623.087,35.500,2.100,0.000,GOOD,0.000,3,0,00331fc4,26547263.347,1370.333,45.750,81.300,0.000,GOOD,0.000,3,0,02331c24,26547270.482,1050.067,46.250,80.500,0.000,GOOD,0.000,3,0,01931fe4,26547270.975,1023.218,42.500,78.300,0.000,GOOD,0.000,3,0,00d31c04,26547438.805,1112.356,41.750,77.500,0.000,GOOD,0.000,5,0,00331644,23884499.494,-203.599,30.000,0.000,0.000,GOOD,0.000,5,0,12331ea4,23884508.810,-156.178,37.250,2.300,0.000,GOOD,0.000,5,0,01931664,23884506.121,-148.398,26.000,0.000,0.000,GOOD,0.000,11,0,00331cc4,26396364.099,-3301.266,38.500,26.100,0.000,GOOD,0.000,11,0,12331d24,26396378.156,-2529.584,42.250,65.300,0.000,GOOD,0.000,11,0,11931ce4,26396380.060,-2465.419,37.750,73.000,0.000,GOOD,0.000,11,0,10d31d04,26396545.495,-2679.771,34.750,38.400,0.000,GOOD,0.000,31,0,00331c44,27626891.839,752.470,40.750,74.300,0.000,GOOD,0.000,31,0,12331ca4,27626901.475,576.509,45.500,73.300,0.000,GOOD,0.000,31,0,01931c64,27626902.766,561.862,40.000,70.100,0.000,GOOD,0.000,31,0,10d31c84,27627062.933,610.655,33.250,12.400,0.000,GOOD,0.000,34,0,10331dc4,24368589.742,401.021,42.750,56.100,0.000,GOOD,0.000,34,0,02331e24,24368596.724,307.439,47.250,54.700,0.000,GOOD,0.000,34,0,01931de4,24368597.275,299.397,43.500,52.000,0.000,GOOD,0.000,34,0,00d31e04,24368765.386,325.544,45.500,52.200,0.000,GOOD,0.000,36,0,10331d44,24631701.084,-2323.066,48.000,73.000,0.000,GOOD,0.000,36,0,12331da4,24631709.132,-1780.198,49.500,72.100,0.000,GOOD,0.000,36,0,11931d64,24631708.992,-1734.762,45.000,69.100,0.000,GOOD,0.000,36,0,00d31d84,24631873.953,-1885.837,44.500,69.200,0.000,GOOD,0.000,195,0,10151f44,36628044.124,-82.982,44.000,81.200,0.000,GOOD,0.000,195,0,02351f64,36628042.134,-64.758,47.000,73.500,0.000,GOOD,0.000,195,0,11d51f84,36628059.343,-61.993,44.500,80.000,0.000,GOOD,0.000,199,0,10151ec4,36982671.437,-165.317,39.250,79.800,0.000,GOOD,0.000,199,0,02351ee4,36982667.860,-128.824,44.000,73.100,0.000,GOOD,0.000,199,0,11d51f04,36982687.800,-123.415,46.750,78.300,0.000,GOOD,0.000,1,0,10941c04,37277908.167,-175.905,48.750,81.300,0.000,GOOD,0.000,1,0,00d41c24,37277906.688,-143.011,46.500,81.300,0.000,GOOD,0.000,2,0,00941c64,38310108.013,-143.724,46.250,81.300,0.000,GOOD,0.000,2,0,00d41c84,38310100.433,-116.623,44.000,81.300,0.000,GOOD,0.000,3,0,00941cc4,36917629.524,-160.588,48.250,81.300,0.000,GOOD,0.000,3,0,00d41ce4,36917624.744,-130.590,47.250,81.300,0.000,GOOD,0.000,4,0,109c1d24,38142735.091,-195.600,42.000,81.300,0.000,GOOD,0.000,4,0,10dc1d44,38142738.945,-158.942,45.750,80.600,0.000,GOOD,0.000,6,0,00141e44,36188765.622,271.429,44.500,79.600,0.000,GOOD,0.000,6,0,10541e64,36188770.985,220.617,42.500,78.300,0.000,GOOD,0.000,7,0,00141de4,36919149.771,776.992,48.500,80.800,0.000,GOOD,0.000,7,0,10541e04,36919153.963,631.381,47.500,79.700,0.000,GOOD,0.000,10,0,10141d84,37849483.396,900.199,44.500,79.800,0.000,GOOD,0.000,10,0,10341dc4,37849488.279,696.183,46.000,78.900,0.000,GOOD,0.000,10,0,10541da4,37849492.188,731.447,41.500,78.400,0.000,GOOD,0.000,11,0,10141ea4,25017962.678,-1183.938,44.750,79.500,0.000,GOOD,0.000,11,0,10541ec4,25017968.467,-961.917,45.000,77.700,0.000,GOOD,0.000,12,0,00141f04,25869702.605,1949.355,44.500,79.200,0.000,GOOD,0.000,12,0,00541f24,25869710.304,1583.950,40.500,77.900,0.000,GOOD,0.000,20,0,00141e84,24732933.139,1674.097,44.250,79.400,0.000,GOOD,0.000,20,0,01341ea4,24732938.468,1261.577,45.500,78.800,0.000,GOOD,0.000,20,0,10541ec4,24732935.713,1360.184,43.500,78.000,0.000,GOOD,0.000,20,0,10f41ee4,24732926.718,1689.381,41.750,78.200,0.000,GOOD,0.000,23,0,10141d44,23029845.755,3.478,48.750,80.500,0.000,GOOD,0.000,23,0,01341d64,23029847.458,2.491,50.250,79.900,0.000,GOOD,0.000,23,0,10541d84,23029844.659,2.930,48.000,79.400,0.000,GOOD,0.000,23,0,10f41da4,23029838.561,3.643,43.750,79.500,0.000,GOOD,0.000,27,0,101c1f24,26330685.473,-2895.362,31.000,4.200,0.000,GOOD,0.000,27,0,113c1f44,26330596.940,-2181.789,41.750,71.300,0.000,GOOD,0.000,27,0,105c1f64,26330592.646,-2352.504,37.250,72.400,0.000,GOOD,0.000,27,0,00fc1784,26330549.021,-2921.750,31.250,0.400,0.000,GOOD,0.000,30,0,00141de4,24699257.705,-2253.097,41.500,78.300,0.000,GOOD,0.000,30,0,01341e04,24699273.856,-1697.884,46.000,77.600,0.000,GOOD,0.000,30,0,10541e24,24699271.569,-1830.790,45.000,77.200,0.000,GOOD,0.000,30,0,00f41e44,24699254.635,-2273.889,41.750,77.200,0.000,GOOD,0.000,37,0,00141fc4,23875825.284,2581.405,47.500,71.500,0.000,GOOD,0.000,37,0,01341fe4,23875837.334,1945.493,47.250,70.800,0.000,GOOD,0.000,37,0,00541c04,23875837.200,2097.764,44.750,69.800,0.000,GOOD,0.000,37,0,00f41c24,23875807.188,2604.963,39.000,70.400,0.000,GOOD,0.000,41,0,00141c64,25173686.708,-1801.242,46.750,68.700,0.000,GOOD,0.000,41,0,01341c84,25173704.988,-1357.441,46.250,67.600,0.000,GOOD,0.000,41,0,10541ca4,25173702.305,-1463.695,43.250,67.300,0.000,GOOD,0.000,41,0,00f41cc4,25173684.309,-1817.601,43.000,67.700,0.000,GOOD,0.000*b6b5301f
#INSPVAXA,ICOM3,0,94.4,FINESTEERING,2427,544325.050,00000000,0023,797;WAITING_AZIMUTH,NONE,0.00000000000,0.00000000000,0.0000,0.0000,0.0000,0.0000,0.0000,0.000000000,0.000000000,-0.000000000,0.0000,0.0000,0.0000,0.0000,0.0000,0.0000,0.0000,0.0000,0.0000,00000000,544326*0db97ab9
#RAWIMUA,ICOM3,0,94.4,FINESTEERING,2427,544325.046,00000000,0000,797;2427,544325.046020000,1b010047,1162680,293275,-518867,-18607,3935,-15215*ce043605
#INSPVAXA,ICOM3,0,94.4,FINESTEERING,2427,544325.060,00000000,002e,797;WAITING_AZIMUTH,NONE,0.00000000000,0.00000000000,0.0000,0.0000,0.0000,0.0000,0.0000,0.000000000,0.000000000,-0.000000000,0.0000,0.0000,0.0000,0.0000,0.0000,0.0000,0.0000,0.0000,0.0000,00000000,544326*34ced4fb
#RAWIMUA,ICOM3,0,94.4,FINESTEERING,2427,544325.056,00000000,0000,797;2427,544325.056055000,1b040048,1163047,292745,-519354,-22377,1924,-16442*1c7fd9de
#INSPVAXA,ICOM3,0,94.4,FINESTEERING,2427,544325.070,00000000,0038,797;WAITING_AZIMUTH,NONE,0.00000000000,0.00000000000,0.0000,0.0000,0.0000,0.0000,0.0000,0.000000000,0.000000000,-0.000000000,0.0000,0.0000,0.0000,0.0000,0.0000,0.0000,0.0000,0.0000,0.0000,00000000,544326*eb4ed88d
#RAWIMUA,ICOM3,0,94.4,FINESTEERING,2427,544325.066,00000000,0000,797;2427,544325.066007000,1b000049,1161893,291574,-518847,-22017,-1466,-15077*f0abd3e2
#INSPVAXA,ICOM3,0,94.4,FINESTEERING,2427,544325.080,00000000,0042,797;WAITING_AZIMUTH,NONE,0.00000000000,0.00000000000,0.0000,0.0000,0.0000,0.0000,0.0000,0.000000000,0.000000000,-0.000000000,0.0000,0.0000,0.0000,0.0000,0.0000,0.0000,0.0000,0.0000,0.0000,00000000,544326*3242d5ac
#RAWIMUA,ICOM3,0,94.4,FINESTEERING,2427,544325.076,00000000,0000,797;2427,544325.075994000,1b00004a,1162188,292163,-518821,-20836,-9068,-10708*bcdaf626
#INSPVAXA,ICOM3,0,94.4,FINESTEERING,2427,544325.090,00000000,004b,797;WAITING_AZIMUTH,NONE,0.00000000000,0.00000000000,0.0000,0.0000,0.0000,0.0000,0.0000,0.000000000,0.000000000,-0.000000000,0.0000,0.0000,0.0000,0.0000,0.0000,0.0000,0.0000,0.0000,0.0000,00000000,544326*83084427
#RAWIMUA,ICOM3,0,94.4,FINESTEERING,2427,544325.086,00000000,0000,797;2427,544325.085970000,1b00004b,1164730,292929,-520145,-18935,-3965,-14396*adb57e21
#INSPVAXA,ICOM3,0,94.4,FINESTEERING,2427,544325.100,00000000,0055,797;WAITING_AZIMUTH,NONE,0.00000000000,0.00000000000,0.0000,0.0000,0.0000,0.0000,0.0000,0.000000000,0.000000000,-0.000000000,0.0000,0.0000,0.0000,0.0000,0.0000,0.0000,0.0000,0.0000,0.0000,00000000,544326*beb465a2
#RAWIMUA,ICOM3,0,94.4,FINESTEERING,2427,544325.096,00000000,0000,797;2427,544325.095994000,1b09004c,1162918,291989,-519574,-18804,-213,-19208*2795f6b5
#INSPVAXA,ICOM3,0,94.4,FINESTEERING,2427,544325.110,00000000,005f,797;WAITING_AZIMUTH,NONE,0.00000000000,0.00000000000,0.0000,0.0000,0.0000,0.0000,0.0000,0.000000000,0.000000000,-0.000000000,0.0000,0.0000,0.0000,0.0000,0.0000,0.0000,0.0000,0.0000,0.0000,00000000,544326*7062be4b
#RAWIMUA,ICOM3,0,94.4,FINESTEERING,2427,544325.106,00000000,0000,797;2427,544325.106059000,1b03004d,1162844,292752,-518796,-26213,3600,-8259*f9adb624
#INSPVAXA,ICOM3,0,94.4,FINESTEERING,2427,544325.120,00000000,006a,797;WAITING_AZIMUTH,NONE,0.00000000000,0.00000000000,0.0000,0.0000,0.0000,0.0000,0.0000,0.000000000,0.000000000,-0.000000000,0.0000,0.0000,0.0000,0.0000,0.0000,0.0000,0.0000,0.0000,0.0000,00000000,544326*11fd70fb
#RAWIMUA,ICOM3,0,94.4,FINESTEERING,2427,544325.116,00000000,0000,797;2427,544325.116059000,1b07004e,1162952,291400,-519568,-18542,-1858,-20036*b4ab0e99
#INSPVAXA,ICOM3,0,94.5,FINESTEERING,2427,544325.130,00000000,0074,797;WAITING_AZIMUTH,NONE,0.00000000000,0.00000000000,0.0000,0.0000,0.0000,0.0000,0.0000,0.000000000,0.000000000,-0.000000000,0.0000,0.0000,0.0000,0.0000,0.0000,0.0000,0.0000,0.0000,0.0000,00000000,544326*1edea472
#RAWIMUA,ICOM3,0,94.5,FINESTEERING,2427,544325.126,00000000,0000,797;2427,544325.126031000,1b06004f,1163919,290830,-517724,-16411,-902,-20458*48219cbc
#INSPVAXA,ICOM3,0,94.5,FINESTEERING,2427,544325.140,00000000,007e,797;WAITING_AZIMUTH,NONE,0.00000000000,0.00000000000,0.0000,0.0000,0.0000,0.0000,0.0000,0.000000000,0.000000000,-0.000000000,0.0000,0.0000,0.0000,0.0000,0.0000,0.0000,0.0000,0.0000,0.0000,00000000,544326*aac1f30f
#RAWIMUA,ICOM3,0,94.5,FINESTEERING,2427,544325.136,00000000,0000,797;2427,544325.136018000,1b050050,1163355,292468,-520565,-18640,-48,-16448*20c75eef
#INSPVAXA,ICOM3,0,94.5,FINESTEERING,2427,544325.150,00000000,0088,797;WAITING_AZIMUTH,NONE,0.00000000000,0.00000000000,0.0000,0.0000,0.0000,0.0000,0.0000,0.000000000,0.000000000,-0.000000000,0.0000,0.0000,0.0000,0.0000,0.0000,0.0000,0.0000,0.0000,0.0000,00000000,544326*e38e90a9
#RAWIMUA,ICOM3,0,94.5,FINESTEERING,2427,544325.146,00000000,0000,797;2427,544325.146041000,1afe0051,1163415,293358,-520050,-21984,1891,-15260*2efc747f
#INSPVAXA,ICOM3,0,94.5,FINESTEERING,2427,544325.160,00000000,0092,797;WAITING_AZIMUTH,NONE,0.00000000000,0.00000000000,0.0000,0.0000,0.0000,0.0000,0.0000,0.000000000,0.000000000,-0.000000000,0.0000,0.0000,0.0000,0.0000,0.0000,0.0000,0.0000,0.0000,0.0000,00000000,544326*4f185fda
#RAWIMUA,ICOM3,0,94.5,FINESTEERING,2427,544325.156,00000000,0000,797;2427,544325.156033000,1afc0052,1162461,292903,-519880,-24050,-5385,-21239*b1cc61cb
#INSPVAXA,ICOM3,0,94.5,FINESTEERING,2427,544325.170,00000000,009c,797;WAITING_AZIMUTH,NONE,0.00000000000,0.00000000000,0.0000,0.0000,0.0000,0.0000,0.0000,0.000000000,0.000000000,-0.000000000,0.0000,0.0000,0.0000,0.0000,0.0000,0.0000,0.0000,0.0000,0.0000,00000000,544326*6209f5b0
#RAWIMUA,ICOM3,0,94.5,FINESTEERING,2427,544325.166,00000000,0000,797;2427,544325.166026000,1afd0053,1162560,292445,-519907,-27164,3599,-15617*2111393f
#INSPVAXA,ICOM3,0,94.5,FINESTEERING,2427,544325.180,00000000,00a6,797;WAITING_AZIMUTH,NONE,0.00000000000,0.00000000000,0.0000,0.0000,0.0000,0.0000,0.0000,0.000000000,0.000000000,-0.000000000,0.0000,0.0000,0.0000,0.0000,0.0000,0.0000,0.0000,0.0000,0.0000,00000000,544326*820f90a0
#RAWIMUA,ICOM3,0,94.5,FINESTEERING,2427,544325.176,00000000,0000,797;2427,544325.176018000,1afe0054,1163114,292154,-519445,-17722,-1397,-21249*08091fa2
#INSPVAXA,ICOM3,0,94.5,FINESTEERING,2427,544325.190,00000000,00b0,797;WAITING_AZIMUTH,NONE,0.00000000000,0.00000000000,0.0000,0.0000,0.0000,0.0000,0.0000,0.000000000,0.000000000,-0.000000000,0.0000,0.0000,0.0000,0.0000,0.0000,0.0000,0.0000,0.0000,0.0000,00000000,544326*08cecefc
#RAWIMUA,ICOM3,0,94.5,FINESTEERING,2427,544325.186,00000000,0000,797;2427,544325.186041000,1b000055,1162823,293360,-519984,-22673,7881,-16318*2f5dbee2
#INSPVAXA,ICOM3,0,94.5,FINESTEERING,2427,544325.200,00000000,00ba,797;WAITING_AZIMUTH,NONE,0.00000000000,0.00000000000,0.0000,0.0000,0.0000,0.0000,0.0000,0.000000000,0.000000000,-0.000000000,0.0000,0.0000,0.0000,0.0000,0.0000,0.0000,0.0000,0.0000,0.0000,00000000,544326*631d8b7e
#RAWIMUA,ICOM3,0,94.5,FINESTEERING,2427,544325.196,00000000,0000,797;2427,544325.196033000,1b020056,1164260,291961,-519017,-24738,-2489,-10584*f5c82a4b
#INSPVAXA,ICOM3,0,94.5,FINESTEERING,2427,544325.210,00000000,00c4,797;WAITING_AZIMUTH,NONE,0.00000000000,0.00000000000,0.0000,0.0000,0.0000,0.0000,0.0000,0.000000000,0.000000000,-0.000000000,0.0000,0.0000,0.0000,0.0000,0.0000,0.0000,0.0000,0.0000,0.0000,00000000,544326*85624d86
#RAWIMUA,ICOM3,0,94.5,FINESTEERING,2427,544325.206,00000000,0000,797;2427,544325.206047000,1b020057,1162260,291403,-519403,-18443,4791,-16657*ce755cdc
#INSPVAXA,ICOM3,0,94.5,FINESTEERING,2427,544325.220,00000000,00ce,797;WAITING_AZIMUTH,NONE,0.00000000000,0.00000000000,0.0000,0.0000,0.0000,0.0000,0.0000,0.000000000,0.000000000,-0.000000000,0.0000,0.0000,0.0000,0.0000,0.0000,0.0000,0.0000,0.0000,0.0000,00000000,544326*df764ce1
#RAWIMUA,ICOM3,0,94.5,FINESTEERING,2427,544325.216,00000000,0000,797;2427,544325.216084000,1b000058,1164582,292556,-518500,-21886,-3112,-19322*149d898c
$GPGGA,071147.20,3109.8268632,N,12127.2280420,E,4,34,0.7,6.077,M,11.031,M,1.200,1793*4B
#BESTGNSSPOSA,ICOM3,0,94.5,FINESTEERING,2427,544325.200,03e1c002,0000,797;SOL_COMPUTED,NARROW_INT,31.16378105331,121.45380070066,6.0773,11.0314,WGS84,0.0138,0.0124,0.0263,"1793",1.200,0.014,37,34,34,34,00,00,30,37*8e473bd9
#HEADINGA,ICOM3,0,94.5,FINESTEERING,2427,544325.200,00000000,0000,797;SOL_COMPUTED,NONE,0.000000000,0.000000000,0.000000000,0.0,0.000000000,0.000000000,"1793",0,0,0,0,0,00,30,37*f9bffed6
$GPGSV,2,1,05,12,00,000,23,18,50,221,43,20,15,066,38,24,69,049,44*7E
$GPGSV,2,2,05,32,10,270,39,,,,,,,,,,,,*43
$GLGSV,3,1,09,70,18,070,44,72,22,303,41,73,48,103,46,74,24,161,35*6A
$GLGSV,3,2,09,85,05,190,39,86,39,247,46,87,33,298,44,90,00,000,36*60
$GLGSV,3,3,09,91,00,000,36,,,,,,,,,,,,*51
$GAGSV,2,1,06,03,24,264,46,05,63,319,30,11,09,161,39,31,13,075,41*60
$GAGSV,2,2,06,34,54,291,43,36,51,190,48,,,,,,,,*60
$GQGSV,1,1,02,03,44,169,44,07,53,169,39,,,,,,,,*72
$GBGSV,4,1,15,01,48,147,49,02,35,242,46,03,55,202,48,04,37,120,42*60
$GBGSV,4,2,15,06,69,040,45,07,57,190,49,10,46,191,45,11,24,271,45*6D
$GBGSV,4,3,15,12,11,294,45,20,28,304,44,23,49,089,49,27,00,000,31*6D
$GBGSV,4,4,15,30,24,240,42,37,38,167,48,41,24,084,47,,,,*55
$GPGSA,M,3,18,20,24,32,,,,,,,,,1.4,0.7,1.2,1*2E
#INSPVAXA,ICOM3,0,94.5,FINESTEERING,2427,544325.230,00000000,00d8,797;WAITING_AZIMUTH,NONE,0.00000000000,0.00000000000,0.0000,0.0000,0.0000,0.0000,0.0000,0.000000000,0.000000000,-0.000000000,0.0000,0.0000,0.0000,0.0000,0.0000,0.0000,0.0000,0.0000,0.0000,00000000,544326*9c007eaa
#RAWIMUA,ICOM3,0,94.5,FINESTEERING,2427,544325.226,00000000,0000,797;2427,544325.226043000,1b010059,1163377,293202,-519458,-19919,2057,-11086*bc92dc0d
#INSPVAXA,ICOM3,0,94.5,FINESTEERING,2427,544325.240,00000000,00e2,797;WAITING_AZIMUTH,NONE,0.00000000000,0.00000000000,0.0000,0.0000,0.0000,0.0000,0.0000,0.000000000,0.000000000,-0.000000000,0.0000,0.0000,0.0000,0.0000,0.0000,0.0000,0.0000,0.0000,0.0000,00000000,544326*de9de7c3
#RAWIMUA,ICOM3,0,94.5,FINESTEERING,2427,544325.236,00000000,0000,797;2427,544325.236033000,1b04005a,1163037,292495,-518301,-19460,-1596,-15011*c8ad5285
#INSPVAXA,ICOM3,0,94.5,FINESTEERING,2427,544325.250,00000000,00ec,797;WAITING_AZIMUTH,NONE,0.00000000000,0.00000000000,0.0000,0.0000,0.0000,0.0000,0.0000,0.000000000,0.000000000,-0.000000000,0.0000,0.0000,0.0000,0.0000,0.0000,0.0000,0.0000,0.0000,0.0000,00000000,544326*f38c4da9
#RAWIMUA,ICOM3,0,94.5,FINESTEERING,2427,544325.246,00000000,0000,797;2427,544325.246024000,1b02005b,1161496,293443,-518671,-17657,84,-16283*9a160962
#INSPVAXA,ICOM3,0,94.5,FINESTEERING,2427,544325.260,00000000,00f6,797;WAITING_AZIMUTH,NONE,0.00000000000,0.00000000000,0.0000,0.0000,0.0000,0.0000,0.0000,0.000000000,0.000000000,-0.000000000,0.0000,0.0000,0.0000,0.0000,0.0000,0.0000,0.0000,0.0000,0.0000,00000000,544326*16a435b7
#RAWIMUA,ICOM3,0,94.5,FINESTEERING,2427,544325.256,00000000,0000,797;2427,544325.256017000,1aff005c,1162644,292658,-518434,-21493,-1170,-18558*677a3df0
#INSPVAXA,ICOM3,0,94.5,FINESTEERING,2427,544325.270,00000000,0100,797;WAITING_AZIMUTH,NONE,0.00000000000,0.00000000000,0.0000,0.0000,0.0000,0.0000,0.0000,0.000000000,0.000000000,-0.000000000,0.0000,0.0000,0.0000,0.0000,0.0000,0.0000,0.0000,0.0000,0.0000,00000000,544326*10865288
#RAWIMUA,ICOM3,0,94.5,FINESTEERING,2427,544325.266,00000000,0000,797;2427,544325.266039000,1aff005d,1162425,292024,-519443,-22804,6960,-12873*2b992011
#INSPVAXA,ICOM3,0,94.5,FINESTEERING,2427,544325.280,00000000,010a,797;WAITING_AZIMUTH,NONE,0.00000000000,0.00000000000,0.0000,0.0000,0.0000,0.0000,0.0000,0.000000000,0.000000000,-0.000000000,0.0000,0.0000,0.0000,0.0000,0.0000,0.0000,0.0000,0.0000,0.0000,00000000,544326*a3feaf80
#RAWIMUA,ICOM3,0,94.5,FINESTEERING,2427,544325.276,00000000,0000,797;2427,544325.276031000,1aff005e,1163308,292910,-519192,-23066,3306,-13579*01375b7b
#INSPVAXA,ICOM3,0,94.5,FINESTEERING,2427,544325.290,00000000,0114,797;WAITING_AZIMUTH,NONE,0.00000000000,0.00000000000,0.0000,0.0000,0.0000,0.0000,0.0000,0.000000000,0.000000000,-0.000000000,0.0000,0.0000,0.0000,0.0000,0.0000,0.0000,0.0000,0.0000,0.0000,00000000,544326*45816978
#RAWIMUA,ICOM3,0,94.5,FINESTEERING,2427,544325.286,00000000,0000,797;2427,544325.286024000,1aff005f,1162562,293392,-520115,-17886,3902,-13376*d590a711
#INSPVAXA,ICOM3,0,94.5,FINESTEERING,2427,544325.300,00000000,011e,797;WAITING_AZIMUTH,NONE,0.00000000000,0.00000000000,0.0000,0.0000,0.0000,0.0000,0.0000,0.000000000,0.000000000,-0.000000000,0.0000,0.0000,0.0000,0.0000,0.0000,0.0000,0.0000,0.0000,0.0000,00000000,544326*509455ec
#RAWIMUA,ICOM3,0,94.5,FINESTEERING,2427,544325.296,00000000,0000,797;2427,544325.296017000,1afb0060,1162988,291200,-519893,-14739,9533,-18604*45670a3a
#INSPVAXA,ICOM3,0,94.5,FINESTEERING,2427,544325.310,00000000,0128,797;WAITING_AZIMUTH,NONE,0.00000000000,0.00000000000,0.0000,0.0000,0.0000,0.0000,0.0000,0.000000000,0.000000000,-0.000000000,0.0000,0.0000,0.0000,0.0000,0.0000,0.0000,0.0000,0.0000,0.0000,00000000,544326*fb464c71
#RAWIMUA,ICOM3,0,94.5,FINESTEERING,2427,544325.306,00000000,0000,797;2427,544325.306071000,1aff0061,1162157,291605,-518913,-22017,-2388,-9432*464e54fa
#INSPVAXA,ICOM3,0,94.5,FINESTEERING,2427,544325.320,00000000,0132,797;WAITING_AZIMUTH,NONE,0.00000000000,0.00000000000,0.0000,0.0000,0.0000,0.0000,0.0000,0.000000000,0.000000000,-0.000000000,0.0000,0.0000,0.0000,0.0000,0.0000,0.0000,0.0000,0.0000,0.0000,00000000,544326*57d08302
#RAWIMUA,ICOM3,0,94.5,FINESTEERING,2427,544325.316,00000000,0000,797;2427,544325.316098000,1b000062,1162331,291757,-519932,-19886,8180,-19698*caafbb2d
#INSPVAXA,ICOM3,0,94.5,FINESTEERING,2427,544325.330,00000000,013c,797;WAITING_AZIMUTH,NONE,0.00000000000,0.00000000000,0.0000,0.0000,0.0000,0.0000,0.0000,0.000000000,0.000000000,-0.000000000,0.0000,0.0000,0.0000,0.0000,0.0000,0.0000,0.0000,0.0000,0.0000,00000000,544326*7ac12968
#RAWIMUA,ICOM3,0,94.5,FINESTEERING,2427,544325.326,00000000,0000,797;2427,544325.326026000,1b040063,1162721,292776,-519583,-15558,3871,-17053*83270a6f
#INSPVAXA,ICOM3,0,94.5,FINESTEERING,2427,544325.340,00000000,0146,797;WAITING_AZIMUTH,NONE,0.00000000000,0.00000000000,0.0000,0.0000,0.0000,0.0000,0.0000,0.000000000,0.000000000,-0.000000000,0.0000,0.0000,0.0000,0.0000,0.0000,0.0000,0.0000,0.0000,0.0000,00000000,544326*99462cba
#RAWIMUA,ICOM3,0,94.5,FINESTEERING,2427,544325.336,00000000,0000,797;2427,544325.336018000,1b060064,1161679,293127,-520472,-23821,-3344,-15219*0879935c
#INSPVAXA,ICOM3,0,94.5,FINESTEERING,2427,544325.350,00000000,0150,797;WAITING_AZIMUTH,NONE,0.00000000000,0.00000000000,0.0000,0.0000,0.0000,0.0000,0.0000,0.000000000,0.000000000,-0.000000000,0.0000,0.0000,0.0000,0.0000,0.0000,0.0000,0.0000,0.0000,0.0000,00000000,544326*67d5670d
#RAWIMUA,ICOM3,0,94.5,FINESTEERING,2427,544325.346,00000000,0000,797;2427,544325.346011000,1aff0065,1163109,291015,-518841,-16116,1369,-13977*12d70c24
#INSPVAXA,ICOM3,0,94.5,FINESTEERING,2427,544325.360,00000000,015a,797;WAITING_AZIMUTH,NONE,0.00000000000,0.00000000000,0.0000,0.0000,0.0000,0.0000,0.0000,0.000000000,0.000000000,-0.000000000,0.0000,0.0000,0.0000,0.0000,0.0000,0.0000,0.0000,0.0000,0.0000,00000000,544326*3dc1666a
#RAWIMUA,ICOM3,0,94.5,FINESTEERING,2427,544325.356,00000000,0000,797;2427,544325.356033000,1afc0066,1163804,292611,-519484,-19362,-1069,-20330*387a254b
#INSPVAXA,ICOM3,0,94.5,FINESTEERING,2427,544325.370,00000000,0164,797;WAITING_AZIMUTH,NONE,0.00000000000,0.00000000000,0.0000,0.0000,0.0000,0.0000,0.0000,0.000000000,0.000000000,-0.000000000,0.0000,0.0000,0.0000,0.0000,0.0000,0.0000,0.0000,0.0000,0.0000,00000000,544326*afecb579
#RAWIMUA,ICOM3,0,94.5,FINESTEERING,2427,544325.366,00000000,0000,797;2427,544325.366027000,1afc0067,1162703,291094,-517727,-18706,-1003,-9490*1b62a19d
#INSPVAXA,ICOM3,0,94.5,FINESTEERING,2427,544325.380,00000000,016e,797;WAITING_AZIMUTH,NONE,0.00000000000,0.00000000000,0.0000,0.0000,0.0000,0.0000,0.0000,0.000000000,0.000000000,-0.000000000,0.0000,0.0000,0.0000,0.0000,0.0000,0.0000,0.0000,0.0000,0.0000,00000000,544326*1c944871
#RAWIMUA,ICOM3,0,94.5,FINESTEERING,2427,544325.376,00000000,0000,797;2427,544325.376018000,1b020068,1162687,292777,-519452,-17624,-2220,-9593*9c976ad6
#INSPVAXA,ICOM3,0,94.5,FINESTEERING,2427,544325.390,00000000,0178,797;WAITING_AZIMUTH,NONE,0.00000000000,0.00000000000,0.0000,0.0000,0.0000,0.0000,0.0000,0.000000000,0.000000000,-0.000000000,0.0000,0.0000,0.0000,0.0000,0.0000,0.0000,0.0000,0.0000,0.0000,00000000,544326*c3144407
#RAWIMUA,ICOM3,0,94.5,FINESTEERING,2427,544325.386,00000000,0000,797;2427,544325.386010000,1b030069,1163841,291396,-519798,-18181,-2747,-19318*5cd1f960
#INSPVAXA,ICOM3,0,94.5,FINESTEERING,2427,544325.400,00000000,0182,797;WAITING_AZIMUTH,NONE,0.00000000000,0.00000000000,0.0000,0.0000,0.0000,0.0000,0.0000,0.000000000,0.000000000,-0.000000000,0.0000,0.0000,0.0000,0.0000,0.0000,0.0000,0.0000,0.0000,0.0000,00000000,544326*3506526d
#RAWIMUA,ICOM3,0,94.5,FINESTEERING,2427,544325.396,00000000,0000,797;2427,544325.396034000,1b00006a,1163739,291695,-519440,-20411,3143,-16995*2714e255
#INSPVAXA,ICOM3,0,94.5,FINESTEERING,2427,544325.410,00000000,018c,797;WAITING_AZIMUTH,NONE,0.00000000000,0.00000000000,0.0000,0.0000,0.0000,0.0000,0.0000,0.000000000,0.000000000,-0.000000000,0.0000,0.0000,0.0000,0.0000,0.0000,0.0000,0.0000,0.0000,0.0000,00000000,544326*1817f807
#RAWIMUA,ICOM3,0,94.5,FINESTEERING,2427,544325.406,00000000,0000,797;2427,544325.406055000,1b02006b,1160479,292396,-518724,-21722,8935,-23309*2aff3102
#INSPVAXA,ICOM3,0,94.5,FINESTEERING,2427,544325.420,00000000,0196,797;WAITING_AZIMUTH,NONE,0.00000000000,0.00000000000,0.0000,0.0000,0.0000,0.0000,0.0000,0.000000000,0.000000000,-0.000000000,0.0000,0.0000,0.0000,0.0000,0.0000,0.0000,0.0000,0.0000,0.0000,00000000,544326*896d95f2
#RAWIMUA,ICOM3,0,94.5,FINESTEERING,2427,544325.416,00000000,0000,797;2427,544325.416077000,1b07006c,1163329,292761,-517943,-11067,3282,-21126*7ee30bb3
$GPGGA,071147.40,3109.8268627,N,12127.2280411,E,4,34,0.7,6.080,M,11.031,M,1.400,1793*45
#BESTGNSSPOSA,ICOM3,0,94.5,FINESTEERING,2427,544325.400,03e1c002,0000,797;SOL_COMPUTED,NARROW_INT,31.16378104568,121.45380068450,6.0801,11.0314,WGS84,0.0145,0.0130,0.0270,"1793",1.400,0.014,37,34,34,34,00,00,30,37*08bfea9f
#HEADINGA,ICOM3,0,94.5,FINESTEERING,2427,544325.400,00000000,0000,797;SOL_COMPUTED,NONE,0.000000000,0.000000000,0.000000000,0.0,0.000000000,0.000000000,"1793",0,0,0,0,0,00,30,37*cf14b41e
$GPGSV,2,1,05,12,00,000,24,18,50,221,43,20,15,066,38,24,69,049,44*79
$GPGSV,2,2,05,32,10,270,39,,,,,,,,,,,,*43
$GLGSV,3,1,09,70,18,070,44,72,22,303,41,73,48,103,46,74,24,161,35*6A
$GLGSV,3,2,09,85,05,190,39,86,39,247,46,87,33,298,44,90,00,000,36*60
$GLGSV,3,3,09,91,00,000,36,,,,,,,,,,,,*51
$GAGSV,2,1,06,03,24,264,46,05,63,319,30,11,09,161,39,31,13,075,41*60
$GAGSV,2,2,06,34,54,291,43,36,51,190,48,,,,,,,,*60
$GQGSV,1,1,02,03,44,169,44,07,53,169,39,,,,,,,,*72
$GBGSV,4,1,15,01,48,147,49,02,35,242,46,03,55,202,48,04,37,120,42*60
$GBGSV,4,2,15,06,69,040,45,07,57,190,49,10,46,191,45,11,24,271,45*6D
$GBGSV,4,3,15,12,11,294,45,20,28,304,44,23,49,089,49,27,00,000,31*6D
$GBGSV,4,4,15,30,24,240,41,37,38,167,47,41,24,084,47,,,,*59
$GPGSA,M,3,18,20,24,32,,,,,,,,,1.4,0.7,1.2,1*2E
#INSPVAXA,ICOM3,0,94.5,FINESTEERING,2427,544325.430,00000000,01a0,797;WAITING_AZIMUTH,NONE,0.00000000000,0.00000000000,0.0000,0.0000,0.0000,0.0000,0.0000,0.000000000,0.000000000,-0.000000000,0.0000,0.0000,0.0000,0.0000,0.0000,0.0000,0.0000,0.0000,0.0000,00000000,544326*efee2acf
#RAWIMUA,ICOM3,0,94.5,FINESTEERING,2427,544325.426,00000000,0000,797;2427,544325.426017000,1b06006d,1164398,291233,-519600,-18509,6963,-12608*514d2ea5
#INSPVAXA,ICOM3,0,94.5,FINESTEERING,2427,544325.440,00000000,01aa,797;WAITING_AZIMUTH,NONE,0.00000000000,0.00000000000,0.0000,0.0000,0.0000,0.0000,0.0000,0.000000000,0.000000000,-0.000000000,0.0000,0.0000,0.0000,0.0000,0.0000,0.0000,0.0000,0.0000,0.0000,00000000,544326*5bf17db2
#RAWIMUA,ICOM3,0,94.5,FINESTEERING,2427,544325.436,00000000,0000,797;2427,544325.436036000,1b03006e,1164059,291867,-518655,-23132,-5516,-12568*38bc40ff
#INSPVAXA,ICOM3,0,94.5,FINESTEERING,2427,544325.450,00000000,01b4,797;WAITING_AZIMUTH,NONE,0.00000000000,0.00000000000,0.0000,0.0000,0.0000,0.0000,0.0000,0.000000000,0.000000000,-0.000000000,0.0000,0.0000,0.0000,0.0000,0.0000,0.0000,0.0000,0.0000,0.0000,00000000,544326*c9dcaea1
#RAWIMUA,ICOM3,0,94.5,FINESTEERING,2427,544325.446,00000000,0000,797;2427,544325.446027000,1b01006f,1161906,292280,-520102,-21821,3537,-12429*c0ead35c
#INSPVAXA,ICOM3,0,94.5,FINESTEERING,2427,544325.460,00000000,01be,797;WAITING_AZIMUTH,NONE,0.00000000000,0.00000000000,0.0000,0.0000,0.0000,0.0000,0.0000,0.000000000,0.000000000,-0.000000000,0.0000,0.0000,0.0000,0.0000,0.0000,0.0000,0.0000,0.0000,0.0000,00000000,544326*93c8afc6
#RAWIMUA,ICOM3,0,94.5,FINESTEERING,2427,544325.456,00000000,0000,797;2427,544325.456019000,1afc0070,1163323,293483,-520609,-20214,148,-16712*9c6d2083
#INSPVAXA,ICOM3,0,94.5,FINESTEERING,2427,544325.470,00000000,01c8,797;WAITING_AZIMUTH,NONE,0.00000000000,0.00000000000,0.0000,0.0000,0.0000,0.0000,0.0000,0.000000000,0.000000000,-0.000000000,0.0000,0.0000,0.0000,0.0000,0.0000,0.0000,0.0000,0.0000,0.0000,00000000,544326*4c48a3b0
#RAWIMUA,ICOM3,0,94.5,FINESTEERING,2427,544325.466,00000000,0000,797;2427,544325.466012000,1afe0071,1164321,292064,-518559,-15362,975,-14669*82f152e5
#INSPVAXA,ICOM3,0,94.5,FINESTEERING,2427,544325.480,00000000,01d2,797;WAITING_AZIMUTH,NONE,0.00000000000,0.00000000000,0.0000,0.0000,0.0000,0.0000,0.0000,0.000000000,0.000000000,-0.000000000,0.0000,0.0000,0.0000,0.0000,0.0000,0.0000,0.0000,0.0000,0.0000,00000000,544326*9544ae91
#RAWIMUA,ICOM3,0,94.5,FINESTEERING,2427,544325.476,00000000,0000,797;2427,544325.476034000,1aff0072,1163220,291393,-520093,-11329,-240,-18120*9cc3e320
#INSPVAXA,ICOM3,0,94.5,FINESTEERING,2427,544325.490,00000000,01dc,797;WAITING_AZIMUTH,NONE,0.00000000000,0.00000000000,0.0000,0.0000,0.0000,0.0000,0.0000,0.000000000,0.000000000,-0.000000000,0.0000,0.0000,0.0000,0.0000,0.0000,0.0000,0.0000,0.0000,0.0000,00000000,544326*b85504fb
#RAWIMUA,ICOM3,0,94.5,FINESTEERING,2427,544325.486,00000000,0000,797;2427,544325.486027000,1b000073,1163831,291637,-518784,-15919,-4029,-16629*95acaa96
#INSPVAXA,ICOM3,0,94.5,FINESTEERING,2427,544325.500,00000000,01e6,797;WAITING_AZIMUTH,NONE,0.00000000000,0.00000000000,0.0000,0.0000,0.0000,0.0000,0.0000,0.000000000,0.000000000,-0.000000000,0.0000,0.0000,0.0000,0.0000,0.0000,0.0000,0.0000,0.0000,0.0000,00000000,544326*662e54fd
#RAWIMUA,ICOM3,0,94.5,FINESTEERING,2427,544325.496,00000000,0000,797;2427,544325.496020000,1b010074,1164982,293859,-519040,-22968,-1730,-15442*856884d2
#INSPVAXA,ICOM3,0,94.5,FINESTEERING,2427,544325.510,00000000,01f0,797;WAITING_AZIMUTH,NONE,0.00000000000,0.00000000000,0.0000,0.0000,0.0000,0.0000,0.0000,0.000000000,0.000000000,-0.000000000,0.0000,0.0000,0.0000,0.0000,0.0000,0.0000,0.0000,0.0000,0.0000,00000000,544326*ecef0aa1
#RAWIMUA,ICOM3,0,94.5,FINESTEERING,2427,544325.506,00000000,0000,797;2427,544325.506047000,1afd0075,1163193,292009,-520658,-12969,4696,-15439*7d225ef9
#INSPVAXA,ICOM3,0,94.5,FINESTEERING,2427,544325.520,00000000,01fa,797;WAITING_AZIMUTH,NONE,0.00000000000,0.00000000000,0.0000,0.0000,0.0000,0.0000,0.0000,0.000000000,0.000000000,-0.000000000,0.0000,0.0000,0.0000,0.0000,0.0000,0.0000,0.0000,0.0000,0.0000,00000000,544326*b6fb0bc6
#RAWIMUA,ICOM3,0,94.5,FINESTEERING,2427,544325.516,00000000,0000,797;2427,544325.516062000,1afd0076,1163256,292896,-520438,-20050,-839,-15600*e3f56e56
#INSPVAXA,ICOM3,0,94.5,FINESTEERING,2427,544325.530,00000000,0204,797;WAITING_AZIMUTH,NONE,0.00000000000,0.00000000000,0.0000,0.0000,0.0000,0.0000,0.0000,0.000000000,0.000000000,-0.000000000,0.0000,0.0000,0.0000,0.0000,0.0000,0.0000,0.0000,0.0000,0.0000,00000000,544326*9f998853
#RAWIMUA,ICOM3,0,94.5,FINESTEERING,2427,544325.526,00000000,0000,797;2427,544325.526031000,1afe0077,1163711,291755,-519933,-20805,3307,-18407*2bf2989f
#INSPVAXA,ICOM3,0,94.5,FINESTEERING,2427,544325.540,00000000,020e,797;WAITING_AZIMUTH,NONE,0.00000000000,0.00000000000,0.0000,0.0000,0.0000,0.0000,0.0000,0.000000000,0.000000000,-0.000000000,0.0000,0.0000,0.0000,0.0000,0.0000,0.0000,0.0000,0.0000,0.0000,00000000,544326*2b86df2e
#RAWIMUA,ICOM3,0,94.5,FINESTEERING,2427,544325.536,00000000,0000,797;2427,544325.536025000,1b060078,1163898,292551,-519024,-20378,3703,-16993*6aae1a6a
#INSPVAXA,ICOM3,0,94.5,FINESTEERING,2427,544325.550,00000000,0218,797;WAITING_AZIMUTH,NONE,0.00000000000,0.00000000000,0.0000,0.0000,0.0000,0.0000,0.0000,0.000000000,0.000000000,-0.000000000,0.0000,0.0000,0.0000,0.0000,0.0000,0.0000,0.0000,0.0000,0.0000,00000000,544326*f406d358
#RAWIMUA,ICOM3,0,94.5,FINESTEERING,2427,544325.546,00000000,0000,797;2427,544325.546015000,1b0b0079,1163257,291880,-520459,-17100,1763,-13254*da18b727
#INSPVAXA,ICOM3,0,94.5,FINESTEERING,2427,544325.560,00000000,0222,797;WAITING_AZIMUTH,NONE,0.00000000000,0.00000000000,0.0000,0.0000,0.0000,0.0000,0.0000,0.000000000,0.000000000,-0.000000000,0.0000,0.0000,0.0000,0.0000,0.0000,0.0000,0.0000,0.0000,0.0000,00000000,544326*2cc209c0
#RAWIMUA,ICOM3,0,94.5,FINESTEERING,2427,544325.556,00000000,0000,797;2427,544325.556007000,1b09007a,1162603,290863,-520742,-24837,-744,-11366*e0c9b886
#INSPVAXA,ICOM3,0,94.5,FINESTEERING,2427,544325.570,00000000,022c,797;WAITING_AZIMUTH,NONE,0.00000000000,0.00000000000,0.0000,0.0000,0.0000,0.0000,0.0000,0.000000000,0.000000000,-0.000000000,0.0000,0.0000,0.0000,0.0000,0.0000,0.0000,0.0000,0.0000,0.0000,00000000,544326*01d3a3aa
#RAWIMUA,ICOM3,0,94.5,FINESTEERING,2427,544325.566,00000000,0000,797;2427,544325.566031000,1b03007b,1162721,293201,-519588,-20706,-5876,-16707*7316708a
#INSPVAXA,ICOM3,0,94.5,FINESTEERING,2427,544325.580,00000000,0236,797;WAITING_AZIMUTH,NONE,0.00000000000,0.00000000000,0.0000,0.0000,0.0000,0.0000,0.0000,0.000000000,0.000000000,-0.000000000,0.0000,0.0000,0.0000,0.0000,0.0000,0.0000,0.0000,0.0000,0.0000,00000000,544326*79c53230
#RAWIMUA,ICOM3,0,94.5,FINESTEERING,2427,544325.576,00000000,0000,797;2427,544325.576023000,1b01007c,1163543,291400,-519502,-22805,-4693,-10397*eb1a877e
#INSPVAXA,ICOM3,0,94.5,FINESTEERING,2427,544325.590,00000000,0240,797;WAITING_AZIMUTH,NONE,0.00000000000,0.00000000000,0.0000,0.0000,0.0000,0.0000,0.0000,0.000000000,0.000000000,-0.000000000,0.0000,0.0000,0.0000,0.0000,0.0000,0.0000,0.0000,0.0000,0.0000,00000000,544326*1ba047ba
#RAWIMUA,ICOM3,0,94.5,FINESTEERING,2427,544325.586,00000000,0000,797;2427,544325.586016000,1b00007d,1162163,291893,-519540,-19100,2584,-12727*72873f1f
#INSPVAXA,ICOM3,0,94.5,FINESTEERING,2427,544325.600,00000000,024a,797;WAITING_AZIMUTH,NONE,0.00000000000,0.00000000000,0.0000,0.0000,0.0000,0.0000,0.0000,0.000000000,0.000000000,-0.000000000,0.0000,0.0000,0.0000,0.0000,0.0000,0.0000,0.0000,0.0000,0.0000,00000000,544326*70730238
#RAWIMUA,ICOM3,0,94.5,FINESTEERING,2427,544325.596,00000000,0000,797;2427,544325.596007000,1afd007e,1164102,292347,-519612,-18674,-4097,-12395*ca06e593
#INSPVAXA,ICOM3,0,94.5,FINESTEERING,2427,544325.610,00000000,0254,797;WAITING_AZIMUTH,NONE,0.00000000000,0.00000000000,0.0000,0.0000,0.0000,0.0000,0.0000,0.000000000,0.000000000,-0.000000000,0.0000,0.0000,0.0000,0.0000,0.0000,0.0000,0.0000,0.0000,0.0000,00000000,544326*960cc4c0
#RAWIMUA,ICOM3,0,94.5,FINESTEERING,2427,544325.606,00000000,0000,797;2427,544325.606054000,1afe007f,1163707,292774,-519551,-24215,5247,-14493*01c51e71
#INSPVAXA,ICOM3,0,94.5,FINESTEERING,2427,544325.620,00000000,025e,797;WAITING_AZIMUTH,NONE,0.00000000000,0.00000000000,0.0000,0.0000,0.0000,0.0000,0.0000,0.000000000,0.000000000,-0.000000000,0.0000,0.0000,0.0000,0.0000,0.0000,0.0000,0.0000,0.0000,0.0000,00000000,544326*cc18c5a7
#RAWIMUA,ICOM3,0,94.5,FINESTEERING,2427,544325.616,00000000,0000,797;2427,544325.616082000,1aff0080,1164267,292150,-519676,-22838,-348,-14286*2a1ca8ff
$GPGGA,071147.60,3109.8268643,N,12127.2280451,E,4,34,0.7,6.082,M,11.031,M,1.600,1793*41
#BESTGNSSPOSA,ICOM3,0,94.5,FINESTEERING,2427,544325.600,03e1c002,0000,797;SOL_COMPUTED,NARROW_INT,31.16378107174,121.45380075118,6.0816,11.0314,WGS84,0.0157,0.0144,0.0279,"1793",1.600,0.017,37,34,34,34,00,00,30,37*252a8182
#HEADINGA,ICOM3,0,94.5,FINESTEERING,2427,544325.600,00000000,0000,797;SOL_COMPUTED,NONE,0.000000000,0.000000000,0.000000000,0.0,0.000000000,0.000000000,"1793",0,0,0,0,0,00,30,37*6ba28f99
#INSPVAXA,ICOM3,0,94.5,FINESTEERING,2427,544325.630,00000000,0268,797;WAITING_AZIMUTH,NONE,0.00000000000,0.00000000000,0.0000,0.0000,0.0000,0.0000,0.0000,0.000000000,0.000000000,-0.000000000,0.0000,0.0000,0.0000,0.0000,0.0000,0.0000,0.0000,0.0000,0.0000,00000000,544326*67cadc3a
$GPGSV,2,1,05,12,18,142,24,18,50,221,43,20,15,066,38,24,69,049,44*77
$GPGSV,2,2,05,32,10,270,39,,,,,,,,,,,,*43
$GLGSV,3,1,09,70,18,070,44,72,22,303,41,73,48,103,46,74,24,161,35*6A
$GLGSV,3,2,09,85,05,190,39,86,39,247,46,87,33,298,44,90,00,000,36*60
$GLGSV,3,3,09,91,00,000,36,,,,,,,,,,,,*51
$GAGSV,2,1,06,03,24,264,46,05,63,319,30,11,09,161,39,31,13,075,41*60
$GAGSV,2,2,06,34,54,291,43,36,51,190,48,,,,,,,,*60
$GQGSV,1,1,02,03,44,169,44,07,53,169,39,,,,,,,,*72
$GBGSV,4,1,15,01,48,147,49,02,35,242,46,03,55,202,48,04,37,120,42*60
$GBGSV,4,2,15,06,69,040,45,07,57,190,49,10,46,191,45,11,24,271,45*6D
$GBGSV,4,3,15,12,11,294,45,20,28,304,44,23,49,089,49,27,00,000,31*6D
$GBGSV,4,4,15,30,24,240,41,37,38,167,47,41,24,084,47,,,,*59
$GPGSA,M,3,12,18,20,24,32,,,,,,,,1.4,0.7,1.2,1*2D
#RAWIMUA,ICOM3,0,94.5,FINESTEERING,2427,544325.626,00000000,0000,797;2427,544325.626063000,1b020081,1161670,291666,-519406,-22215,-1631,-12452*b0d9f932
#INSPVAXA,ICOM3,0,94.5,FINESTEERING,2427,544325.640,00000000,0272,797;WAITING_AZIMUTH,NONE,0.00000000000,0.00000000000,0.0000,0.0000,0.0000,0.0000,0.0000,0.000000000,0.000000000,-0.000000000,0.0000,0.0000,0.0000,0.0000,0.0000,0.0000,0.0000,0.0000,0.0000,00000000,544326*25574553
#RAWIMUA,ICOM3,0,94.5,FINESTEERING,2427,544325.636,00000000,0000,797;2427,544325.636008000,1b040082,1162788,293953,-519728,-18871,5415,-10776*a507098a
#INSPVAXA,ICOM3,0,94.5,FINESTEERING,2427,544325.650,00000000,027c,797;WAITING_AZIMUTH,NONE,0.00000000000,0.00000000000,0.0000,0.0000,0.0000,0.0000,0.0000,0.000000000,0.000000000,-0.000000000,0.0000,0.0000,0.0000,0.0000,0.0000,0.0000,0.0000,0.0000,0.0000,00000000,544326*0846ef39
#RAWIMUA,ICOM3,0,94.5,FINESTEERING,2427,544325.646,00000000,0000,797;2427,544325.646029000,1b020083,1162519,292880,-519059,-18182,-48,-13592*0f98abe8
#INSPVAXA,ICOM3,0,94.5,FINESTEERING,2427,544325.660,00000000,0286,797;WAITING_AZIMUTH,NONE,0.00000000000,0.00000000000,0.0000,0.0000,0.0000,0.0000,0.0000,0.000000000,0.000000000,-0.000000000,0.0000,0.0000,0.0000,0.0000,0.0000,0.0000,0.0000,0.0000,0.0000,00000000,544326*0ff3ed1c
#RAWIMUA,ICOM3,0,94.5,FINESTEERING,2427,544325.656,00000000,0000,797;2427,544325.656022000,1b000084,1162611,293117,-518406,-17362,1631,-10891*8635fad7
#INSPVAXA,ICOM3,0,94.5,FINESTEERING,2427,544325.670,00000000,0290,797;WAITING_AZIMUTH,NONE,0.00000000000,0.00000000000,0.0000,0.0000,0.0000,0.0000,0.0000,0.000000000,0.000000000,-0.000000000,0.0000,0.0000,0.0000,0.0000,0.0000,0.0000,0.0000,0.0000,0.0000,00000000,544326*f160a6ab
#RAWIMUA,ICOM3,0,94.5,FINESTEERING,2427,544325.666,00000000,0000,797;2427,544325.666014000,1b010085,1163427,292691,-521092,-16969,3409,-11868*51f3cbb0
#INSPVAXA,ICOM3,0,94.5,FINESTEERING,2427,544325.680,00000000,029a,797;WAITING_AZIMUTH,NONE,0.00000000000,0.00000000000,0.0000,0.0000,0.0000,0.0000,0.0000,0.000000000,0.000000000,-0.000000000,0.0000,0.0000,0.0000,0.0000,0.0000,0.0000,0.0000,0.0000,0.0000,00000000,544326*42185ba3
#RAWIMUA,ICOM3,0,94.5,FINESTEERING,2427,544325.676,00000000,0000,797;2427,544325.676007000,1afd0086,1162363,292249,-519839,-17657,7358,-8468*b6d5765b
#INSPVAXA,ICOM3,0,94.5,FINESTEERING,2427,544325.690,00000000,02a4,797;WAITING_AZIMUTH,NONE,0.00000000000,0.00000000000,0.0000,0.0000,0.0000,0.0000,0.0000,0.000000000,0.000000000,-0.000000000,0.0000,0.0000,0.0000,0.0000,0.0000,0.0000,0.0000,0.0000,0.0000,00000000,544326*3c7769d1
#RAWIMUA,ICOM3,0,94.5,FINESTEERING,2427,544325.686,00000000,0000,797;2427,544325.685999000,1b000087,1163008,291968,-518623,-18477,9695,-10232*29bb8fed
#INSPVAXA,ICOM3,0,94.5,FINESTEERING,2427,544325.700,00000000,02ad,797;WAITING_AZIMUTH,NONE,0.00000000000,0.00000000000,0.0000,0.0000,0.0000,0.0000,0.0000,0.000000000,0.000000000,-0.000000000,0.0000,0.0000,0.0000,0.0000,0.0000,0.0000,0.0000,0.0000,0.0000,00000000,544326*b5396ea4
#RAWIMUA,ICOM3,0,94.5,FINESTEERING,2427,544325.696,00000000,0000,797;2427,544325.696023000,1b020088,1162104,292410,-520169,-19002,3210,-13447*9cdc378c
#INSPVAXA,ICOM3,0,94.5,FINESTEERING,2427,544325.710,00000000,02b8,797;WAITING_AZIMUTH,NONE,0.00000000000,0.00000000000,0.0000,0.0000,0.0000,0.0000,0.0000,0.000000000,0.000000000,-0.000000000,0.0000,0.0000,0.0000,0.0000,0.0000,0.0000,0.0000,0.0000,0.0000,00000000,544326*82b04cd8
#RAWIMUA,ICOM3,0,94.5,FINESTEERING,2427,544325.706,00000000,0000,797;2427,544325.706047000,1afc0089,1163551,292536,-520336,-17297,-1265,-12382*6f3ad374
#INSPVAXA,ICOM3,0,94.5,FINESTEERING,2427,544325.720,00000000,02c2,797;WAITING_AZIMUTH,NONE,0.00000000000,0.00000000000,0.0000,0.0000,0.0000,0.0000,0.0000,0.000000000,0.000000000,-0.000000000,0.0000,0.0000,0.0000,0.0000,0.0000,0.0000,0.0000,0.0000,0.0000,00000000,544326*2e2683ab
#RAWIMUA,ICOM3,0,94.5,FINESTEERING,2427,544325.716,00000000,0000,797;2427,544325.716065000,1aff008a,1163009,292098,-518723,-17657,3935,-13114*ad5816df
#INSPVAXA,ICOM3,0,94.5,FINESTEERING,2427,544325.730,00000000,02cc,797;WAITING_AZIMUTH,NONE,0.00000000000,0.00000000000,0.0000,0.0000,0.0000,0.0000,0.0000,0.000000000,0.000000000,-0.000000000,0.0000,0.0000,0.0000,0.0000,0.0000,0.0000,0.0000,0.0000,0.0000,00000000,544326*033729c1
#RAWIMUA,ICOM3,0,94.5,FINESTEERING,2427,544325.726,00000000,0000,797;2427,544325.726003000,1b04008b,1163217,291234,-519697,-12576,1404,-19133*0c72c53d
#INSPVAXA,ICOM3,0,94.5,FINESTEERING,2427,544325.740,00000000,02d6,797;WAITING_AZIMUTH,NONE,0.00000000000,0.00000000000,0.0000,0.0000,0.0000,0.0000,0.0000,0.000000000,0.000000000,-0.000000000,0.0000,0.0000,0.0000,0.0000,0.0000,0.0000,0.0000,0.0000,0.0000,00000000,544326*e0b02c13
#RAWIMUA,ICOM3,0,94.5,FINESTEERING,2427,544325.736,00000000,0000,797;2427,544325.736024000,1b09008c,1163341,292584,-519090,-16641,842,-12208*4b92b5b9
#INSPVAXA,ICOM3,0,94.5,FINESTEERING,2427,544325.750,00000000,02e0,797;WAITING_AZIMUTH,NONE,0.00000000000,0.00000000000,0.0000,0.0000,0.0000,0.0000,0.0000,0.000000000,0.000000000,-0.000000000,0.0000,0.0000,0.0000,0.0000,0.0000,0.0000,0.0000,0.0000,0.0000,00000000,544326*1e2367a4
#RAWIMUA,ICOM3,0,94.5,FINESTEERING,2427,544325.746,00000000,0000,797;2427,544325.746017000,1b08008d,1162387,291834,-518916,-20903,3867,-15219*a3bbe286
#INSPVAXA,ICOM3,0,94.5,FINESTEERING,2427,544325.760,00000000,02ea,797;WAITING_AZIMUTH,NONE,0.00000000000,0.00000000000,0.0000,0.0000,0.0000,0.0000,0.0000,0.000000000,0.000000000,-0.000000000,0.0000,0.0000,0.0000,0.0000,0.0000,0.0000,0.0000,0.0000,0.0000,00000000,544326*443766c3
#RAWIMUA,ICOM3,0,94.5,FINESTEERING,2427,544325.756,00000000,0000,797;2427,544325.756009000,1afe008e,1162651,291440,-519010,-20674,2188,-16245*3a5c9068
#INSPVAXA,ICOM3,0,94.5,FINESTEERING,2427,544325.770,00000000,02f4,797;WAITING_AZIMUTH,NONE,0.00000000000,0.00000000000,0.0000,0.0000,0.0000,0.0000,0.0000,0.000000000,0.000000000,-0.000000000,0.0000,0.0000,0.0000,0.0000,0.0000,0.0000,0.0000,0.0000,0.0000,00000000,544326*d61ab5d0
#RAWIMUA,ICOM3,0,94.5,FINESTEERING,2427,544325.766,00000000,0000,797;2427,544325.766002000,1afb008f,1163213,292285,-519447,-18444,-1859,-14455*e7319a4f
#INSPVAXA,ICOM3,0,94.5,FINESTEERING,2427,544325.780,00000000,02fe,797;WAITING_AZIMUTH,NONE,0.00000000000,0.00000000000,0.0000,0.0000,0.0000,0.0000,0.0000,0.000000000,0.000000000,-0.000000000,0.0000,0.0000,0.0000,0.0000,0.0000,0.0000,0.0000,0.0000,0.0000,00000000,544326*656248d8
#RAWIMUA,ICOM3,0,94.5,FINESTEERING,2427,544325.776,00000000,0000,797;2427,544325.776025000,1afc0090,1163203,291675,-518390,-21395,2615,-10955*63c41278
#INSPVAXA,ICOM3,0,94.5,FINESTEERING,2427,544325.790,00000000,0308,797;WAITING_AZIMUTH,NONE,0.00000000000,0.00000000000,0.0000,0.0000,0.0000,0.0000,0.0000,0.000000000,0.000000000,-0.000000000,0.0000,0.0000,0.0000,0.0000,0.0000,0.0000,0.0000,0.0000,0.0000,00000000,544326*42536826
#RAWIMUA,ICOM3,0,94.5,FINESTEERING,2427,544325.786,00000000,0000,797;2427,544325.786017000,1afb0091,1161975,291621,-520390,-17035,4758,-9497*bc8e4b98
#INSPVAXA,ICOM3,0,94.5,FINESTEERING,2427,544325.800,00000000,0312,797;WAITING_AZIMUTH,NONE,0.00000000000,0.00000000000,0.0000,0.0000,0.0000,0.0000,0.0000,0.000000000,0.000000000,-0.000000000,0.0000,0.0000,0.0000,0.0000,0.0000,0.0000,0.0000,0.0000,0.0000,00000000,544326*02e6f385
#RAWIMUA,ICOM3,0,94.5,FINESTEERING,2427,544325.796,00000000,0000,797;2427,544325.796010000,1b000092,1162816,292682,-519156,-18707,643,-19075*27d6172b
#INSPVAXA,ICOM3,0,94.5,FINESTEERING,2427,544325.810,00000000,031c,797;WAITING_AZIMUTH,NONE,0.00000000000,0.00000000000,0.0000,0.0000,0.0000,0.0000,0.0000,0.000000000,0.000000000,-0.000000000,0.0000,0.0000,0.0000,0.0000,0.0000,0.0000,0.0000,0.0000,0.0000,00000000,544326*2ff759ef
#RAWIMUA,ICOM3,0,94.5,FINESTEERING,2427,544325.806,00000000,0000,797;2427,544325.806024000,1b030093,1162705,292430,-521121,-17789,2190,-13549*1cd84b45
#INSPVAXA,ICOM3,0,94.5,FINESTEERING,2427,544325.820,00000000,0326,797;WAITING_AZIMUTH,NONE,0.00000000000,0.00000000000,0.0000,0.0000,0.0000,0.0000,0.0000,0.000000000,0.000000000,-0.000000000,0.0000,0.0000,0.0000,0.0000,0.0000,0.0000,0.0000,0.0000,0.0000,00000000,544326*cadf21f1
#RAWIMUA,ICOM3,0,94.5,FINESTEERING,2427,544325.816,00000000,0000,797;2427,544325.816099000,1b000094,1163974,292246,-519906,-20510,-1334,-26016*a53f9f26
$GPGGA,071147.80,3109.8268649,N,12127.2280443,E,4,34,0.7,6.081,M,11.031,M,0.800,1793*4A
#BESTGNSSPOSA,ICOM3,0,94.5,FINESTEERING,2427,544325.800,03e1c002,0000,797;SOL_COMPUTED,NARROW_INT,31.16378108235,121.45380073886,6.0811,11.0314,WGS84,0.0164,0.0150,0.0285,"1793",0.800,0.015,37,34,34,34,00,00,30,37*1ff00e03
#HEADINGA,ICOM3,0,94.5,FINESTEERING,2427,544325.800,00000000,0000,797;SOL_COMPUTED,NONE,0.000000000,0.000000000,0.000000000,0.0,0.000000000,0.000000000,"1793",0,0,0,0,0,00,30,37*a242218e
$GPGSV,2,1,05,12,18,142,24,18,50,221,43,20,15,066,38,24,69,049,44*77
$GPGSV,2,2,05,32,10,270,39,,,,,,,,,,,,*43
$GLGSV,3,1,09,70,18,070,44,72,22,303,41,73,48,103,46,74,24,161,35*6A
$GLGSV,3,2,09,85,05,190,39,86,39,247,46,87,33,298,44,90,00,000,36*60
$GLGSV,3,3,09,91,00,000,36,,,,,,,,,,,,*51
$GAGSV,2,1,06,03,24,264,46,05,63,319,30,11,09,161,39,31,13,075,41*60
$GAGSV,2,2,06,34,54,291,43,36,51,190,48,,,,,,,,*60
$GQGSV,1,1,02,03,44,169,44,07,53,169,39,,,,,,,,*72
$GBGSV,4,1,15,01,48,147,49,02,35,242,46,03,55,202,48,04,37,120,42*60
$GBGSV,4,2,15,06,69,040,45,07,57,190,48,10,46,191,45,11,24,271,44*6D
$GBGSV,4,3,15,12,11,294,45,20,28,304,44,23,49,089,49,27,00,000,31*6D
$GBGSV,4,4,15,30,24,240,41,37,38,167,47,41,24,084,47,,,,*59
$GPGSA,M,3,12,18,20,24,32,,,,,,,,1.4,0.7,1.2,1*2D
#INSPVAXA,ICOM3,0,94.5,FINESTEERING,2427,544325.830,00000000,0330,797;WAITING_AZIMUTH,NONE,0.00000000000,0.00000000000,0.0000,0.0000,0.0000,0.0000,0.0000,0.000000000,0.000000000,-0.000000000,0.0000,0.0000,0.0000,0.0000,0.0000,0.0000,0.0000,0.0000,0.0000,00000000,544326*344c6a46
#RAWIMUA,ICOM3,0,94.5,FINESTEERING,2427,544325.826,00000000,0000,797;2427,544325.826021000,1b010095,1162435,293814,-520481,-18805,5185,-14884*3697d48c
#INSPVAXA,ICOM3,0,94.5,FINESTEERING,2427,544325.840,00000000,033a,797;WAITING_AZIMUTH,NONE,0.00000000000,0.00000000000,0.0000,0.0000,0.0000,0.0000,0.0000,0.000000000,0.000000000,-0.000000000,0.0000,0.0000,0.0000,0.0000,0.0000,0.0000,0.0000,0.0000,0.0000,00000000,544326*80533d3b
#RAWIMUA,ICOM3,0,94.5,FINESTEERING,2427,544325.836,00000000,0000,797;2427,544325.836010000,1aff0096,1163843,291624,-519899,-16969,2092,-17228*2b90d0cc
#INSPVAXA,ICOM3,0,94.5,FINESTEERING,2427,544325.850,00000000,0344,797;WAITING_AZIMUTH,NONE,0.00000000000,0.00000000000,0.0000,0.0000,0.0000,0.0000,0.0000,0.000000000,0.000000000,-0.000000000,0.0000,0.0000,0.0000,0.0000,0.0000,0.0000,0.0000,0.0000,0.0000,00000000,544326*fadac5fe
#RAWIMUA,ICOM3,0,94.5,FINESTEERING,2427,544325.846,00000000,0000,797;2427,544325.846003000,1b040097,1164315,293545,-518019,-23100,-875,-15768*8fe398f6
#INSPVAXA,ICOM3,0,94.5,FINESTEERING,2427,544325.860,00000000,034e,797;WAITING_AZIMUTH,NONE,0.00000000000,0.00000000000,0.0000,0.0000,0.0000,0.0000,0.0000,0.000000000,0.000000000,-0.000000000,0.0000,0.0000,0.0000,0.0000,0.0000,0.0000,0.0000,0.0000,0.0000,00000000,544326*a0cec499
#RAWIMUA,ICOM3,0,94.5,FINESTEERING,2427,544325.856,00000000,0000,797;2427,544325.855995000,1b030098,1162487,291440,-519043,-15199,7097,-16581*75c04660
#INSPVAXA,ICOM3,0,94.5,FINESTEERING,2427,544325.870,00000000,0357,797;WAITING_AZIMUTH,NONE,0.00000000000,0.00000000000,0.0000,0.0000,0.0000,0.0000,0.0000,0.000000000,0.000000000,-0.000000000,0.0000,0.0000,0.0000,0.0000,0.0000,0.0000,0.0000,0.0000,0.0000,00000000,544326*25d2ad44
#RAWIMUA,ICOM3,0,94.5,FINESTEERING,2427,544325.866,00000000,0000,797;2427,544325.866018000,1aff0099,1164847,290951,-518481,-22379,-8050,-16620*666e53a4
#INSPVAXA,ICOM3,0,94.5,FINESTEERING,2427,544325.880,00000000,0362,797;WAITING_AZIMUTH,NONE,0.00000000000,0.00000000000,0.0000,0.0000,0.0000,0.0000,0.0000,0.000000000,0.000000000,-0.000000000,0.0000,0.0000,0.0000,0.0000,0.0000,0.0000,0.0000,0.0000,0.0000,00000000,544326*4ee6ee18
#RAWIMUA,ICOM3,0,94.5,FINESTEERING,2427,544325.876,00000000,0000,797;2427,544325.876011000,1b00009a,1163906,292805,-519716,-13297,2227,-12298*48a94f29
#INSPVAXA,ICOM3,0,94.5,FINESTEERING,2427,544325.890,00000000,036c,797;WAITING_AZIMUTH,NONE,0.00000000000,0.00000000000,0.0000,0.0000,0.0000,0.0000,0.0000,0.000000000,0.000000000,-0.000000000,0.0000,0.0000,0.0000,0.0000,0.0000,0.0000,0.0000,0.0000,0.0000,00000000,544326*63f74472
#RAWIMUA,ICOM3,0,94.5,FINESTEERING,2427,544325.886,00000000,0000,797;2427,544325.886002000,1aff009b,1162713,293309,-518769,-20674,1135,-10797*dc26dc7f
#INSPVAXA,ICOM3,0,94.5,FINESTEERING,2427,544325.900,00000000,0376,797;WAITING_AZIMUTH,NONE,0.00000000000,0.00000000000,0.0000,0.0000,0.0000,0.0000,0.0000,0.000000000,0.000000000,-0.000000000,0.0000,0.0000,0.0000,0.0000,0.0000,0.0000,0.0000,0.0000,0.0000,00000000,544326*bd8c1474
#RAWIMUA,ICOM3,0,94.5,FINESTEERING,2427,544325.896,00000000,0000,797;2427,544325.895995000,1b01009c,1162858,292967,-520012,-17002,3968,-19453*3f4e09c6
#INSPVAXA,ICOM3,0,94.5,FINESTEERING,2427,544325.910,00000000,037f,797;WAITING_AZIMUTH,NONE,0.00000000000,0.00000000000,0.0000,0.0000,0.0000,0.0000,0.0000,0.000000000,0.000000000,-0.000000000,0.0000,0.0000,0.0000,0.0000,0.0000,0.0000,0.0000,0.0000,0.0000,00000000,544326*0cc685ff
#RAWIMUA,ICOM3,0,94.5,FINESTEERING,2427,544325.906,00000000,0000,797;2427,544325.906057000,1b03009d,1163701,292291,-518922,-14773,-7484,-13459*51c1c535
#INSPVAXA,ICOM3,0,94.5,FINESTEERING,2427,544325.920,00000000,038a,797;WAITING_AZIMUTH,NONE,0.00000000000,0.00000000000,0.0000,0.0000,0.0000,0.0000,0.0000,0.000000000,0.000000000,-0.000000000,0.0000,0.0000,0.0000,0.0000,0.0000,0.0000,0.0000,0.0000,0.0000,00000000,544326*8fc43174
#RAWIMUA,ICOM3,0,94.5,FINESTEERING,2427,544325.916,00000000,0000,797;2427,544325.916063000,1b03009e,1163387,292012,-520363,-17428,446,-14740*ad73eed1
#INSPVAXA,ICOM3,0,94.5,FINESTEERING,2427,544325.930,00000000,0394,797;WAITING_AZIMUTH,NONE,0.00000000000,0.00000000000,0.0000,0.0000,0.0000,0.0000,0.0000,0.000000000,0.000000000,-0.000000000,0.0000,0.0000,0.0000,0.0000,0.0000,0.0000,0.0000,0.0000,0.0000,00000000,544326*69bbf78c
#RAWIMUA,ICOM3,0,94.5,FINESTEERING,2427,544325.926,00000000,0000,797;2427,544325.926007000,1b01009f,1163466,292165,-518461,-25362,2744,-11451*e4999d1f
#INSPVAXA,ICOM3,0,94.5,FINESTEERING,2427,544325.940,00000000,039e,797;WAITING_AZIMUTH,NONE,0.00000000000,0.00000000000,0.0000,0.0000,0.0000,0.0000,0.0000,0.000000000,0.000000000,-0.000000000,0.0000,0.0000,0.0000,0.0000,0.0000,0.0000,0.0000,0.0000,0.0000,00000000,544326*dda4a0f1
#RAWIMUA,ICOM3,0,94.5,FINESTEERING,2427,544325.936,00000000,0000,797;2427,544325.935997000,1b0300a0,1164554,292650,-518862,-17789,6041,-12777*5c465cba
#INSPVAXA,ICOM3,0,94.5,FINESTEERING,2427,544325.950,00000000,03a7,797;WAITING_AZIMUTH,NONE,0.00000000000,0.00000000000,0.0000,0.0000,0.0000,0.0000,0.0000,0.000000000,0.000000000,-0.000000000,0.0000,0.0000,0.0000,0.0000,0.0000,0.0000,0.0000,0.0000,0.0000,00000000,544326*c0a83da6
#RAWIMUA,ICOM3,0,94.5,FINESTEERING,2427,544325.946,00000000,0000,797;2427,544325.946020000,1b0600a1,1162550,292752,-518828,-26248,-1602,-16496*246381b6
#INSPVAXA,ICOM3,0,94.5,FINESTEERING,2427,544325.960,00000000,03b2,797;WAITING_AZIMUTH,NONE,0.00000000000,0.00000000000,0.0000,0.0000,0.0000,0.0000,0.0000,0.000000000,0.000000000,-0.000000000,0.0000,0.0000,0.0000,0.0000,0.0000,0.0000,0.0000,0.0000,0.0000,00000000,544326*42f08295
#RAWIMUA,ICOM3,0,94.5,FINESTEERING,2427,544325.956,00000000,0000,797;2427,544325.956013000,1b0700a2,1163449,291984,-519936,-16084,-80,-19405*ec21cf13
#INSPVAXA,ICOM3,0,94.5,FINESTEERING,2427,544325.970,00000000,03bc,797;WAITING_AZIMUTH,NONE,0.00000000000,0.00000000000,0.0000,0.0000,0.0000,0.0000,0.0000,0.000000000,0.000000000,-0.000000000,0.0000,0.0000,0.0000,0.0000,0.0000,0.0000,0.0000,0.0000,0.0000,00000000,544326*6fe128ff
#RAWIMUA,ICOM3,0,94.5,FINESTEERING,2427,544325.966,00000000,0000,797;2427,544325.966006000,1b0300a3,1164487,292128,-518691,-16609,-541,-17897*c700ec57
#INSPVAXA,ICOM3,0,94.5,FINESTEERING,2427,544325.980,00000000,03c6,797;WAITING_AZIMUTH,NONE,0.00000000000,0.00000000000,0.0000,0.0000,0.0000,0.0000,0.0000,0.000000000,0.000000000,-0.000000000,0.0000,0.0000,0.0000,0.0000,0.0000,0.0000,0.0000,0.0000,0.0000,00000000,544326*17f7b965
#RAWIMUA,ICOM3,0,94.5,FINESTEERING,2427,544325.976,00000000,0000,797;2427,544325.975999000,1aff00a4,1164439,292468,-520434,-24609,-5846,-12966*357a3182
#INSPVAXA,ICOM3,0,94.5,FINESTEERING,2427,544325.990,00000000,03cf,797;WAITING_AZIMUTH,NONE,0.00000000000,0.00000000000,0.0000,0.0000,0.0000,0.0000,0.0000,0.000000000,0.000000000,-0.000000000,0.0000,0.0000,0.0000,0.0000,0.0000,0.0000,0.0000,0.0000,0.0000,00000000,544326*a6bd28ee
#RAWIMUA,ICOM3,0,94.5,FINESTEERING,2427,544325.986,00000000,0000,797;2427,544325.985992000,1afe00a5,1163051,294705,-519770,-15363,10585,-20967*381e3b34
#INSPVAXA,ICOM3,0,94.5,FINESTEERING,2427,544326.000,00000000,03d9,797;WAITING_AZIMUTH,NONE,0.00000000000,0.00000000000,0.0000,0.0000,0.0000,0.0000,0.0000,0.000000000,0.000000000,-0.000000000,0.0000,0.0000,0.0000,0.0000,0.0000,0.0000,0.0000,0.0000,0.0000,00000000,544327*ab3e2fba
#INSCALSTATUSA,ICOM3,0,94.5,FINESTEERING,2427,544326.000,00000000,0000,797;RBV,0.0000,0.0000,0.0000,45.0000,45.0000,45.0000,CALIBRATED,0*6915cc0c
#RAWIMUA,ICOM3,0,94.5,FINESTEERING,2427,544325.996,00000000,0000,797;2427,544325.996016000,1b0200a6,1164617,292523,-518532,-27789,-1340,-14919*cc4417ba
#INSPVAXA,ICOM3,0,94.5,FINESTEERING,2427,544326.010,00000000,03e4,797;WAITING_AZIMUTH,NONE,0.00000000000,0.00000000000,0.0000,0.0000,0.0000,0.0000,0.0000,0.000000000,0.000000000,-0.000000000,0.0000,0.0000,0.0000,0.0000,0.0000,0.0000,0.0000,0.0000,0.0000,00000000,544327*13cee4e1
#RAWIMUA,ICOM3,0,94.5,FINESTEERING,2427,544326.006,00000000,0000,797;2427,544326.006030545,1b0400a7,1161922,293413,-518442,-25264,-2654,-14956*c5cb2735
#INSPVAXA,ICOM3,0,94.5,FINESTEERING,2427,544326.020,00000000,0006,797;WAITING_AZIMUTH,NONE,0.00000000000,0.00000000000,0.0000,0.0000,0.0000,0.0000,0.0000,0.000000000,0.000000000,-0.000000000,0.0000,0.0000,0.0000,0.0000,0.0000,0.0000,0.0000,0.0000,0.0000,00000000,544327*ea79384f
#RAWIMUA,ICOM3,0,94.5,FINESTEERING,2427,544326.016,00000000,0000,797;2427,544326.016051000,1afd00a8,1163904,291695,-519441,-23330,277,-23351*c0a419cf
#INSPVAXA,ICOM3,0,94.5,FINESTEERING,2427,544326.030,00000000,0010,797;WAITING_AZIMUTH,NONE,0.00000000000,0.00000000000,0.0000,0.0000,0.0000,0.0000,0.0000,0.000000000,0.000000000,-0.000000000,0.0000,0.0000,0.0000,0.0000,0.0000,0.0000,0.0000,0.0000,0.0000,00000000,544327*14ea73f8
#RAWIMUA,ICOM3,0,94.5,FINESTEERING,2427,544326.026,00000000,0000,797;2427,544326.026058000,1afa00a9,1164040,292769,-520011,-23920,-579,-9329*bb7c7ea3
#BESTPOSA,ICOM3,0,94.5,FINESTEERING,2427,544326.000,03e1c002,0001,797;SOL_COMPUTED,NARROW_INT,31.16378097570,121.45380075243,6.0847,11.0314,WGS84,0.0161,0.0150,0.0273,"1793",1.000,0.021,37,34,34,34,00,00,30,37*7275635d
$GPGGA,071148.00,3109.8268585,N,12127.2280451,E,4,34,0.7,6.085,M,11.031,M,1.000,1793*40
#BESTGNSSPOSA,ICOM3,0,94.5,FINESTEERING,2427,544326.000,03e1c002,0001,797;SOL_COMPUTED,NARROW_INT,31.16378097570,121.45380075243,6.0847,11.0314,WGS84,0.0161,0.0150,0.0273,"1793",1.000,0.021,37,34,34,34,00,00,30,37*52c1f52f
#HEADINGA,ICOM3,0,94.5,FINESTEERING,2427,544326.000,00000000,0000,797;SOL_COMPUTED,NONE,0.000000000,0.000000000,0.000000000,0.0,0.000000000,0.000000000,"1793",0,0,0,0,0,00,30,37*fa2427c0
$GPGSV,2,1,05,12,18,142,24,18,50,220,43,20,15,066,38,24,69,049,44*76
$GPGSV,2,2,05,32,10,270,39,,,,,,,,,,,,*43
$GLGSV,3,1,09,70,18,070,44,72,22,303,41,73,48,103,47,74,24,161,35*6B
$GLGSV,3,2,09,85,05,190,39,86,39,247,46,87,33,298,44,90,00,000,36*60
$GLGSV,3,3,09,91,00,000,36,,,,,,,,,,,,*51
$GAGSV,2,1,06,03,24,264,46,05,63,319,30,11,09,161,39,31,13,075,41*60
$GAGSV,2,2,06,34,54,291,43,36,51,190,48,,,,,,,,*60
$GQGSV,1,1,02,03,44,169,44,07,53,169,39,,,,,,,,*72
$GBGSV,4,1,15,01,48,147,49,02,35,242,46,03,55,202,48,04,37,120,42*60
$GBGSV,4,2,15,06,69,040,45,07,57,190,48,10,46,191,45,11,24,271,44*6D
$GBGSV,4,3,15,12,11,294,45,20,28,304,44,23,49,089,49,27,00,000,31*6D
$GBGSV,4,4,15,30,24,240,41,37,38,167,47,41,24,084,47,,,,*59
$GPGSA,M,3,12,18,20,24,32,,,,,,,,1.4,0.7,1.2,1*2D
ªD*   H   ¼´{	pÁq Àá     2   ÏUÎŒí)?@™¦O]^@´[˜T¿V@Ì€0A=   èƒ<m„u<Öà<1793  €?Š©<%"""  07Òo·ªD7  0   ¼´{	pÁq                                           1793      07Ôqx#INSPVAXA,ICOM3,0,94.5,FINESTEERING,2427,544326.040,00000000,001a,797;WAITING_AZIMUTH,NONE,0.00000000000,0.00000000000,0.0000,0.0000,0.0000,0.0000,0.0000,0.000000000,0.000000000,-0.000000000,0.0000,0.0000,0.0000,0.0000,0.0000,0.0000,0.0000,0.0000,0.0000,00000000,544327*a0f52485
#RAWIMUA,ICOM3,0,94.5,FINESTEERING,2427,544326.036,00000000,0000,797;2427,544326.036036000,1afe00aa,1163158,291783,-520425,-19658,-8081,-14582*b37e3357
#TRACKSTATA,ICOM3,0,94.5,FINESTEERING,2427,544326.000,00000000,0000,797;SOL_COMPUTED,NARROW_INT,0.0,101,12,0,00181544,24288066.264,2718.952,24.000,0.500,0.000,GOOD,0.000,12,0,02381564,24288079.375,2118.447,28.500,0.000,0.000,GOOD,0.000,18,0,10101cc4,21408953.375,-2140.896,43.000,77.900,0.000,GOOD,0.000,18,0,02301ce4,21408953.947,-1668.369,45.750,74.500,0.000,GOOD,0.000,18,0,01d01d04,21408974.283,-1598.982,46.500,76.900,0.000,GOOD,0.000,20,0,10101e44,24287601.130,-2498.829,38.250,77.000,0.000,GOOD,0.000,20,0,12301e64,24287604.475,-1947.259,45.500,74.500,0.000,GOOD,0.000,20,0,11d01e84,24287621.516,-1866.153,44.250,76.000,0.000,GOOD,0.000,24,0,10101ec4,20111035.003,-1317.722,44.250,76.400,0.000,GOOD,0.000,24,0,12301ee4,20111037.212,-1026.806,43.000,72.900,0.000,GOOD,0.000,24,0,01d01f04,20111053.248,-983.982,45.250,75.300,0.000,GOOD,0.000,32,0,10101dc4,24895162.008,1909.043,38.750,74.000,0.000,GOOD,0.000,32,0,02301de4,24895168.604,1487.274,35.000,71.100,0.000,GOOD,0.000,32,0,11d01e04,24895184.197,1425.325,36.750,72.600,0.000,GOOD,0.000,43,3,10111d44,22926884.199,-2047.369,43.750,81.600,0.000,GOOD,0.000,43,3,10311d64,22926897.243,-1592.464,46.750,80.800,0.000,GOOD,0.000,45,13,00111e44,22559129.262,1683.950,41.000,77.600,0.000,GOOD,0.000,45,13,00311e64,22559136.398,1309.558,44.500,76.800,0.000,GOOD,0.000,46,5,10111dc4,20492671.656,1217.283,46.500,80.900,0.000,GOOD,0.000,46,5,10311de4,20492678.676,946.699,47.750,79.900,0.000,GOOD,0.000,47,0,10191cc4,22417946.179,3904.503,35.000,3.300,0.000,GOOD,0.000,58,11,10191ec4,24286130.022,-4398.052,39.000,31.700,0.000,GOOD,0.000,58,11,003916e4,24286175.474,-3420.577,34.500,1.800,0.000,GOOD,0.000,59,4,10111d84,21116309.432,-2414.179,46.250,81.100,0.000,GOOD,0.000,59,4,10311da4,21116315.113,-1877.729,43.000,80.300,0.000,GOOD,0.000,60,10,00111e04,21594213.423,310.567,44.000,79.700,0.000,GOOD,0.000,63,1,10191d04,21907395.410,1455.148,36.000,4.000,0.000,GOOD,0.000,63,1,00391d24,21907384.363,1131.908,38.000,2.700,0.000,GOOD,0.000,64,2,10191e84,21930149.414,-1621.979,36.000,3.100,0.000,GOOD,0.000,3,0,00331fc4,26547002.508,1371.441,46.000,82.300,0.000,GOOD,0.000,3,0,02331c24,26547009.589,1050.703,46.500,81.500,0.000,GOOD,0.000,3,0,01931fe4,26547010.060,1023.986,42.500,79.300,0.000,GOOD,0.000,3,0,00d31c04,26547178.056,1113.333,41.750,78.500,0.000,GOOD,0.000,5,0,00331644,23884531.249,-202.491,30.250,0.000,0.000,GOOD,0.000,5,0,12331ea4,23884547.247,-155.124,37.250,3.300,0.000,GOOD,0.000,5,0,01931664,23884545.667,-150.823,28.500,0.600,0.000,GOOD,0.000,11,0,00331cc4,26396992.501,-3300.410,38.500,27.100,0.000,GOOD,0.000,11,0,12331d24,26397006.369,-2529.002,42.250,66.300,0.000,GOOD,0.000,11,0,11931ce4,26397008.263,-2464.464,37.750,74.000,0.000,GOOD,0.000,11,0,10d31d04,26397173.712,-2678.257,34.750,39.400,0.000,GOOD,0.000,31,0,00331c44,27626748.819,753.205,40.500,75.300,0.000,GOOD,0.000,31,0,12331ca4,27626758.324,577.212,45.750,74.300,0.000,GOOD,0.000,31,0,01931c64,27626759.585,562.564,40.250,71.100,0.000,GOOD,0.000,31,0,10d31c84,27626919.656,611.390,33.250,0.900,0.000,GOOD,0.000,34,0,10331dc4,24368513.440,401.975,42.500,57.100,0.000,GOOD,0.000,34,0,02331e24,24368520.406,307.834,47.250,55.700,0.000,GOOD,0.000,34,0,01931de4,24368520.897,299.869,43.500,53.000,0.000,GOOD,0.000,34,0,00d31e04,24368689.052,326.180,45.250,53.200,0.000,GOOD,0.000,36,0,10331d44,24632142.594,-2322.496,48.000,74.000,0.000,GOOD,0.000,36,0,12331da4,24632151.252,-1779.561,49.500,73.100,0.000,GOOD,0.000,36,0,11931d64,24632151.112,-1734.180,45.000,70.100,0.000,GOOD,0.000,36,0,00d31d84,24632316.112,-1885.113,44.500,70.200,0.000,GOOD,0.000,195,0,10151f44,36628059.976,-81.764,43.750,82.200,0.000,GOOD,0.000,195,0,02351f64,36628057.892,-63.836,47.000,74.500,0.000,GOOD,0.000,195,0,11d51f84,36628075.124,-61.093,44.500,81.000,0.000,GOOD,0.000,199,0,10151ec4,36982702.796,-163.880,39.250,80.800,0.000,GOOD,0.000,199,0,02351ee4,36982699.246,-127.804,44.250,74.100,0.000,GOOD,0.000,199,0,11d51f04,36982719.191,-122.493,46.750,79.300,0.000,GOOD,0.000,1,0,10941c04,37277941.867,-174.830,48.500,82.300,0.000,GOOD,0.000,1,0,00d41c24,37277940.405,-141.980,46.750,82.300,0.000,GOOD,0.000,2,0,00941c64,38310135.522,-142.539,46.000,82.300,0.000,GOOD,0.000,2,0,00d41c84,38310127.949,-115.756,44.250,82.300,0.000,GOOD,0.000,3,0,00941cc4,36917660.318,-159.403,48.250,82.300,0.000,GOOD,0.000,3,0,00d41ce4,36917655.534,-129.592,47.250,82.300,0.000,GOOD,0.000,4,0,10941d24,38142772.617,-194.361,42.000,82.300,0.000,GOOD,0.000,4,0,10d41d44,38142776.439,-158.131,45.750,81.600,0.000,GOOD,0.000,6,0,00141e44,36188713.438,272.921,44.500,80.600,0.000,GOOD,0.000,6,0,10541e64,36188718.788,221.846,42.500,79.300,0.000,GOOD,0.000,7,0,00141de4,36919000.432,778.046,48.250,81.800,0.000,GOOD,0.000,7,0,10541e04,36919004.788,632.237,47.500,80.700,0.000,GOOD,0.000,10,0,10141d84,37849310.561,901.449,44.500,80.800,0.000,GOOD,0.000,10,0,10341dc4,37849315.377,697.038,46.000,79.900,0.000,GOOD,0.000,10,0,10541da4,37849319.291,732.588,41.500,79.400,0.000,GOOD,0.000,11,0,10141ea4,25018189.609,-1182.731,44.250,80.500,0.000,GOOD,0.000,11,0,10541ec4,25018195.646,-961.171,44.750,78.700,0.000,GOOD,0.000,12,0,00141f04,25869328.237,1950.748,44.500,80.200,0.000,GOOD,0.000,12,0,00541f24,25869335.850,1585.080,40.500,78.900,0.000,GOOD,0.000,20,0,00141e84,24732611.779,1675.446,44.250,80.400,0.000,GOOD,0.000,20,0,01341ea4,24732616.924,1262.587,45.750,79.800,0.000,GOOD,0.000,20,0,10541ec4,24732614.232,1361.457,43.500,79.000,0.000,GOOD,0.000,20,0,10f41ee4,24732604.922,1690.621,41.750,79.200,0.000,GOOD,0.000,23,0,10141d44,23029845.098,4.378,48.500,81.500,0.000,GOOD,0.000,23,0,01341d64,23029846.834,3.028,50.250,80.900,0.000,GOOD,0.000,23,0,10541d84,23029843.916,3.467,48.000,80.400,0.000,GOOD,0.000,23,0,10f41da4,23029837.501,4.323,43.500,80.500,0.000,GOOD,0.000,27,0,101c1f24,26331241.908,-2893.782,30.750,5.200,0.000,GOOD,0.000,27,0,113c1f44,26331152.898,-2180.648,41.500,72.300,0.000,GOOD,0.000,27,0,105c1f64,26331148.554,-2351.111,37.000,73.400,0.000,GOOD,0.000,27,0,00fc1784,26331111.321,-2920.115,31.750,0.400,0.000,GOOD,0.000,30,0,00141de4,24699690.163,-2251.912,41.250,79.300,0.000,GOOD,0.000,30,0,01341e04,24699706.605,-1697.215,46.000,78.600,0.000,GOOD,0.000,30,0,10541e24,24699704.153,-1830.077,45.000,78.200,0.000,GOOD,0.000,30,0,00f41e44,24699687.256,-2272.638,41.500,78.200,0.000,GOOD,0.000,37,0,00141fc4,23875329.645,2582.612,47.250,72.500,0.000,GOOD,0.000,37,0,01341fe4,23875341.626,1946.140,47.250,71.800,0.000,GOOD,0.000,37,0,00541c04,23875341.362,2098.697,44.750,70.800,0.000,GOOD,0.000,37,0,00f41c24,23875312.289,2606.301,39.000,71.400,0.000,GOOD,0.000,41,0,00141c64,25174032.510,-1799.914,46.750,69.700,0.000,GOOD,0.000,41,0,01341c84,25174050.832,-1356.497,46.500,68.600,0.000,GOOD,0.000,41,0,10541ca4,25174048.087,-1462.598,43.250,68.300,0.000,GOOD,0.000,41,0,00f41cc4,25174030.274,-1816.427,43.000,68.700,0.000,GOOD,0.000*2627f010
#INSPVAXA,ICOM3,0,94.5,FINESTEERING,2427,544326.050,00000000,0024,797;WAITING_AZIMUTH,NONE,0.00000000000,0.00000000000,0.0000,0.0000,0.0000,0.0000,0.0000,0.000000000,0.000000000,-0.000000000,0.0000,0.0000,0.0000,0.0000,0.0000,0.0000,0.0000,0.0000,0.0000,00000000,544327*32d8f796
#RAWIMUA,ICOM3,0,94.5,FINESTEERING,2427,544326.046,00000000,0000,797;2427,544326.046069000,1b0000ab,1162982,292026,-519247,-23166,-4298,-19363*4e6c6d31
#INSPVAXA,ICOM3,0,94.5,FINESTEERING,2427,544326.060,00000000,002e,797;WAITING_AZIMUTH,NONE,0.00000000000,0.00000000000,0.0000,0.0000,0.0000,0.0000,0.0000,0.000000000,0.000000000,-0.000000000,0.0000,0.0000,0.0000,0.0000,0.0000,0.0000,0.0000,0.0000,0.0000,00000000,544327*68ccf6f1
#RAWIMUA,ICOM3,0,94.5,FINESTEERING,2427,544326.056,00000000,0000,797;2427,544326.056032000,1afe00ac,1163606,292745,-519256,-28182,1458,-9553*a56fd865
#INSPVAXA,ICOM3,0,94.5,FINESTEERING,2427,544326.070,00000000,0038,797;WAITING_AZIMUTH,NONE,0.00000000000,0.00000000000,0.0000,0.0000,0.0000,0.0000,0.0000,0.000000000,0.000000000,-0.000000000,0.0000,0.0000,0.0000,0.0000,0.0000,0.0000,0.0000,0.0000,0.0000,00000000,544327*b74cfa87
#RAWIMUA,ICOM3,0,94.5,FINESTEERING,2427,544326.066,00000000,0000,797;2427,544326.066047000,1b0100ad,1163502,291705,-518653,-9560,4106,-16360*87217ff7
#INSPVAXA,ICOM3,0,94.5,FINESTEERING,2427,544326.080,00000000,0042,797;WAITING_AZIMUTH,NONE,0.00000000000,0.00000000000,0.0000,0.0000,0.0000,0.0000,0.0000,0.000000000,0.000000000,-0.000000000,0.0000,0.0000,0.0000,0.0000,0.0000,0.0000,0.0000,0.0000,0.0000,00000000,544327*6e40f7a6
#RAWIMUA,ICOM3,0,94.5,FINESTEERING,2427,544326.076,00000000,0000,797;2427,544326.076052000,1b0400ae,1165672,292287,-518957,-19035,3407,-12396*659eece0
#INSPVAXA,ICOM3,0,94.5,FINESTEERING,2427,544326.090,00000000,004c,797;WAITING_AZIMUTH,NONE,0.00000000000,0.00000000000,0.0000,0.0000,0.0000,0.0000,0.0000,0.000000000,0.000000000,-0.000000000,0.0000,0.0000,0.0000,0.0000,0.0000,0.0000,0.0000,0.0000,0.0000,00000000,544327*43515dcc
#RAWIMUA,ICOM3,0,94.5,FINESTEERING,2427,544326.086,00000000,0000,797;2427,544326.086016000,1b0400af,1163082,292776,-519485,-20805,-1137,-15866*0b15af83
#INSPVAXA,ICOM3,0,94.5,FINESTEERING,2427,544326.100,00000000,0056,797;WAITING_AZIMUTH,NONE,0.00000000000,0.00000000000,0.0000,0.0000,0.0000,0.0000,0.0000,0.000000000,0.000000000,-0.000000000,0.0000,0.0000,0.0000,0.0000,0.0000,0.0000,0.0000,0.0000,0.0000,00000000,544327*9d2a0dca
#RAWIMUA,ICOM3,0,94.5,FINESTEERING,2427,544326.096,00000000,0000,797;2427,544326.096008000,1b0200b0,1161418,292636,-520499,-21330,15,-10639*0bf951b2
#INSPVAXA,ICOM3,0,94.5,FINESTEERING,2427,544326.110,00000000,0060,797;WAITING_AZIMUTH,NONE,0.00000000000,0.00000000000,0.0000,0.0000,0.0000,0.0000,0.0000,0.000000000,0.000000000,-0.000000000,0.0000,0.0000,0.0000,0.0000,0.0000,0.0000,0.0000,0.0000,0.0000,00000000,544327*17eb5396
#RAWIMUA,ICOM3,0,94.5,FINESTEERING,2427,544326.106,00000000,0000,797;2427,544326.106063000,1b0100b1,1163344,292123,-519314,-18248,-6237,-12766*1fc9f54f
#INSPVAXA,ICOM3,0,94.5,FINESTEERING,2427,544326.120,00000000,006a,797;WAITING_AZIMUTH,NONE,0.00000000000,0.00000000000,0.0000,0.0000,0.0000,0.0000,0.0000,0.000000000,0.000000000,-0.000000000,0.0000,0.0000,0.0000,0.0000,0.0000,0.0000,0.0000,0.0000,0.0000,00000000,544327*4dff52f1
#RAWIMUA,ICOM3,0,94.5,FINESTEERING,2427,544326.116,00000000,0000,797;2427,544326.116081000,1afe00b2,1163424,290927,-520711,-24182,-5780,-12900*127c1cbb
#INSPVAXA,ICOM3,0,94.3,FINESTEERING,2427,544326.130,00000000,0074,797;WAITING_AZIMUTH,NONE,0.00000000000,0.00000000000,0.0000,0.0000,0.0000,0.0000,0.0000,0.000000000,0.000000000,-0.000000000,0.0000,0.0000,0.0000,0.0000,0.0000,0.0000,0.0000,0.0000,0.0000,00000000,544327*b1dbf3ec
#RAWIMUA,ICOM3,0,94.3,FINESTEERING,2427,544326.126,00000000,0000,797;2427,544326.126077000,1b0100b3,1164147,291123,-520681,-19002,-247,-16288*1e7a25a7
#INSPVAXA,ICOM3,0,94.3,FINESTEERING,2427,544326.140,00000000,007e,797;WAITING_AZIMUTH,NONE,0.00000000000,0.00000000000,0.0000,0.0000,0.0000,0.0000,0.0000,0.000000000,0.000000000,-0.000000000,0.0000,0.0000,0.0000,0.0000,0.0000,0.0000,0.0000,0.0000,0.0000,00000000,544327*05c4a491
#RAWIMUA,ICOM3,0,94.3,FINESTEERING,2427,544326.136,00000000,0000,797;2427,544326.136062000,1afe00b4,1164075,291555,-520161,-18642,-1201,-19544*1ed1e64d
#INSPVAXA,ICOM3,0,94.3,FINESTEERING,2427,544326.150,00000000,0088,797;WAITING_AZIMUTH,NONE,0.00000000000,0.00000000000,0.0000,0.0000,0.0000,0.0000,0.0000,0.000000000,0.000000000,-0.000000000,0.0000,0.0000,0.0000,0.0000,0.0000,0.0000,0.0000,0.0000,0.0000,00000000,544327*4c8bc737
#RAWIMUA,ICOM3,0,94.3,FINESTEERING,2427,544326.146,00000000,0000,797;2427,544326.146056000,1af800b5,1162457,291993,-519312,-17068,-1364,-15930*d4f7d405
#INSPVAXA,ICOM3,0,94.3,FINESTEERING,2427,544326.160,00000000,0092,797;WAITING_AZIMUTH,NONE,0.00000000000,0.00000000000,0.0000,0.0000,0.0000,0.0000,0.0000,0.000000000,0.000000000,-0.000000000,0.0000,0.0000,0.0000,0.0000,0.0000,0.0000,0.0000,0.0000,0.0000,00000000,544327*e01d0844
#RAWIMUA,ICOM3,0,94.3,FINESTEERING,2427,544326.156,00000000,0000,797;2427,544326.156048000,1af900b6,1164033,291795,-519278,-21723,-4297,-14928*d6a419ce
#INSPVAXA,ICOM3,0,94.3,FINESTEERING,2427,544326.170,00000000,009c,797;WAITING_AZIMUTH,NONE,0.00000000000,0.00000000000,0.0000,0.0000,0.0000,0.0000,0.0000,0.000000000,0.000000000,-0.000000000,0.0000,0.0000,0.0000,0.0000,0.0000,0.0000,0.0000,0.0000,0.0000,00000000,544327*cd0ca22e
#RAWIMUA,ICOM3,0,94.3,FINESTEERING,2427,544326.166,00000000,0000,797;2427,544326.166072000,1afb00b7,1163408,292975,-519258,-15232,-2482,-12813*9ee6d845
#INSPVAXA,ICOM3,0,94.3,FINESTEERING,2427,544326.180,00000000,00a6,797;WAITING_AZIMUTH,NONE,0.00000000000,0.00000000000,0.0000,0.0000,0.0000,0.0000,0.0000,0.000000000,0.000000000,-0.000000000,0.0000,0.0000,0.0000,0.0000,0.0000,0.0000,0.0000,0.0000,0.0000,00000000,544327*2d0ac73e
#RAWIMUA,ICOM3,0,94.3,FINESTEERING,2427,544326.176,00000000,0000,797;2427,544326.176063000,1afe00b8,1162751,291962,-519180,-21789,4359,-9404*9ab627ab
#INSPVAXA,ICOM3,0,94.3,FINESTEERING,2427,544326.190,00000000,00b0,797;WAITING_AZIMUTH,NONE,0.00000000000,0.00000000000,0.0000,0.0000,0.0000,0.0000,0.0000,0.000000000,0.000000000,-0.000000000,0.0000,0.0000,0.0000,0.0000,0.0000,0.0000,0.0000,0.0000,0.0000,00000000,544327*a7cb9962
#RAWIMUA,ICOM3,0,94.3,FINESTEERING,2427,544326.186,00000000,0000,797;2427,544326.186056000,1aff00b9,1162199,292970,-519848,-19592,8904,-12043*507b7319
#INSPVAXA,ICOM3,0,94.3,FINESTEERING,2427,544326.200,00000000,00ba,797;WAITING_AZIMUTH,NONE,0.00000000000,0.00000000000,0.0000,0.0000,0.0000,0.0000,0.0000,0.000000000,0.000000000,-0.000000000,0.0000,0.0000,0.0000,0.0000,0.0000,0.0000,0.0000,0.0000,0.0000,00000000,544327*cc18dce0
#RAWIMUA,ICOM3,0,94.3,FINESTEERING,2427,544326.196,00000000,0000,797;2427,544326.196048000,1b0600ba,1165090,291720,-519868,-13691,218,-15559*c28c283e
#INSPVAXA,ICOM3,0,94.3,FINESTEERING,2427,544326.210,00000000,00c4,797;WAITING_AZIMUTH,NONE,0.00000000000,0.00000000000,0.0000,0.0000,0.0000,0.0000,0.0000,0.000000000,0.000000000,-0.000000000,0.0000,0.0000,0.0000,0.0000,0.0000,0.0000,0.0000,0.0000,0.0000,00000000,544327*2a671a18
#RAWIMUA,ICOM3,0,94.3,FINESTEERING,2427,544326.206,00000000,0000,797;2427,544326.206114000,1b0200bb,1162884,291371,-519239,-19330,7093,-17405*ca06ae6f
#INSPVAXA,ICOM3,0,94.3,FINESTEERING,2427,544326.220,00000000,00ce,797;WAITING_AZIMUTH,NONE,0.00000000000,0.00000000000,0.0000,0.0000,0.0000,0.0000,0.0000,0.000000000,0.000000000,-0.000000000,0.0000,0.0000,0.0000,0.0000,0.0000,0.0000,0.0000,0.0000,0.0000,00000000,544327*70731b7f
#RAWIMUA,ICOM3,0,94.3,FINESTEERING,2427,544326.216,00000000,0000,797;2427,544326.216137000,1b0000bc,1162140,292504,-520466,-26904,-4104,-16606*25aab2e9
$GPGGA,071148.20,3109.8268578,N,12127.2280454,E,4,34,0.7,6.088,M,11.031,M,1.200,1793*4A
#BESTGNSSPOSA,ICOM3,0,94.3,FINESTEERING,2427,544326.200,03e1c002,0000,797;SOL_COMPUTED,NARROW_INT,31.16378096308,121.45380075592,6.0878,11.0314,WGS84,0.0167,0.0155,0.0280,"1793",1.200,0.016,37,34,34,34,00,00,30,37*045df4b6
#HEADINGA,ICOM3,0,94.3,FINESTEERING,2427,544326.200,00000000,0000,797;SOL_COMPUTED,NONE,0.000000000,0.000000000,0.000000000,0.0,0.000000000,0.000000000,"1793",0,0,0,0,0,00,30,37*115eb9df
$GPGSV,2,1,05,12,18,142,24,18,50,220,43,20,15,066,38,24,69,049,44*76
$GPGSV,2,2,05,32,10,270,39,,,,,,,,,,,,*43
$GLGSV,3,1,09,70,18,070,44,72,22,303,41,73,48,103,47,74,24,161,35*6B
$GLGSV,3,2,09,85,05,190,39,86,39,247,46,87,33,298,44,90,00,000,36*60
$GLGSV,3,3,09,91,00,000,36,,,,,,,,,,,,*51
$GAGSV,2,1,06,03,24,264,46,05,63,319,30,11,09,161,39,31,13,075,40*61
$GAGSV,2,2,06,34,54,291,43,36,51,190,48,,,,,,,,*60
$GQGSV,1,1,02,03,44,169,44,07,53,169,39,,,,,,,,*72
$GBGSV,4,1,15,01,48,147,49,02,35,242,46,03,55,202,48,04,37,120,42*60
$GBGSV,4,2,15,06,69,040,45,07,57,190,48,10,46,191,45,11,24,271,44*6D
$GBGSV,4,3,15,12,11,294,45,20,28,304,44,23,49,089,49,27,00,000,30*6C
$GBGSV,4,4,15,30,24,240,41,37,38,167,47,41,24,084,47,,,,*59
#INSPVAXA,ICOM3,0,94.3,FINESTEERING,2427,544326.230,00000000,00d8,797;WAITING_AZIMUTH,NONE,0.00000000000,0.00000000000,0.0000,0.0000,0.0000,0.0000,0.0000,0.000000000,0.000000000,-0.000000000,0.0000,0.0000,0.0000,0.0000,0.0000,0.0000,0.0000,0.0000,0.0000,00000000,544327*33052934
$GPGSA,M,3,12,18,20,24,32,,,,,,,,1.4,0.7,1.2,1*2D
#RAWIMUA,ICOM3,0,94.3,FINESTEERING,2427,544326.226,00000000,0000,797;2427,544326.226065000,1afc00bd,1165222,291261,-519896,-23100,-2521,-17713*d7a1ef10
#INSPVAXA,ICOM3,0,94.3,FINESTEERING,2427,544326.240,00000000,00e2,797;WAITING_AZIMUTH,NONE,0.00000000000,0.00000000000,0.0000,0.0000,0.0000,0.0000,0.0000,0.000000000,0.000000000,-0.000000000,0.0000,0.0000,0.0000,0.0000,0.0000,0.0000,0.0000,0.0000,0.0000,00000000,544327*7198b05d
#RAWIMUA,ICOM3,0,94.3,FINESTEERING,2427,544326.236,00000000,0000,797;2427,544326.236047000,1afd00be,1162253,291150,-518613,-23395,-19,-24501*a4d2c5f6
#INSPVAXA,ICOM3,0,94.3,FINESTEERING,2427,544326.250,00000000,00ec,797;WAITING_AZIMUTH,NONE,0.00000000000,0.00000000000,0.0000,0.0000,0.0000,0.0000,0.0000,0.000000000,0.000000000,-0.000000000,0.0000,0.0000,0.0000,0.0000,0.0000,0.0000,0.0000,0.0000,0.0000,00000000,544327*5c891a37
#RAWIMUA,ICOM3,0,94.3,FINESTEERING,2427,544326.246,00000000,0000,797;2427,544326.246070000,1afe00bf,1164289,291214,-518517,-20314,1497,-8989*6f17de13
#INSPVAXA,ICOM3,0,94.3,FINESTEERING,2427,544326.260,00000000,00f6,797;WAITING_AZIMUTH,NONE,0.00000000000,0.00000000000,0.0000,0.0000,0.0000,0.0000,0.0000,0.000000000,0.000000000,-0.000000000,0.0000,0.0000,0.0000,0.0000,0.0000,0.0000,0.0000,0.0000,0.0000,00000000,544327*b9a16229
#RAWIMUA,ICOM3,0,94.3,FINESTEERING,2427,544326.256,00000000,0000,797;2427,544326.256062000,1b0300c0,1163367,292821,-518436,-22838,3602,-12792*eb6c352c
#INSPVAXA,ICOM3,0,94.3,FINESTEERING,2427,544326.270,00000000,0100,797;WAITING_AZIMUTH,NONE,0.00000000000,0.00000000000,0.0000,0.0000,0.0000,0.0000,0.0000,0.000000000,0.000000000,-0.000000000,0.0000,0.0000,0.0000,0.0000,0.0000,0.0000,0.0000,0.0000,0.0000,00000000,544327*bf830516
#RAWIMUA,ICOM3,0,94.3,FINESTEERING,2427,544326.266,00000000,0000,797;2427,544326.266055000,1b0500c1,1164493,291892,-519312,-19560,938,-20947*b08b2378
#INSPVAXA,ICOM3,0,94.3,FINESTEERING,2427,544326.280,00000000,010a,797;WAITING_AZIMUTH,NONE,0.00000000000,0.00000000000,0.0000,0.0000,0.0000,0.0000,0.0000,0.000000000,0.000000000,-0.000000000,0.0000,0.0000,0.0000,0.0000,0.0000,0.0000,0.0000,0.0000,0.0000,00000000,544327*0cfbf81e
#RAWIMUA,ICOM3,0,94.3,FINESTEERING,2427,544326.276,00000000,0000,797;2427,544326.276048000,1b0100c2,1164428,292251,-519382,-19560,9693,-14471*745e8764
#INSPVAXA,ICOM3,0,94.3,FINESTEERING,2427,544326.290,00000000,0114,797;WAITING_AZIMUTH,NONE,0.00000000000,0.00000000000,0.0000,0.0000,0.0000,0.0000,0.0000,0.000000000,0.000000000,-0.000000000,0.0000,0.0000,0.0000,0.0000,0.0000,0.0000,0.0000,0.0000,0.0000,00000000,544327*ea843ee6
#RAWIMUA,ICOM3,0,94.3,FINESTEERING,2427,544326.286,00000000,0000,797;2427,544326.286041000,1afd00c3,1163101,291811,-518030,-17527,-3636,-5922*bea363de
#INSPVAXA,ICOM3,0,94.3,FINESTEERING,2427,544326.300,00000000,011e,797;WAITING_AZIMUTH,NONE,0.00000000000,0.00000000000,0.0000,0.0000,0.0000,0.0000,0.0000,0.000000000,0.000000000,-0.000000000,0.0000,0.0000,0.0000,0.0000,0.0000,0.0000,0.0000,0.0000,0.0000,00000000,544327*ff910272
#RAWIMUA,ICOM3,0,94.3,FINESTEERING,2427,544326.296,00000000,0000,797;2427,544326.296063000,1b0000c4,1165087,293229,-519656,-22969,771,-10013*ab1da956
#INSPVAXA,ICOM3,0,94.3,FINESTEERING,2427,544326.310,00000000,0128,797;WAITING_AZIMUTH,NONE,0.00000000000,0.00000000000,0.0000,0.0000,0.0000,0.0000,0.0000,0.000000000,0.000000000,-0.000000000,0.0000,0.0000,0.0000,0.0000,0.0000,0.0000,0.0000,0.0000,0.0000,00000000,544327*54431bef
#RAWIMUA,ICOM3,0,94.3,FINESTEERING,2427,544326.306,00000000,0000,797;2427,544326.306098000,1b0100c5,1163321,291031,-520253,-20773,48,-18850*b8d4947e
#INSPVAXA,ICOM3,0,94.3,FINESTEERING,2427,544326.320,00000000,0132,797;WAITING_AZIMUTH,NONE,0.00000000000,0.00000000000,0.0000,0.0000,0.0000,0.0000,0.0000,0.000000000,0.000000000,-0.000000000,0.0000,0.0000,0.0000,0.0000,0.0000,0.0000,0.0000,0.0000,0.0000,00000000,544327*f8d5d49c
#RAWIMUA,ICOM3,0,94.3,FINESTEERING,2427,544326.316,00000000,0000,797;2427,544326.316111000,1aff00c6,1163711,292476,-519876,-12412,7362,-10666*1c8e7935
#INSPVAXA,ICOM3,0,94.3,FINESTEERING,2427,544326.330,00000000,013c,797;WAITING_AZIMUTH,NONE,0.00000000000,0.00000000000,0.0000,0.0000,0.0000,0.0000,0.0000,0.000000000,0.000000000,-0.000000000,0.0000,0.0000,0.0000,0.0000,0.0000,0.0000,0.0000,0.0000,0.0000,00000000,544327*d5c47ef6
#RAWIMUA,ICOM3,0,94.3,FINESTEERING,2427,544326.326,00000000,0000,797;2427,544326.326045000,1aff00c7,1163770,292353,-519218,-20248,-1400,-16491*12ec1468
#INSPVAXA,ICOM3,0,94.3,FINESTEERING,2427,544326.340,00000000,0146,797;WAITING_AZIMUTH,NONE,0.00000000000,0.00000000000,0.0000,0.0000,0.0000,0.0000,0.0000,0.000000000,0.000000000,-0.000000000,0.0000,0.0000,0.0000,0.0000,0.0000,0.0000,0.0000,0.0000,0.0000,00000000,544327*36437b24
#RAWIMUA,ICOM3,0,94.3,FINESTEERING,2427,544326.336,00000000,0000,797;2427,544326.336065000,1afd00c8,1164058,292982,-518570,-20805,-281,-9786*900225bc
#INSPVAXA,ICOM3,0,94.3,FINESTEERING,2427,544326.350,00000000,0150,797;WAITING_AZIMUTH,NONE,0.00000000000,0.00000000000,0.0000,0.0000,0.0000,0.0000,0.0000,0.000000000,0.000000000,-0.000000000,0.0000,0.0000,0.0000,0.0000,0.0000,0.0000,0.0000,0.0000,0.0000,00000000,544327*c8d03093
#RAWIMUA,ICOM3,0,94.3,FINESTEERING,2427,544326.346,00000000,0000,797;2427,544326.346057000,1afd00c9,1163828,292656,-518500,-10478,-6955,-20253*c511fa69
#INSPVAXA,ICOM3,0,94.3,FINESTEERING,2427,544326.360,00000000,015a,797;WAITING_AZIMUTH,NONE,0.00000000000,0.00000000000,0.0000,0.0000,0.0000,0.0000,0.0000,0.000000000,0.000000000,-0.000000000,0.0000,0.0000,0.0000,0.0000,0.0000,0.0000,0.0000,0.0000,0.0000,00000000,544327*92c431f4
#RAWIMUA,ICOM3,0,94.3,FINESTEERING,2427,544326.356,00000000,0000,797;2427,544326.356050000,1b0000ca,1163736,291568,-519111,-18773,182,-22034*462916d3
#INSPVAXA,ICOM3,0,94.3,FINESTEERING,2427,544326.370,00000000,0164,797;WAITING_AZIMUTH,NONE,0.00000000000,0.00000000000,0.0000,0.0000,0.0000,0.0000,0.0000,0.000000000,0.000000000,-0.000000000,0.0000,0.0000,0.0000,0.0000,0.0000,0.0000,0.0000,0.0000,0.0000,00000000,544327*00e9e2e7
#RAWIMUA,ICOM3,0,94.3,FINESTEERING,2427,544326.366,00000000,0000,797;2427,544326.366042000,1b0300cb,1162750,291440,-518977,-25527,-4531,-5571*a9927a17
#INSPVAXA,ICOM3,0,94.3,FINESTEERING,2427,544326.380,00000000,016e,797;WAITING_AZIMUTH,NONE,0.00000000000,0.00000000000,0.0000,0.0000,0.0000,0.0000,0.0000,0.000000000,0.000000000,-0.000000000,0.0000,0.0000,0.0000,0.0000,0.0000,0.0000,0.0000,0.0000,0.0000,00000000,544327*b3911fef
#RAWIMUA,ICOM3,0,94.3,FINESTEERING,2427,544326.376,00000000,0000,797;2427,544326.376065000,1b0100cc,1162774,293937,-518317,-23395,2614,-13716*618991d0
#INSPVAXA,ICOM3,0,94.3,FINESTEERING,2427,544326.390,00000000,0178,797;WAITING_AZIMUTH,NONE,0.00000000000,0.00000000000,0.0000,0.0000,0.0000,0.0000,0.0000,0.000000000,0.000000000,-0.000000000,0.0000,0.0000,0.0000,0.0000,0.0000,0.0000,0.0000,0.0000,0.0000,00000000,544327*6c111399
#RAWIMUA,ICOM3,0,94.3,FINESTEERING,2427,544326.386,00000000,0000,797;2427,544326.386057000,1afd00cd,1162753,292221,-519380,-19363,181,-9487*4461a0e2
#INSPVAXA,ICOM3,0,94.3,FINESTEERING,2427,544326.400,00000000,0182,797;WAITING_AZIMUTH,NONE,0.00000000000,0.00000000000,0.0000,0.0000,0.0000,0.0000,0.0000,0.000000000,0.000000000,-0.000000000,0.0000,0.0000,0.0000,0.0000,0.0000,0.0000,0.0000,0.0000,0.0000,00000000,544327*9a0305f3
#RAWIMUA,ICOM3,0,94.3,FINESTEERING,2427,544326.396,00000000,0000,797;2427,544326.396049000,1afe00ce,1162597,291590,-520160,-17855,-11667,-16305*454d7d13
#INSPVAXA,ICOM3,0,94.3,FINESTEERING,2427,544326.410,00000000,018c,797;WAITING_AZIMUTH,NONE,0.00000000000,0.00000000000,0.0000,0.0000,0.0000,0.0000,0.0000,0.000000000,0.000000000,-0.000000000,0.0000,0.0000,0.0000,0.0000,0.0000,0.0000,0.0000,0.0000,0.0000,00000000,544327*b712af99
#RAWIMUA,ICOM3,0,94.3,FINESTEERING,2427,544326.406,00000000,0000,797;2427,544326.406056000,1afd00cf,1162717,292716,-519091,-23264,310,-4332*69d0a230
#INSPVAXA,ICOM3,0,94.3,FINESTEERING,2427,544326.420,00000000,0196,797;WAITING_AZIMUTH,NONE,0.00000000000,0.00000000000,0.0000,0.0000,0.0000,0.0000,0.0000,0.000000000,0.000000000,-0.000000000,0.0000,0.0000,0.0000,0.0000,0.0000,0.0000,0.0000,0.0000,0.0000,00000000,544327*2668c26c
#RAWIMUA,ICOM3,0,94.3,FINESTEERING,2427,544326.416,00000000,0000,797;2427,544326.416123000,1afe00d0,1163348,292609,-519779,-22838,178,-13858*569c1a53
$GPGGA,071148.40,3109.8268588,N,12127.2280448,E,4,34,0.7,6.090,M,11.031,M,1.400,1793*41
#BESTGNSSPOSA,ICOM3,0,94.3,FINESTEERING,2427,544326.400,03e1c002,0000,797;SOL_COMPUTED,NARROW_INT,31.16378097971,121.45380074672,6.0898,11.0314,WGS84,0.0172,0.0160,0.0286,"1793",1.400,0.014,37,34,34,34,00,00,30,37*0eec872c
#HEADINGA,ICOM3,0,94.3,FINESTEERING,2427,544326.400,00000000,0000,797;SOL_COMPUTED,NONE,0.000000000,0.000000000,0.000000000,0.0,0.000000000,0.000000000,"1793",0,0,0,0,0,00,30,37*27f5f317
$GPGSV,2,1,05,12,18,142,24,18,50,220,43,20,15,066,38,24,69,049,44*76
$GPGSV,2,2,05,32,10,270,39,,,,,,,,,,,,*43
$GLGSV,3,1,09,70,18,070,44,72,22,303,41,73,48,103,47,74,24,161,35*6B
$GLGSV,3,2,09,85,05,190,39,86,39,247,47,87,33,298,44,90,00,000,36*61
$GLGSV,3,3,09,91,00,000,36,,,,,,,,,,,,*51
$GAGSV,2,1,06,03,24,264,46,05,63,319,30,11,09,161,39,31,13,075,40*61
$GAGSV,2,2,06,34,54,291,43,36,51,190,48,,,,,,,,*60
$GQGSV,1,1,02,03,44,169,44,07,53,169,39,,,,,,,,*72
$GBGSV,4,1,15,01,48,147,49,02,35,242,46,03,55,202,48,04,37,120,42*60
$GBGSV,4,2,15,06,69,040,45,07,57,190,48,10,46,191,45,11,24,271,44*6D
$GBGSV,4,3,15,12,11,294,45,20,28,304,44,23,49,089,49,27,00,000,29*64
$GBGSV,4,4,15,30,24,240,41,37,38,167,47,41,24,084,47,,,,*59
$GPGSA,M,3,12,18,20,24,32,,,,,,,,1.4,0.7,1.2,1*2D
#INSPVAXA,ICOM3,0,94.3,FINESTEERING,2427,544326.430,00000000,01a0,797;WAITING_AZIMUTH,NONE,0.00000000000,0.00000000000,0.0000,0.0000,0.0000,0.0000,0.0000,0.000000000,0.000000000,-0.000000000,0.0000,0.0000,0.0000,0.0000,0.0000,0.0000,0.0000,0.0000,0.0000,00000000,544327*40eb7d51
#RAWIMUA,ICOM3,0,94.3,FINESTEERING,2427,544326.426,00000000,0000,797;2427,544326.426060000,1b0300d1,1163876,291296,-519895,-18379,774,-8137*0bf21d59
#INSPVAXA,ICOM3,0,94.3,FINESTEERING,2427,544326.440,00000000,01aa,797;WAITING_AZIMUTH,NONE,0.00000000000,0.00000000000,0.0000,0.0000,0.0000,0.0000,0.0000,0.000000000,0.000000000,-0.000000000,0.0000,0.0000,0.0000,0.0000,0.0000,0.0000,0.0000,0.0000,0.0000,00000000,544327*f4f42a2c
#RAWIMUA,ICOM3,0,94.3,FINESTEERING,2427,544326.436,00000000,0000,797;2427,544326.436051000,1b0300d2,1162937,292171,-518067,-17330,-6499,-14376*1e03ab1e
#INSPVAXA,ICOM3,0,94.3,FINESTEERING,2427,544326.450,00000000,01b4,797;WAITING_AZIMUTH,NONE,0.00000000000,0.00000000000,0.0000,0.0000,0.0000,0.0000,0.0000,0.000000000,0.000000000,-0.000000000,0.0000,0.0000,0.0000,0.0000,0.0000,0.0000,0.0000,0.0000,0.0000,00000000,544327*66d9f93f
#RAWIMUA,ICOM3,0,94.3,FINESTEERING,2427,544326.446,00000000,0000,797;2427,544326.446041000,1b0100d3,1163426,291384,-520913,-15920,5681,-14716*5270857d
#INSPVAXA,ICOM3,0,94.3,FINESTEERING,2427,544326.460,00000000,01be,797;WAITING_AZIMUTH,NONE,0.00000000000,0.00000000000,0.0000,0.0000,0.0000,0.0000,0.0000,0.000000000,0.000000000,-0.000000000,0.0000,0.0000,0.0000,0.0000,0.0000,0.0000,0.0000,0.0000,0.0000,00000000,544327*3ccdf858
#RAWIMUA,ICOM3,0,94.3,FINESTEERING,2427,544326.456,00000000,0000,797;2427,544326.456034000,1aff00d4,1162814,293437,-519001,-11757,1273,-13911*b213ed95
#INSPVAXA,ICOM3,0,94.3,FINESTEERING,2427,544326.470,00000000,01c8,797;WAITING_AZIMUTH,NONE,0.00000000000,0.00000000000,0.0000,0.0000,0.0000,0.0000,0.0000,0.000000000,0.000000000,-0.000000000,0.0000,0.0000,0.0000,0.0000,0.0000,0.0000,0.0000,0.0000,0.0000,00000000,544327*e34df42e
#RAWIMUA,ICOM3,0,94.3,FINESTEERING,2427,544326.466,00000000,0000,797;2427,544326.466058000,1b0100d5,1164977,293309,-518509,-20674,-4823,-19003*58e99019
#INSPVAXA,ICOM3,0,94.3,FINESTEERING,2427,544326.480,00000000,01d2,797;WAITING_AZIMUTH,NONE,0.00000000000,0.00000000000,0.0000,0.0000,0.0000,0.0000,0.0000,0.000000000,0.000000000,-0.000000000,0.0000,0.0000,0.0000,0.0000,0.0000,0.0000,0.0000,0.0000,0.0000,00000000,544327*3a41f90f
#RAWIMUA,ICOM3,0,94.3,FINESTEERING,2427,544326.476,00000000,0000,797;2427,544326.476050000,1afc00d6,1164236,291395,-519831,-21658,2648,-14503*ecb9cb6c
#INSPVAXA,ICOM3,0,94.3,FINESTEERING,2427,544326.490,00000000,01dc,797;WAITING_AZIMUTH,NONE,0.00000000000,0.00000000000,0.0000,0.0000,0.0000,0.0000,0.0000,0.000000000,0.000000000,-0.000000000,0.0000,0.0000,0.0000,0.0000,0.0000,0.0000,0.0000,0.0000,0.0000,00000000,544327*17505365
#RAWIMUA,ICOM3,0,94.3,FINESTEERING,2427,544326.486,00000000,0000,797;2427,544326.486042000,1afd00d7,1162864,292698,-520600,-11822,-142,-16512*5e26fb4d
#INSPVAXA,ICOM3,0,94.3,FINESTEERING,2427,544326.500,00000000,01e6,797;WAITING_AZIMUTH,NONE,0.00000000000,0.00000000000,0.0000,0.0000,0.0000,0.0000,0.0000,0.000000000,0.000000000,-0.000000000,0.0000,0.0000,0.0000,0.0000,0.0000,0.0000,0.0000,0.0000,0.0000,00000000,544327*c92b0363
#RAWIMUA,ICOM3,0,94.3,FINESTEERING,2427,544326.496,00000000,0000,797;2427,544326.496036000,1afd00d8,1161993,293013,-518995,-25527,-1173,-11140*f965d462
#INSPVAXA,ICOM3,0,94.3,FINESTEERING,2427,544326.510,00000000,01f0,797;WAITING_AZIMUTH,NONE,0.00000000000,0.00000000000,0.0000,0.0000,0.0000,0.0000,0.0000,0.000000000,0.000000000,-0.000000000,0.0000,0.0000,0.0000,0.0000,0.0000,0.0000,0.0000,0.0000,0.0000,00000000,544327*43ea5d3f
#RAWIMUA,ICOM3,0,94.3,FINESTEERING,2427,544326.506,00000000,0000,797;2427,544326.506094000,1afd00d9,1164745,290890,-518120,-21002,-2157,-18268*dde4c1fb
#INSPVAXA,ICOM3,0,94.3,FINESTEERING,2427,544326.520,00000000,01fa,797;WAITING_AZIMUTH,NONE,0.00000000000,0.00000000000,0.0000,0.0000,0.0000,0.0000,0.0000,0.000000000,0.000000000,-0.000000000,0.0000,0.0000,0.0000,0.0000,0.0000,0.0000,0.0000,0.0000,0.0000,00000000,544327*19fe5c58
#RAWIMUA,ICOM3,0,94.3,FINESTEERING,2427,544326.516,00000000,0000,797;2427,544326.516101000,1afe00da,1163340,291571,-518881,-19330,3571,-20245*c3f87eb6
#INSPVAXA,ICOM3,0,94.3,FINESTEERING,2427,544326.530,00000000,0204,797;WAITING_AZIMUTH,NONE,0.00000000000,0.00000000000,0.0000,0.0000,0.0000,0.0000,0.0000,0.000000000,0.000000000,-0.000000000,0.0000,0.0000,0.0000,0.0000,0.0000,0.0000,0.0000,0.0000,0.0000,00000000,544327*309cdfcd
#RAWIMUA,ICOM3,0,94.3,FINESTEERING,2427,544326.526,00000000,0000,797;2427,544326.526047000,1afa00db,1163015,291829,-519310,-18510,83,-13855*31962601
#INSPVAXA,ICOM3,0,94.3,FINESTEERING,2427,544326.540,00000000,020e,797;WAITING_AZIMUTH,NONE,0.00000000000,0.00000000000,0.0000,0.0000,0.0000,0.0000,0.0000,0.000000000,0.000000000,-0.000000000,0.0000,0.0000,0.0000,0.0000,0.0000,0.0000,0.0000,0.0000,0.0000,00000000,544327*848388b0
#RAWIMUA,ICOM3,0,94.3,FINESTEERING,2427,544326.536,00000000,0000,797;2427,544326.536037000,1afc00dc,1164890,291692,-519507,-19625,-2814,-11898*d88358c1
#INSPVAXA,ICOM3,0,94.3,FINESTEERING,2427,544326.550,00000000,0218,797;WAITING_AZIMUTH,NONE,0.00000000000,0.00000000000,0.0000,0.0000,0.0000,0.0000,0.0000,0.000000000,0.000000000,-0.000000000,0.0000,0.0000,0.0000,0.0000,0.0000,0.0000,0.0000,0.0000,0.0000,00000000,544327*5b0384c6
#RAWIMUA,ICOM3,0,94.3,FINESTEERING,2427,544326.546,00000000,0000,797;2427,544326.546060000,1b0100dd,1163981,290994,-520515,-19035,-707,-12578*38828bd4
#INSPVAXA,ICOM3,0,94.3,FINESTEERING,2427,544326.560,00000000,0222,797;WAITING_AZIMUTH,NONE,0.00000000000,0.00000000000,0.0000,0.0000,0.0000,0.0000,0.0000,0.000000000,0.000000000,-0.000000000,0.0000,0.0000,0.0000,0.0000,0.0000,0.0000,0.0000,0.0000,0.0000,00000000,544327*83c75e5e
#RAWIMUA,ICOM3,0,94.3,FINESTEERING,2427,544326.556,00000000,0000,797;2427,544326.556053000,1b0200de,1163826,292233,-518266,-21133,2221,-24391*c3685d3c
#INSPVAXA,ICOM3,0,94.3,FINESTEERING,2427,544326.570,00000000,022c,797;WAITING_AZIMUTH,NONE,0.00000000000,0.00000000000,0.0000,0.0000,0.0000,0.0000,0.0000,0.000000000,0.000000000,-0.000000000,0.0000,0.0000,0.0000,0.0000,0.0000,0.0000,0.0000,0.0000,0.0000,00000000,544327*aed6f434
#RAWIMUA,ICOM3,0,94.3,FINESTEERING,2427,544326.566,00000000,0000,797;2427,544326.566045000,1b0200df,1162656,292220,-519544,-22018,3405,-16077*f2d4b6bb
#INSPVAXA,ICOM3,0,94.3,FINESTEERING,2427,544326.580,00000000,0236,797;WAITING_AZIMUTH,NONE,0.00000000000,0.00000000000,0.0000,0.0000,0.0000,0.0000,0.0000,0.000000000,0.000000000,-0.000000000,0.0000,0.0000,0.0000,0.0000,0.0000,0.0000,0.0000,0.0000,0.0000,00000000,544327*d6c065ae
#RAWIMUA,ICOM3,0,94.3,FINESTEERING,2427,544326.576,00000000,0000,797;2427,544326.576038000,1b0400e0,1163685,290897,-520448,-21723,9231,-18613*1ba33e96
#INSPVAXA,ICOM3,0,94.3,FINESTEERING,2427,544326.590,00000000,0240,797;WAITING_AZIMUTH,NONE,0.00000000000,0.00000000000,0.0000,0.0000,0.0000,0.0000,0.0000,0.000000000,0.000000000,-0.000000000,0.0000,0.0000,0.0000,0.0000,0.0000,0.0000,0.0000,0.0000,0.0000,00000000,544327*b4a51024
#RAWIMUA,ICOM3,0,94.3,FINESTEERING,2427,544326.586,00000000,0000,797;2427,544326.586031000,1b0500e1,1163072,291250,-518385,-20707,5743,-14719*121442be
#INSPVAXA,ICOM3,0,94.3,FINESTEERING,2427,544326.600,00000000,024a,797;WAITING_AZIMUTH,NONE,0.00000000000,0.00000000000,0.0000,0.0000,0.0000,0.0000,0.0000,0.000000000,0.000000000,-0.000000000,0.0000,0.0000,0.0000,0.0000,0.0000,0.0000,0.0000,0.0000,0.0000,00000000,544327*df7655a6
#RAWIMUA,ICOM3,0,94.3,FINESTEERING,2427,544326.596,00000000,0000,797;2427,544326.596062000,1b0200e2,1164095,292224,-518922,-16183,-8704,-8834*63ade05f
#INSPVAXA,ICOM3,0,94.3,FINESTEERING,2427,544326.610,00000000,0254,797;WAITING_AZIMUTH,NONE,0.00000000000,0.00000000000,0.0000,0.0000,0.0000,0.0000,0.0000,0.000000000,0.000000000,-0.000000000,0.0000,0.0000,0.0000,0.0000,0.0000,0.0000,0.0000,0.0000,0.0000,00000000,544327*3909935e
#RAWIMUA,ICOM3,0,94.3,FINESTEERING,2427,544326.606,00000000,0000,797;2427,544326.606072000,1afd00e3,1164982,290947,-518809,-18314,50,-17731*8582ad49
#INSPVAXA,ICOM3,0,94.3,FINESTEERING,2427,544326.620,00000000,025e,797;WAITING_AZIMUTH,NONE,0.00000000000,0.00000000000,0.0000,0.0000,0.0000,0.0000,0.0000,0.000000000,0.000000000,-0.000000000,0.0000,0.0000,0.0000,0.0000,0.0000,0.0000,0.0000,0.0000,0.0000,00000000,544327*631d9239
#RAWIMUA,ICOM3,0,94.3,FINESTEERING,2427,544326.616,00000000,0000,797;2427,544326.616071000,1afa00e4,1163009,292229,-518659,-17953,1861,-18248*5adadbfd
$GPGGA,071148.60,3109.8268582,N,12127.2280448,E,4,34,0.7,6.094,M,11.031,M,1.600,1793*4F
#INSPVAXA,ICOM3,0,94.3,FINESTEERING,2427,544326.630,00000000,0268,797;WAITING_AZIMUTH,NONE,0.00000000000,0.00000000000,0.0000,0.0000,0.0000,0.0000,0.0000,0.000000000,0.000000000,-0.000000000,0.0000,0.0000,0.0000,0.0000,0.0000,0.0000,0.0000,0.0000,0.0000,00000000,544327*c8cf8ba4
#BESTGNSSPOSA,ICOM3,0,94.3,FINESTEERING,2427,544326.600,03e1c002,0000,797;SOL_COMPUTED,NARROW_INT,31.16378097031,121.45380074698,6.0941,11.0314,WGS84,0.0177,0.0164,0.0291,"1793",1.600,0.017,37,34,34,34,00,00,30,37*9bb533db
#HEADINGA,ICOM3,0,94.3,FINESTEERING,2427,544326.600,00000000,0000,797;SOL_COMPUTED,NONE,0.000000000,0.000000000,0.000000000,0.0,0.000000000,0.000000000,"1793",0,0,0,0,0,00,30,37*8343c890
$GPGSV,2,1,05,12,18,142,24,18,50,220,43,20,15,066,38,24,69,049,44*76
$GPGSV,2,2,05,32,10,270,39,,,,,,,,,,,,*43
$GLGSV,3,1,09,70,18,070,44,72,22,303,41,73,48,103,47,74,24,161,35*6B
$GLGSV,3,2,09,85,05,190,39,86,39,247,47,87,33,298,44,90,00,000,36*61
$GLGSV,3,3,09,91,00,000,36,,,,,,,,,,,,*51
$GAGSV,2,1,06,03,24,264,46,05,63,319,31,11,09,161,39,31,13,075,40*60
$GAGSV,2,2,06,34,54,291,43,36,51,190,48,,,,,,,,*60
$GQGSV,1,1,02,03,44,169,44,07,53,169,39,,,,,,,,*72
$GBGSV,4,1,15,01,48,147,49,02,35,242,46,03,55,202,48,04,37,120,42*60
$GBGSV,4,2,15,06,69,040,45,07,57,190,48,10,46,191,45,11,24,271,44*6D
$GBGSV,4,3,15,12,11,294,45,20,28,304,44,23,49,089,49,27,00,000,29*64
$GBGSV,4,4,15,30,24,240,41,37,38,167,47,41,24,084,47,,,,*59
$GPGSA,M,3,12,18,20,24,32,,,,,,,,1.4,0.7,1.2,1*2D
#RAWIMUA,ICOM3,0,94.3,FINESTEERING,2427,544326.626,00000000,0000,797;2427,544326.626049000,1afe00e5,1163209,292520,-518957,-23887,2646,-12764*d93fe6eb
#INSPVAXA,ICOM3,0,94.3,FINESTEERING,2427,544326.640,00000000,0272,797;WAITING_AZIMUTH,NONE,0.00000000000,0.00000000000,0.0000,0.0000,0.0000,0.0000,0.0000,0.000000000,0.000000000,-0.000000000,0.0000,0.0000,0.0000,0.0000,0.0000,0.0000,0.0000,0.0000,0.0000,00000000,544327*8a5212cd
#RAWIMUA,ICOM3,0,94.3,FINESTEERING,2427,544326.636,00000000,0000,797;2427,544326.636057000,1b0000e6,1163905,290974,-519498,-24379,704,-18751*489b946f
#INSPVAXA,ICOM3,0,94.3,FINESTEERING,2427,544326.650,00000000,027c,797;WAITING_AZIMUTH,NONE,0.00000000000,0.00000000000,0.0000,0.0000,0.0000,0.0000,0.0000,0.000000000,0.000000000,-0.000000000,0.0000,0.0000,0.0000,0.0000,0.0000,0.0000,0.0000,0.0000,0.0000,00000000,544327*a743b8a7
#RAWIMUA,ICOM3,0,94.3,FINESTEERING,2427,544326.646,00000000,0000,797;2427,544326.646049000,1b0000e7,1162167,291988,-519836,-19035,478,-10142*7e10699c
#INSPVAXA,ICOM3,0,94.3,FINESTEERING,2427,544326.660,00000000,0286,797;WAITING_AZIMUTH,NONE,0.00000000000,0.00000000000,0.0000,0.0000,0.0000,0.0000,0.0000,0.000000000,0.000000000,-0.000000000,0.0000,0.0000,0.0000,0.0000,0.0000,0.0000,0.0000,0.0000,0.0000,00000000,544327*a0f6ba82
#RAWIMUA,ICOM3,0,94.3,FINESTEERING,2427,544326.656,00000000,0000,797;2427,544326.656042000,1afd00e8,1161231,291288,-518187,-22117,-4363,-13483*3b4bb0bf
#INSPVAXA,ICOM3,0,94.3,FINESTEERING,2427,544326.670,00000000,0290,797;WAITING_AZIMUTH,NONE,0.00000000000,0.00000000000,0.0000,0.0000,0.0000,0.0000,0.0000,0.000000000,0.000000000,-0.000000000,0.0000,0.0000,0.0000,0.0000,0.0000,0.0000,0.0000,0.0000,0.0000,00000000,544327*5e65f135
#RAWIMUA,ICOM3,0,94.3,FINESTEERING,2427,544326.666,00000000,0000,797;2427,544326.666034000,1afe00e9,1164690,293561,-519364,-14609,2127,-17457*d01b21b1
#INSPVAXA,ICOM3,0,94.3,FINESTEERING,2427,544326.680,00000000,029a,797;WAITING_AZIMUTH,NONE,0.00000000000,0.00000000000,0.0000,0.0000,0.0000,0.0000,0.0000,0.000000000,0.000000000,-0.000000000,0.0000,0.0000,0.0000,0.0000,0.0000,0.0000,0.0000,0.0000,0.0000,00000000,544327*ed1d0c3d
#RAWIMUA,ICOM3,0,94.3,FINESTEERING,2427,544326.676,00000000,0000,797;2427,544326.676029000,1afd00ea,1163935,293823,-519465,-21199,1793,-13160*ecb60e5f
#INSPVAXA,ICOM3,0,94.3,FINESTEERING,2427,544326.690,00000000,02a4,797;WAITING_AZIMUTH,NONE,0.00000000000,0.00000000000,0.0000,0.0000,0.0000,0.0000,0.0000,0.000000000,0.000000000,-0.000000000,0.0000,0.0000,0.0000,0.0000,0.0000,0.0000,0.0000,0.0000,0.0000,00000000,544327*93723e4f
#RAWIMUA,ICOM3,0,94.3,FINESTEERING,2427,544326.686,00000000,0000,797;2427,544326.686052000,1afe00eb,1163611,292379,-519809,-14806,-1395,-20264*427d153d
#INSPVAXA,ICOM3,0,94.3,FINESTEERING,2427,544326.700,00000000,02ae,797;WAITING_AZIMUTH,NONE,0.00000000000,0.00000000000,0.0000,0.0000,0.0000,0.0000,0.0000,0.000000000,0.000000000,-0.000000000,0.0000,0.0000,0.0000,0.0000,0.0000,0.0000,0.0000,0.0000,0.0000,00000000,544327*866702db
#RAWIMUA,ICOM3,0,94.3,FINESTEERING,2427,544326.696,00000000,0000,797;2427,544326.696043000,1b0000ec,1162134,291988,-519836,-24576,4291,-6976*b2ce7ad7
#INSPVAXA,ICOM3,0,94.3,FINESTEERING,2427,544326.710,00000000,02b8,797;WAITING_AZIMUTH,NONE,0.00000000000,0.00000000000,0.0000,0.0000,0.0000,0.0000,0.0000,0.000000000,0.000000000,-0.000000000,0.0000,0.0000,0.0000,0.0000,0.0000,0.0000,0.0000,0.0000,0.0000,00000000,544327*2db51b46
#RAWIMUA,ICOM3,0,94.3,FINESTEERING,2427,544326.706,00000000,0000,797;2427,544326.706059000,1aff00ed,1162987,293656,-519889,-17986,-2089,-12682*e0796d36
#INSPVAXA,ICOM3,0,94.3,FINESTEERING,2427,544326.720,00000000,02c2,797;WAITING_AZIMUTH,NONE,0.00000000000,0.00000000000,0.0000,0.0000,0.0000,0.0000,0.0000,0.000000000,0.000000000,-0.000000000,0.0000,0.0000,0.0000,0.0000,0.0000,0.0000,0.0000,0.0000,0.0000,00000000,544327*8123d435
#RAWIMUA,ICOM3,0,94.3,FINESTEERING,2427,544326.716,00000000,0000,797;2427,544326.716087000,1afe00ee,1162625,292381,-519710,-13560,-1065,-21773*a83be268
#INSPVAXA,ICOM3,0,94.3,FINESTEERING,2427,544326.730,00000000,02cc,797;WAITING_AZIMUTH,NONE,0.00000000000,0.00000000000,0.0000,0.0000,0.0000,0.0000,0.0000,0.000000000,0.000000000,-0.000000000,0.0000,0.0000,0.0000,0.0000,0.0000,0.0000,0.0000,0.0000,0.0000,00000000,544327*ac327e5f
#RAWIMUA,ICOM3,0,94.3,FINESTEERING,2427,544326.726,00000000,0000,797;2427,544326.726052000,1afc00ef,1163179,292582,-519286,-22182,1232,-16185*a17ccba7
#INSPVAXA,ICOM3,0,94.3,FINESTEERING,2427,544326.740,00000000,02d6,797;WAITING_AZIMUTH,NONE,0.00000000000,0.00000000000,0.0000,0.0000,0.0000,0.0000,0.0000,0.000000000,0.000000000,-0.000000000,0.0000,0.0000,0.0000,0.0000,0.0000,0.0000,0.0000,0.0000,0.0000,00000000,544327*4fb57b8d
#RAWIMUA,ICOM3,0,94.3,FINESTEERING,2427,544326.736,00000000,0000,797;2427,544326.736043000,1afb00f0,1164726,291659,-519572,-22313,-7721,-15732*2fc3362a
#INSPVAXA,ICOM3,0,94.3,FINESTEERING,2427,544326.750,00000000,02e0,797;WAITING_AZIMUTH,NONE,0.00000000000,0.00000000000,0.0000,0.0000,0.0000,0.0000,0.0000,0.000000000,0.000000000,-0.000000000,0.0000,0.0000,0.0000,0.0000,0.0000,0.0000,0.0000,0.0000,0.0000,00000000,544327*b126303a
#RAWIMUA,ICOM3,0,94.3,FINESTEERING,2427,544326.746,00000000,0000,797;2427,544326.746037000,1afe00f1,1163842,292574,-519910,-18969,-2649,-21225*d5440b7e
#INSPVAXA,ICOM3,0,94.3,FINESTEERING,2427,544326.760,00000000,02ea,797;WAITING_AZIMUTH,NONE,0.00000000000,0.00000000000,0.0000,0.0000,0.0000,0.0000,0.0000,0.000000000,0.000000000,-0.000000000,0.0000,0.0000,0.0000,0.0000,0.0000,0.0000,0.0000,0.0000,0.0000,00000000,544327*eb32315d
#RAWIMUA,ICOM3,0,94.3,FINESTEERING,2427,544326.756,00000000,0000,797;2427,544326.756028000,1b0100f2,1164010,292700,-520305,-15658,-4457,-14235*e04ac69c
#INSPVAXA,ICOM3,0,94.3,FINESTEERING,2427,544326.770,00000000,02f4,797;WAITING_AZIMUTH,NONE,0.00000000000,0.00000000000,0.0000,0.0000,0.0000,0.0000,0.0000,0.000000000,0.000000000,-0.000000000,0.0000,0.0000,0.0000,0.0000,0.0000,0.0000,0.0000,0.0000,0.0000,00000000,544327*791fe24e
#RAWIMUA,ICOM3,0,94.3,FINESTEERING,2427,544326.766,00000000,0000,797;2427,544326.766051000,1b0100f3,1163441,290946,-519136,-24445,8604,-13231*62d04bc2
#INSPVAXA,ICOM3,0,94.3,FINESTEERING,2427,544326.780,00000000,02fe,797;WAITING_AZIMUTH,NONE,0.00000000000,0.00000000000,0.0000,0.0000,0.0000,0.0000,0.0000,0.000000000,0.000000000,-0.000000000,0.0000,0.0000,0.0000,0.0000,0.0000,0.0000,0.0000,0.0000,0.0000,00000000,544327*ca671f46
#RAWIMUA,ICOM3,0,94.3,FINESTEERING,2427,544326.776,00000000,0000,797;2427,544326.776044000,1afb00f4,1162794,292048,-520198,-15592,-6366,-17133*5b553949
#INSPVAXA,ICOM3,0,94.3,FINESTEERING,2427,544326.790,00000000,0308,797;WAITING_AZIMUTH,NONE,0.00000000000,0.00000000000,0.0000,0.0000,0.0000,0.0000,0.0000,0.000000000,0.000000000,-0.000000000,0.0000,0.0000,0.0000,0.0000,0.0000,0.0000,0.0000,0.0000,0.0000,00000000,544327*ed563fb8
#RAWIMUA,ICOM3,0,94.3,FINESTEERING,2427,544326.786,00000000,0000,797;2427,544326.786037000,1afc00f5,1164615,291608,-518325,-22346,1858,-13883*2ab7911d
#INSPVAXA,ICOM3,0,94.3,FINESTEERING,2427,544326.800,00000000,0312,797;WAITING_AZIMUTH,NONE,0.00000000000,0.00000000000,0.0000,0.0000,0.0000,0.0000,0.0000,0.000000000,0.000000000,-0.000000000,0.0000,0.0000,0.0000,0.0000,0.0000,0.0000,0.0000,0.0000,0.0000,00000000,544327*ade3a41b
#RAWIMUA,ICOM3,0,94.3,FINESTEERING,2427,544326.796,00000000,0000,797;2427,544326.796029000,1afe00f6,1162583,291672,-518750,-22871,1791,-16643*212dd524
#INSPVAXA,ICOM3,0,94.3,FINESTEERING,2427,544326.810,00000000,031c,797;WAITING_AZIMUTH,NONE,0.00000000000,0.00000000000,0.0000,0.0000,0.0000,0.0000,0.0000,0.000000000,0.000000000,-0.000000000,0.0000,0.0000,0.0000,0.0000,0.0000,0.0000,0.0000,0.0000,0.0000,00000000,544327*80f20e71
#RAWIMUA,ICOM3,0,94.3,FINESTEERING,2427,544326.806,00000000,0000,797;2427,544326.806056000,1af700f7,1163659,294035,-518155,-19658,2419,-16112*6f2f9b5d
#INSPVAXA,ICOM3,0,94.3,FINESTEERING,2427,544326.820,00000000,0326,797;WAITING_AZIMUTH,NONE,0.00000000000,0.00000000000,0.0000,0.0000,0.0000,0.0000,0.0000,0.000000000,0.000000000,-0.000000000,0.0000,0.0000,0.0000,0.0000,0.0000,0.0000,0.0000,0.0000,0.0000,00000000,544327*65da766f
#RAWIMUA,ICOM3,0,94.3,FINESTEERING,2427,544326.816,00000000,0000,797;2427,544326.816096000,1af800f8,1163044,292325,-518889,-13101,2391,-21987*454350d2
$GPGGA,071148.80,3109.8268601,N,12127.2280443,E,4,34,0.7,6.097,M,11.031,M,0.800,1793*4E
#BESTGNSSPOSA,ICOM3,0,94.3,FINESTEERING,2427,544326.800,03e1c002,0000,797;SOL_COMPUTED,NARROW_INT,31.16378100181,121.45380073870,6.0968,11.0314,WGS84,0.0182,0.0168,0.0297,"1793",0.800,0.014,37,34,34,34,00,00,30,37*8948eeb8
#HEADINGA,ICOM3,0,94.3,FINESTEERING,2427,544326.800,00000000,0000,797;SOL_COMPUTED,NONE,0.000000000,0.000000000,0.000000000,0.0,0.000000000,0.000000000,"1793",0,0,0,0,0,00,30,37*4aa36687
$GPGSV,2,1,05,12,18,142,25,18,50,220,43,20,15,066,38,24,69,049,44*77
$GPGSV,2,2,05,32,10,270,39,,,,,,,,,,,,*43
$GLGSV,3,1,09,70,18,070,44,72,22,303,41,73,48,103,47,74,24,161,36*68
$GLGSV,3,2,09,85,05,190,39,86,39,247,47,87,33,298,44,90,00,000,36*61
$GLGSV,3,3,09,91,00,000,36,,,,,,,,,,,,*51
$GAGSV,2,1,06,03,24,264,46,05,63,319,30,11,09,161,39,31,13,075,40*61
$GAGSV,2,2,06,34,54,291,43,36,51,190,48,,,,,,,,*60
$GQGSV,1,1,02,03,44,169,44,07,53,169,39,,,,,,,,*72
$GBGSV,4,1,15,01,48,147,49,02,35,242,46,03,55,202,48,04,37,120,42*60
$GBGSV,4,2,15,06,69,040,45,07,57,190,48,10,46,191,45,11,24,271,44*6D
$GBGSV,4,3,15,12,11,294,44,20,28,304,44,23,49,089,49,27,00,000,28*64
$GBGSV,4,4,15,30,24,240,41,37,38,167,47,41,24,084,47,,,,*59
$GPGSA,M,3,12,18,20,24,32,,,,,,,,1.4,0.7,1.2,1*2D
#INSPVAXA,ICOM3,0,94.3,FINESTEERING,2427,544326.830,00000000,0330,797;WAITING_AZIMUTH,NONE,0.00000000000,0.00000000000,0.0000,0.0000,0.0000,0.0000,0.0000,0.000000000,0.000000000,-0.000000000,0.0000,0.0000,0.0000,0.0000,0.0000,0.0000,0.0000,0.0000,0.0000,00000000,544327*9b493dd8
#RAWIMUA,ICOM3,0,94.3,FINESTEERING,2427,544326.826,00000000,0000,797;2427,544326.826041000,1afc00f9,1163453,290769,-520283,-15363,2291,-14828*86912b80
#INSPVAXA,ICOM3,0,94.3,FINESTEERING,2427,544326.840,00000000,033a,797;WAITING_AZIMUTH,NONE,0.00000000000,0.00000000000,0.0000,0.0000,0.0000,0.0000,0.0000,0.000000000,0.000000000,-0.000000000,0.0000,0.0000,0.0000,0.0000,0.0000,0.0000,0.0000,0.0000,0.0000,00000000,544327*2f566aa5
#RAWIMUA,ICOM3,0,94.3,FINESTEERING,2427,544326.836,00000000,0000,797;2427,544326.836031000,1b0100fa,1162061,292782,-519156,-11428,4598,-21680*d83cf1d1
#INSPVAXA,ICOM3,0,94.3,FINESTEERING,2427,544326.850,00000000,0344,797;WAITING_AZIMUTH,NONE,0.00000000000,0.00000000000,0.0000,0.0000,0.0000,0.0000,0.0000,0.000000000,0.000000000,-0.000000000,0.0000,0.0000,0.0000,0.0000,0.0000,0.0000,0.0000,0.0000,0.0000,00000000,544327*55df9260
#RAWIMUA,ICOM3,0,94.3,FINESTEERING,2427,544326.846,00000000,0000,797;2427,544326.846022000,1b0100fb,1162820,291762,-519440,-18707,2453,-22056*6a5e6765
#INSPVAXA,ICOM3,0,94.3,FINESTEERING,2427,544326.860,00000000,034e,797;WAITING_AZIMUTH,NONE,0.00000000000,0.00000000000,0.0000,0.0000,0.0000,0.0000,0.0000,0.000000000,0.000000000,-0.000000000,0.0000,0.0000,0.0000,0.0000,0.0000,0.0000,0.0000,0.0000,0.0000,00000000,544327*0fcb9307
#RAWIMUA,ICOM3,0,94.3,FINESTEERING,2427,544326.856,00000000,0000,797;2427,544326.856043000,1b0000fc,1163915,291714,-520556,-17100,-936,-23745*1a009ee2
#INSPVAXA,ICOM3,0,94.3,FINESTEERING,2427,544326.870,00000000,0358,797;WAITING_AZIMUTH,NONE,0.00000000000,0.00000000000,0.0000,0.0000,0.0000,0.0000,0.0000,0.000000000,0.000000000,-0.000000000,0.0000,0.0000,0.0000,0.0000,0.0000,0.0000,0.0000,0.0000,0.0000,00000000,544327*d04b9f71
#RAWIMUA,ICOM3,0,94.3,FINESTEERING,2427,544326.866,00000000,0000,797;2427,544326.866038000,1af700fd,1162354,292195,-518855,-21723,673,-14544*652cfafd
#INSPVAXA,ICOM3,0,94.3,FINESTEERING,2427,544326.880,00000000,0362,797;WAITING_AZIMUTH,NONE,0.00000000000,0.00000000000,0.0000,0.0000,0.0000,0.0000,0.0000,0.000000000,0.000000000,-0.000000000,0.0000,0.0000,0.0000,0.0000,0.0000,0.0000,0.0000,0.0000,0.0000,00000000,544327*e1e3b986
#RAWIMUA,ICOM3,0,94.3,FINESTEERING,2427,544326.876,00000000,0000,797;2427,544326.876029000,1af700fe,1163246,292875,-519454,-22805,5412,-9761*ae75b7d8
#INSPVAXA,ICOM3,0,94.3,FINESTEERING,2427,544326.890,00000000,036c,797;WAITING_AZIMUTH,NONE,0.00000000000,0.00000000000,0.0000,0.0000,0.0000,0.0000,0.0000,0.000000000,0.000000000,-0.000000000,0.0000,0.0000,0.0000,0.0000,0.0000,0.0000,0.0000,0.0000,0.0000,00000000,544327*ccf213ec
#RAWIMUA,ICOM3,0,94.3,FINESTEERING,2427,544326.886,00000000,0000,797;2427,544326.886023000,1b0300ff,1163336,292295,-518561,-18641,5284,-12617*f6cb76c5
#INSPVAXA,ICOM3,0,94.3,FINESTEERING,2427,544326.900,00000000,0376,797;WAITING_AZIMUTH,NONE,0.00000000000,0.00000000000,0.0000,0.0000,0.0000,0.0000,0.0000,0.000000000,0.000000000,-0.000000000,0.0000,0.0000,0.0000,0.0000,0.0000,0.0000,0.0000,0.0000,0.0000,00000000,544327*128943ea
#RAWIMUA,ICOM3,0,94.3,FINESTEERING,2427,544326.896,00000000,0000,797;2427,544326.896046000,1afa0000,1163217,292707,-519813,-14215,-4950,-14991*40f464cb
#INSPVAXA,ICOM3,0,94.3,FINESTEERING,2427,544326.910,00000000,0380,797;WAITING_AZIMUTH,NONE,0.00000000000,0.00000000000,0.0000,0.0000,0.0000,0.0000,0.0000,0.000000000,0.000000000,-0.000000000,0.0000,0.0000,0.0000,0.0000,0.0000,0.0000,0.0000,0.0000,0.0000,00000000,544327*7ad5678d
#RAWIMUA,ICOM3,0,94.3,FINESTEERING,2427,544326.906,00000000,0000,797;2427,544326.906067000,1af00001,1161958,292034,-518688,-22379,-2454,-20142*5038321b
#INSPVAXA,ICOM3,0,94.3,FINESTEERING,2427,544326.920,00000000,038a,797;WAITING_AZIMUTH,NONE,0.00000000000,0.00000000000,0.0000,0.0000,0.0000,0.0000,0.0000,0.000000000,0.000000000,-0.000000000,0.0000,0.0000,0.0000,0.0000,0.0000,0.0000,0.0000,0.0000,0.0000,00000000,544327*20c166ea
#RAWIMUA,ICOM3,0,94.3,FINESTEERING,2427,544326.916,00000000,0000,797;2427,544326.916086000,1afa0002,1163091,291817,-520294,-22215,-2685,-18172*55bd1cb2
#INSPVAXA,ICOM3,0,94.3,FINESTEERING,2427,544326.930,00000000,0394,797;WAITING_AZIMUTH,NONE,0.00000000000,0.00000000000,0.0000,0.0000,0.0000,0.0000,0.0000,0.000000000,0.000000000,-0.000000000,0.0000,0.0000,0.0000,0.0000,0.0000,0.0000,0.0000,0.0000,0.0000,00000000,544327*c6bea012
#RAWIMUA,ICOM3,0,94.3,FINESTEERING,2427,544326.926,00000000,0000,797;2427,544326.926027000,1afd0003,1163575,292481,-519449,-15821,4759,-12452*1626d5df
#INSPVAXA,ICOM3,0,94.3,FINESTEERING,2427,544326.940,00000000,039e,797;WAITING_AZIMUTH,NONE,0.00000000000,0.00000000000,0.0000,0.0000,0.0000,0.0000,0.0000,0.000000000,0.000000000,-0.000000000,0.0000,0.0000,0.0000,0.0000,0.0000,0.0000,0.0000,0.0000,0.0000,00000000,544327*72a1f76f
#RAWIMUA,ICOM3,0,94.3,FINESTEERING,2427,544326.936,00000000,0000,797;2427,544326.936047000,1b020004,1163882,291714,-520556,-16444,-1890,-15865*9f65ca0b
#INSPVAXA,ICOM3,0,94.3,FINESTEERING,2427,544326.950,00000000,03a8,797;WAITING_AZIMUTH,NONE,0.00000000000,0.00000000000,0.0000,0.0000,0.0000,0.0000,0.0000,0.000000000,0.000000000,-0.000000000,0.0000,0.0000,0.0000,0.0000,0.0000,0.0000,0.0000,0.0000,0.0000,00000000,544327*35310f93
#RAWIMUA,ICOM3,0,94.3,FINESTEERING,2427,544326.946,00000000,0000,797;2427,544326.946039000,1b080005,1162267,291625,-519996,-22969,4523,-13116*057737fd
#INSPVAXA,ICOM3,0,94.3,FINESTEERING,2427,544326.960,00000000,03b2,797;WAITING_AZIMUTH,NONE,0.00000000000,0.00000000000,0.0000,0.0000,0.0000,0.0000,0.0000,0.000000000,0.000000000,-0.000000000,0.0000,0.0000,0.0000,0.0000,0.0000,0.0000,0.0000,0.0000,0.0000,00000000,544327*edf5d50b
#RAWIMUA,ICOM3,0,94.3,FINESTEERING,2427,544326.956,00000000,0000,797;2427,544326.956031000,1b000006,1163707,291400,-519503,-20444,2649,-17162*5e7a013c
#INSPVAXA,ICOM3,0,94.3,FINESTEERING,2427,544326.970,00000000,03bc,797;WAITING_AZIMUTH,NONE,0.00000000000,0.00000000000,0.0000,0.0000,0.0000,0.0000,0.0000,0.000000000,0.000000000,-0.000000000,0.0000,0.0000,0.0000,0.0000,0.0000,0.0000,0.0000,0.0000,0.0000,00000000,544327*c0e47f61
#RAWIMUA,ICOM3,0,94.3,FINESTEERING,2427,544326.966,00000000,0000,797;2427,544326.966023000,1afe0007,1163018,290942,-519562,-20641,2814,-17392*d7ecb427
#INSPVAXA,ICOM3,0,94.3,FINESTEERING,2427,544326.980,00000000,03c6,797;WAITING_AZIMUTH,NONE,0.00000000000,0.00000000000,0.0000,0.0000,0.0000,0.0000,0.0000,0.000000000,0.000000000,-0.000000000,0.0000,0.0000,0.0000,0.0000,0.0000,0.0000,0.0000,0.0000,0.0000,00000000,544327*b8f2eefb
#RAWIMUA,ICOM3,0,94.3,FINESTEERING,2427,544326.976,00000000,0000,797;2427,544326.976015000,1b000008,1162590,291631,-519472,-19723,-2452,-11469*8c159dbf
#INSPVAXA,ICOM3,0,94.3,FINESTEERING,2427,544326.990,00000000,03d0,797;WAITING_AZIMUTH,NONE,0.00000000000,0.00000000000,0.0000,0.0000,0.0000,0.0000,0.0000,0.000000000,0.000000000,-0.000000000,0.0000,0.0000,0.0000,0.0000,0.0000,0.0000,0.0000,0.0000,0.0000,00000000,544327*da979b71
#RAWIMUA,ICOM3,0,94.3,FINESTEERING,2427,544326.986,00000000,0000,797;2427,544326.986039000,1b020009,1163872,292577,-519615,-18444,5843,-15077*958ec1b8
#INSPVAXA,ICOM3,0,94.3,FINESTEERING,2427,544327.000,00000000,03da,797;WAITING_AZIMUTH,NONE,0.00000000000,0.00000000000,0.0000,0.0000,0.0000,0.0000,0.0000,0.000000000,0.000000000,-0.000000000,0.0000,0.0000,0.0000,0.0000,0.0000,0.0000,0.0000,0.0000,0.0000,00000000,544328*884d5a09
#INSCALSTATUSA,ICOM3,0,94.3,FINESTEERING,2427,544327.000,00000000,0000,797;RBV,0.0000,0.0000,0.0000,45.0000,45.0000,45.0000,CALIBRATED,0*6766ddb3
#RAWIMUA,ICOM3,0,94.3,FINESTEERING,2427,544326.996,00000000,0000,797;2427,544326.996033000,1b00000a,1163155,292637,-520206,-18707,3770,-16663*cbd972fb
#INSPVAXA,ICOM3,0,94.3,FINESTEERING,2427,544327.010,00000000,03e4,797;WAITING_AZIMUTH,NONE,0.00000000000,0.00000000000,0.0000,0.0000,0.0000,0.0000,0.0000,0.000000000,0.000000000,-0.000000000,0.0000,0.0000,0.0000,0.0000,0.0000,0.0000,0.0000,0.0000,0.0000,00000000,544328*6e329cf1
#RAWIMUA,ICOM3,0,94.3,FINESTEERING,2427,544327.006,00000000,0000,797;2427,544327.006041898,1afe000b,1162425,291600,-519373,-18805,-2089,-9857*9988b395
#INSPVAXA,ICOM3,0,94.3,FINESTEERING,2427,544327.020,00000000,0006,797;WAITING_AZIMUTH,NONE,0.00000000000,0.00000000000,0.0000,0.0000,0.0000,0.0000,0.0000,0.000000000,0.000000000,-0.000000000,0.0000,0.0000,0.0000,0.0000,0.0000,0.0000,0.0000,0.0000,0.0000,00000000,544328*9785405f
#RAWIMUA,ICOM3,0,94.3,FINESTEERING,2427,544327.016,00000000,0000,797;2427,544327.016032000,1afa000c,1162941,293344,-518540,-20543,-10221,-17383*e5e96dc5
#INSPVAXA,ICOM3,0,94.3,FINESTEERING,2427,544327.030,00000000,0010,797;WAITING_AZIMUTH,NONE,0.00000000000,0.00000000000,0.0000,0.0000,0.0000,0.0000,0.0000,0.000000000,0.000000000,-0.000000000,0.0000,0.0000,0.0000,0.0000,0.0000,0.0000,0.0000,0.0000,0.0000,00000000,544328*69160be8
#RAWIMUA,ICOM3,0,94.3,FINESTEERING,2427,544327.026,00000000,0000,797;2427,544327.026051000,1afa000d,1163707,292840,-519552,-14412,-78,-12013*f804e942
#BESTPOSA,ICOM3,0,94.3,FINESTEERING,2427,544327.000,03e1c002,0001,797;SOL_COMPUTED,NARROW_INT,31.16378100620,121.45380064304,6.0941,11.0314,WGS84,0.0145,0.0133,0.0266,"1793",1.000,0.021,37,34,34,34,00,00,30,37*68039b74
$GPGGA,071149.00,3109.8268604,N,12127.2280386,E,4,34,0.7,6.094,M,11.031,M,1.000,1793*46
#BESTGNSSPOSA,ICOM3,0,94.3,FINESTEERING,2427,544327.000,03e1c002,0001,797;SOL_COMPUTED,NARROW_INT,31.16378100620,121.45380064304,6.0941,11.0314,WGS84,0.0145,0.0133,0.0266,"1793",1.000,0.021,37,34,34,34,00,00,30,37*48b70d06
#HEADINGA,ICOM3,0,94.3,FINESTEERING,2427,544327.000,00000000,0000,797;SOL_COMPUTED,NONE,0.000000000,0.000000000,0.000000000,0.0,0.000000000,0.000000000,"1793",0,0,0,0,0,00,30,37*d70c23d7
$GPGSV,2,1,05,12,18,142,25,18,50,220,43,20,15,066,38,24,69,049,44*77
$GPGSV,2,2,05,32,10,270,39,,,,,,,,,,,,*43
$GLGSV,3,1,09,70,18,070,44,72,22,303,41,73,48,103,47,74,24,161,36*68
$GLGSV,3,2,09,85,05,190,39,86,39,247,47,87,33,298,44,90,00,000,36*61
$GLGSV,3,3,09,91,00,000,36,,,,,,,,,,,,*51
$GAGSV,2,1,06,03,24,264,46,05,63,319,31,11,09,161,39,31,13,075,40*60
$GAGSV,2,2,06,34,54,291,43,36,51,190,48,,,,,,,,*60
$GQGSV,1,1,02,03,44,169,44,07,53,169,39,,,,,,,,*72
$GBGSV,4,1,15,01,48,147,49,02,35,242,46,03,55,202,48,04,37,120,43*61
$GBGSV,4,2,15,06,69,040,45,07,57,190,48,10,46,191,45,11,24,271,44*6D
$GBGSV,4,3,15,12,11,294,44,20,28,304,44,23,49,089,49,27,00,000,28*64
$GBGSV,4,4,15,30,24,240,41,37,38,167,47,41,24,084,47,,,,*59
$GPGSA,M,3,12,18,20,24,32,,,,,,,,1.4,0.7,1.2,1*2D
#INSPVAXA,ICOM3,0,94.3,FINESTEERING,2427,544327.040,00000000,001a,797;WAITING_AZIMUTH,NONE,0.00000000000,0.00000000000,0.0000,0.0000,0.0000,0.0000,0.0000,0.000000000,0.000000000,-0.000000000,0.0000,0.0000,0.0000,0.0000,0.0000,0.0000,0.0000,0.0000,0.0000,00000000,544328*dd095c95
ªD*   H   ¼´{	XÅq Àá     2   ¢UQí)?@f0Ú]^@PUðúX`@Ì€0A=   ÜÌm<PTY<•Ù<1793  €?RÓ®<%"""  07bè	ïªD7  0   ¼´{	XÅq                                           1793      07Æ^Ð#RAWIMUA,ICOM3,0,94.3,FINESTEERING,2427,544327.036,00000000,0000,797;2427,544327.036038000,1afd000e,1163548,293129,-520080,-20871,1201,-20585*fb9b35a7
#TRACKSTATA,ICOM3,0,94.3,FINESTEERING,2427,544327.000,00000000,0000,797;SOL_COMPUTED,NARROW_INT,0.0,102,12,0,00181544,24287549.031,2718.118,25.000,0.400,0.000,GOOD,0.000,12,0,02381564,24287561.467,2117.382,29.000,0.000,0.000,GOOD,0.000,18,0,10101cc4,21409360.606,-2142.333,42.750,78.900,0.000,GOOD,0.000,18,0,02301ce4,21409361.433,-1669.236,45.500,75.500,0.000,GOOD,0.000,18,0,01d01d04,21409381.737,-1599.859,46.500,77.900,0.000,GOOD,0.000,20,0,10101e44,24288076.500,-2499.882,38.000,78.000,0.000,GOOD,0.000,20,0,12301e64,24288080.068,-1947.764,45.500,75.500,0.000,GOOD,0.000,20,0,11d01e84,24288097.055,-1866.570,44.000,77.000,0.000,GOOD,0.000,24,0,10101ec4,20111285.776,-1318.939,44.250,77.400,0.000,GOOD,0.000,24,0,12301ee4,20111287.980,-1027.849,43.000,73.900,0.000,GOOD,0.000,24,0,01d01f04,20111304.007,-984.904,45.250,76.300,0.000,GOOD,0.000,32,0,10101dc4,24894798.765,1907.683,38.750,75.000,0.000,GOOD,0.000,32,0,02301de4,24894805.392,1486.287,35.250,72.100,0.000,GOOD,0.000,32,0,11d01e04,24894820.931,1424.459,36.750,73.600,0.000,GOOD,0.000,43,3,10111d44,22927267.962,-2048.060,43.750,82.600,0.000,GOOD,0.000,43,3,10311d64,22927280.639,-1592.969,46.750,81.800,0.000,GOOD,0.000,45,13,00111e44,22558814.268,1683.072,41.250,78.600,0.000,GOOD,0.000,45,13,00311e64,22558822.103,1308.988,44.750,77.800,0.000,GOOD,0.000,46,5,10111dc4,20492444.177,1215.878,46.750,81.900,0.000,GOOD,0.000,46,5,10311de4,20492450.615,945.579,47.750,80.900,0.000,GOOD,0.000,47,0,10191cc4,22417214.058,3903.439,35.500,4.300,0.000,GOOD,0.000,58,11,10191ec4,24286951.466,-4398.974,38.500,32.700,0.000,GOOD,0.000,58,11,003916e4,24286998.270,-3421.499,34.250,0.700,0.000,GOOD,0.000,59,4,10111d84,21116761.642,-2415.353,46.500,82.100,0.000,GOOD,0.000,59,4,10311da4,21116767.833,-1878.629,43.250,81.300,0.000,GOOD,0.000,60,10,00111e04,21594155.512,308.800,44.000,80.700,0.000,GOOD,0.000,63,1,10191d04,21907122.097,1454.061,36.000,5.000,0.000,GOOD,0.000,63,1,00391d24,21907117.307,1131.031,37.750,3.700,0.000,GOOD,0.000,64,2,00191684,21930454.651,-1622.989,36.000,0.500,0.000,GOOD,0.000,3,0,00331fc4,26546741.515,1370.695,45.750,83.300,0.000,GOOD,0.000,3,0,02331c24,26546748.509,1050.144,46.500,82.500,0.000,GOOD,0.000,3,0,01931fe4,26546748.993,1023.427,42.250,80.300,0.000,GOOD,0.000,3,0,00d31c04,26546917.205,1112.553,41.500,79.500,0.000,GOOD,0.000,5,0,00331644,23884569.694,-202.974,30.500,0.000,0.000,GOOD,0.000,5,0,12331ea4,23884585.922,-155.958,37.250,4.300,0.000,GOOD,0.000,5,0,01931664,23884583.237,-152.436,28.750,1.600,0.000,GOOD,0.000,5,0,00d31684,23884749.932,-164.977,39.500,0.000,0.000,GOOD,0.000,11,0,00331cc4,26397620.703,-3301.255,38.500,28.100,0.000,GOOD,0.000,11,0,12331d24,26397634.414,-2529.386,42.500,67.300,0.000,GOOD,0.000,11,0,11931ce4,26397636.265,-2464.870,37.750,75.000,0.000,GOOD,0.000,11,0,10d31d04,26397801.676,-2679.211,34.750,40.400,0.000,GOOD,0.000,31,0,00331c44,27626605.562,752.437,40.000,76.300,0.000,GOOD,0.000,31,0,12331ca4,27626614.969,576.246,45.750,75.300,0.000,GOOD,0.000,31,0,01931c64,27626616.312,561.862,40.250,72.100,0.000,GOOD,0.000,31,0,10d31c84,27626776.446,610.402,33.500,1.900,0.000,GOOD,0.000,34,0,10331dc4,24368437.020,400.560,42.500,58.100,0.000,GOOD,0.000,34,0,02331e24,24368443.961,306.902,47.250,56.700,0.000,GOOD,0.000,34,0,01931de4,24368444.433,299.024,43.250,54.000,0.000,GOOD,0.000,34,0,00d31e04,24368612.591,325.280,45.000,54.200,0.000,GOOD,0.000,36,0,10331d44,24632583.930,-2323.341,47.750,75.000,0.000,GOOD,0.000,36,0,12331da4,24632593.215,-1780.340,49.500,74.100,0.000,GOOD,0.000,36,0,11931d64,24632593.067,-1734.893,45.000,71.100,0.000,GOOD,0.000,36,0,00d31d84,24632758.053,-1885.859,44.250,71.200,0.000,GOOD,0.000,195,0,10151f44,36628075.604,-82.620,43.750,83.200,0.000,GOOD,0.000,195,0,02351f64,36628073.485,-64.352,47.000,75.500,0.000,GOOD,0.000,195,0,11d51f84,36628090.729,-61.587,44.500,82.000,0.000,GOOD,0.000,199,0,10151ec4,36982734.008,-165.219,39.250,81.800,0.000,GOOD,0.000,199,0,02351ee4,36982730.436,-128.231,44.250,75.100,0.000,GOOD,0.000,199,0,11d51f04,36982750.389,-122.954,46.750,80.300,0.000,GOOD,0.000,1,0,10941c04,37277975.346,-175.357,48.750,83.300,0.000,GOOD,0.000,1,0,00d41c24,37277973.893,-142.386,46.250,83.300,0.000,GOOD,0.000,2,0,00941c64,38310162.830,-143.307,46.000,83.300,0.000,GOOD,0.000,2,0,00d41c84,38310155.235,-116.261,44.000,83.300,0.000,GOOD,0.000,3,0,00941cc4,36917690.913,-159.952,48.250,83.300,0.000,GOOD,0.000,3,0,00d41ce4,36917686.124,-130.064,47.250,83.300,0.000,GOOD,0.000,4,0,10941d24,38142809.950,-194.964,42.500,83.300,0.000,GOOD,0.000,4,0,10d41d44,38142813.712,-158.295,45.500,82.600,0.000,GOOD,0.000,6,0,00141e44,36188661.060,272.065,44.500,81.600,0.000,GOOD,0.000,6,0,10541e64,36188666.423,221.111,42.500,80.300,0.000,GOOD,0.000,7,0,00141de4,36918850.901,777.300,48.250,82.800,0.000,GOOD,0.000,7,0,10541e04,36918855.439,631.699,47.500,81.700,0.000,GOOD,0.000,10,0,10141d84,37849137.532,900.561,44.500,81.800,0.000,GOOD,0.000,10,0,10341dc4,37849142.340,696.501,46.250,80.900,0.000,GOOD,0.000,10,0,10541da4,37849146.208,732.050,41.500,80.400,0.000,GOOD,0.000,11,0,10141ea4,25018416.409,-1184.048,43.750,81.500,0.000,GOOD,0.000,11,0,10541ec4,25018422.660,-962.005,44.750,79.700,0.000,GOOD,0.000,12,0,00141f04,25868953.646,1949.937,44.250,81.200,0.000,GOOD,0.000,12,0,00541f24,25868961.158,1584.553,40.500,79.900,0.000,GOOD,0.000,20,0,00141e84,24732290.144,1674.711,44.250,81.400,0.000,GOOD,0.000,20,0,01341ea4,24732295.165,1262.060,45.750,80.800,0.000,GOOD,0.000,20,0,10541ec4,24732292.573,1360.897,43.750,80.000,0.000,GOOD,0.000,20,0,10f41ee4,24732282.981,1689.952,41.500,80.200,0.000,GOOD,0.000,23,0,10141d44,23029844.333,3.226,48.500,82.500,0.000,GOOD,0.000,23,0,01341d64,23029846.074,2.074,50.250,81.900,0.000,GOOD,0.000,23,0,10541d84,23029843.055,2.622,47.750,81.400,0.000,GOOD,0.000,23,0,10f41da4,23029836.414,3.160,43.000,81.500,0.000,GOOD,0.000,27,0,001c1724,26331801.673,-2894.166,27.750,0.300,0.000,GOOD,0.000,27,0,113c1f44,26331708.548,-2181.164,41.500,73.300,0.000,GOOD,0.000,27,0,105c1f64,26331704.290,-2351.813,37.000,74.400,0.000,GOOD,0.000,27,0,00fc1784,26331670.527,-2920.598,32.250,0.000,0.000,GOOD,0.000,30,0,00141de4,24700122.508,-2252.998,41.250,80.300,0.000,GOOD,0.000,30,0,01341e04,24700139.132,-1697.950,45.750,79.600,0.000,GOOD,0.000,30,0,10541e24,24700136.535,-1830.702,45.000,79.200,0.000,GOOD,0.000,30,0,00f41e44,24700119.760,-2273.648,41.500,79.200,0.000,GOOD,0.000,37,0,00141fc4,23874833.830,2581.757,47.250,73.500,0.000,GOOD,0.000,37,0,01341fe4,23874845.770,1945.493,47.250,72.800,0.000,GOOD,0.000,37,0,00541c04,23874845.357,2097.830,44.500,71.800,0.000,GOOD,0.000,37,0,00f41c24,23874817.197,2605.006,39.500,72.400,0.000,GOOD,0.000,41,0,00141c64,25174378.119,-1800.759,46.500,70.700,0.000,GOOD,0.000,41,0,01341c84,25174396.498,-1357.101,46.500,69.600,0.000,GOOD,0.000,41,0,10541ca4,25174393.603,-1463.146,43.000,69.300,0.000,GOOD,0.000,41,0,00f41cc4,25174375.908,-1817.382,43.000,69.700,0.000,GOOD,0.000*4267025f
#INSPVAXA,ICOM3,0,94.3,FINESTEERING,2427,544327.050,00000000,0024,797;WAITING_AZIMUTH,NONE,0.00000000000,0.00000000000,0.0000,0.0000,0.0000,0.0000,0.0000,0.000000000,0.000000000,-0.000000000,0.0000,0.0000,0.0000,0.0000,0.0000,0.0000,0.0000,0.0000,0.0000,00000000,544328*4f248f86
#RAWIMUA,ICOM3,0,94.3,FINESTEERING,2427,544327.046,00000000,0000,797;2427,544327.046051000,1aff000f,1162639,291879,-517834,-18313,1005,-12110*ac0423a2
#INSPVAXA,ICOM3,0,94.3,FINESTEERING,2427,544327.060,00000000,002e,797;WAITING_AZIMUTH,NONE,0.00000000000,0.00000000000,0.0000,0.0000,0.0000,0.0000,0.0000,0.000000000,0.000000000,-0.000000000,0.0000,0.0000,0.0000,0.0000,0.0000,0.0000,0.0000,0.0000,0.0000,00000000,544328*15308ee1
#RAWIMUA,ICOM3,0,94.3,FINESTEERING,2427,544327.056,00000000,0000,797;2427,544327.056037000,1afd0010,1163087,292738,-519944,-26051,4521,-10096*1778193d
#INSPVAXA,ICOM3,0,94.3,FINESTEERING,2427,544327.070,00000000,0038,797;WAITING_AZIMUTH,NONE,0.00000000000,0.00000000000,0.0000,0.0000,0.0000,0.0000,0.0000,0.000000000,0.000000000,-0.000000000,0.0000,0.0000,0.0000,0.0000,0.0000,0.0000,0.0000,0.0000,0.0000,00000000,544328*cab08297
#RAWIMUA,ICOM3,0,94.3,FINESTEERING,2427,544327.066,00000000,0000,797;2427,544327.066086000,1afe0011,1162696,292179,-520233,-18641,1071,-11453*9d9f2d40
#INSPVAXA,ICOM3,0,94.3,FINESTEERING,2427,544327.080,00000000,0042,797;WAITING_AZIMUTH,NONE,0.00000000000,0.00000000000,0.0000,0.0000,0.0000,0.0000,0.0000,0.000000000,0.000000000,-0.000000000,0.0000,0.0000,0.0000,0.0000,0.0000,0.0000,0.0000,0.0000,0.0000,00000000,544328*13bc8fb6
#RAWIMUA,ICOM3,0,94.3,FINESTEERING,2427,544327.076,00000000,0000,797;2427,544327.076035000,1afe0012,1164747,292654,-518501,-19887,-1037,-12284*b329da5d
#INSPVAXA,ICOM3,0,94.3,FINESTEERING,2427,544327.090,00000000,004c,797;WAITING_AZIMUTH,NONE,0.00000000000,0.00000000000,0.0000,0.0000,0.0000,0.0000,0.0000,0.000000000,0.000000000,-0.000000000,0.0000,0.0000,0.0000,0.0000,0.0000,0.0000,0.0000,0.0000,0.0000,00000000,544328*3ead25dc
#RAWIMUA,ICOM3,0,94.3,FINESTEERING,2427,544327.086,00000000,0000,797;2427,544327.086018000,1b000013,1163829,292392,-518661,-22674,-348,-16717*7d399442
#INSPVAXA,ICOM3,0,94.3,FINESTEERING,2427,544327.100,00000000,0056,797;WAITING_AZIMUTH,NONE,0.00000000000,0.00000000000,0.0000,0.0000,0.0000,0.0000,0.0000,0.000000000,0.000000000,-0.000000000,0.0000,0.0000,0.0000,0.0000,0.0000,0.0000,0.0000,0.0000,0.0000,00000000,544328*e0d675da
#RAWIMUA,ICOM3,0,94.3,FINESTEERING,2427,544327.096,00000000,0000,797;2427,544327.096010000,1b030014,1163904,293429,-519592,-21789,3241,-17226*567bf476
#INSPVAXA,ICOM3,0,94.3,FINESTEERING,2427,544327.110,00000000,0060,797;WAITING_AZIMUTH,NONE,0.00000000000,0.00000000000,0.0000,0.0000,0.0000,0.0000,0.0000,0.000000000,0.000000000,-0.000000000,0.0000,0.0000,0.0000,0.0000,0.0000,0.0000,0.0000,0.0000,0.0000,00000000,544328*6a172b86
#RAWIMUA,ICOM3,0,94.3,FINESTEERING,2427,544327.106,00000000,0000,797;2427,544327.106123000,1afe0015,1163403,292359,-518726,-21231,7355,-14350*8deaf879
#INSPVAXA,ICOM3,0,94.3,FINESTEERING,2427,544327.120,00000000,006a,797;WAITING_AZIMUTH,NONE,0.00000000000,0.00000000000,0.0000,0.0000,0.0000,0.0000,0.0000,0.000000000,0.000000000,-0.000000000,0.0000,0.0000,0.0000,0.0000,0.0000,0.0000,0.0000,0.0000,0.0000,00000000,544328*30032ae1
#RAWIMUA,ICOM3,0,94.3,FINESTEERING,2427,544327.116,00000000,0000,797;2427,544327.116140000,1afa0016,1162327,291305,-519402,-16117,-7354,-9583*e5185685
#INSPVAXA,ICOM3,0,94.3,FINESTEERING,2427,544327.130,00000000,0074,797;WAITING_AZIMUTH,NONE,0.00000000000,0.00000000000,0.0000,0.0000,0.0000,0.0000,0.0000,0.000000000,0.000000000,-0.000000000,0.0000,0.0000,0.0000,0.0000,0.0000,0.0000,0.0000,0.0000,0.0000,00000000,544328*d67cec19
#RAWIMUA,ICOM3,0,94.3,FINESTEERING,2427,544327.126,00000000,0000,797;2427,544327.126074000,1afd0017,1164860,291688,-519835,-14838,-1428,-11855*43abdfe5
#INSPVAXA,ICOM3,0,94.3,FINESTEERING,2427,544327.140,00000000,007e,797;WAITING_AZIMUTH,NONE,0.00000000000,0.00000000000,0.0000,0.0000,0.0000,0.0000,0.0000,0.000000000,0.000000000,-0.000000000,0.0000,0.0000,0.0000,0.0000,0.0000,0.0000,0.0000,0.0000,0.0000,00000000,544328*6263bb64
#RAWIMUA,ICOM3,0,94.3,FINESTEERING,2427,544327.136,00000000,0000,797;2427,544327.136065000,1afc0018,1161772,290549,-519721,-15199,119,-15297*bfbbf594
#INSPVAXA,ICOM3,0,94.3,FINESTEERING,2427,544327.150,00000000,0088,797;WAITING_AZIMUTH,NONE,0.00000000000,0.00000000000,0.0000,0.0000,0.0000,0.0000,0.0000,0.000000000,0.000000000,-0.000000000,0.0000,0.0000,0.0000,0.0000,0.0000,0.0000,0.0000,0.0000,0.0000,00000000,544328*2b2cd8c2
#RAWIMUA,ICOM3,0,94.3,FINESTEERING,2427,544327.146,00000000,0000,797;2427,544327.146057000,1afd0019,1163307,291668,-518980,-16379,1237,-9676*6a483202
#INSPVAXA,ICOM3,0,94.3,FINESTEERING,2427,544327.160,00000000,0092,797;WAITING_AZIMUTH,NONE,0.00000000000,0.00000000000,0.0000,0.0000,0.0000,0.0000,0.0000,0.000000000,0.000000000,-0.000000000,0.0000,0.0000,0.0000,0.0000,0.0000,0.0000,0.0000,0.0000,0.0000,00000000,544328*87ba17b1
#RAWIMUA,ICOM3,0,94.3,FINESTEERING,2427,544327.156,00000000,0000,797;2427,544327.156080000,1afe001a,1162955,292019,-519837,-22149,-2289,-11503*6c149d72
#INSPVAXA,ICOM3,0,94.3,FINESTEERING,2427,544327.170,00000000,009c,797;WAITING_AZIMUTH,NONE,0.00000000000,0.00000000000,0.0000,0.0000,0.0000,0.0000,0.0000,0.000000000,0.000000000,-0.000000000,0.0000,0.0000,0.0000,0.0000,0.0000,0.0000,0.0000,0.0000,0.0000,00000000,544328*aaabbddb
#RAWIMUA,ICOM3,0,94.3,FINESTEERING,2427,544327.166,00000000,0000,797;2427,544327.166072000,1afc001b,1161832,293140,-519324,-19559,-1103,-20331*051cda60
#INSPVAXA,ICOM3,0,94.3,FINESTEERING,2427,544327.180,00000000,00a6,797;WAITING_AZIMUTH,NONE,0.00000000000,0.00000000000,0.0000,0.0000,0.0000,0.0000,0.0000,0.000000000,0.000000000,-0.000000000,0.0000,0.0000,0.0000,0.0000,0.0000,0.0000,0.0000,0.0000,0.0000,00000000,544328*4aadd8cb
#RAWIMUA,ICOM3,0,94.3,FINESTEERING,2427,544327.176,00000000,0000,797;2427,544327.176066000,1afe001c,1161760,290759,-518575,-20641,3209,-13317*98c0c682
#INSPVAXA,ICOM3,0,94.3,FINESTEERING,2427,544327.190,00000000,00b0,797;WAITING_AZIMUTH,NONE,0.00000000000,0.00000000000,0.0000,0.0000,0.0000,0.0000,0.0000,0.000000000,0.000000000,-0.000000000,0.0000,0.0000,0.0000,0.0000,0.0000,0.0000,0.0000,0.0000,0.0000,00000000,544328*c06c8697
#RAWIMUA,ICOM3,0,94.3,FINESTEERING,2427,544327.186,00000000,0000,797;2427,544327.186059000,1afb001d,1163870,291858,-519442,-23690,13,-12939*217e3688
#INSPVAXA,ICOM3,0,94.3,FINESTEERING,2427,544327.200,00000000,00ba,797;WAITING_AZIMUTH,NONE,0.00000000000,0.00000000000,0.0000,0.0000,0.0000,0.0000,0.0000,0.000000000,0.000000000,-0.000000000,0.0000,0.0000,0.0000,0.0000,0.0000,0.0000,0.0000,0.0000,0.0000,00000000,544328*abbfc315
#RAWIMUA,ICOM3,0,94.3,FINESTEERING,2427,544327.196,00000000,0000,797;2427,544327.196081000,1afb001e,1164427,292481,-519352,-20838,5282,-21749*3303e627
#INSPVAXA,ICOM3,0,94.3,FINESTEERING,2427,544327.210,00000000,00c4,797;WAITING_AZIMUTH,NONE,0.00000000000,0.00000000000,0.0000,0.0000,0.0000,0.0000,0.0000,0.000000000,0.000000000,-0.000000000,0.0000,0.0000,0.0000,0.0000,0.0000,0.0000,0.0000,0.0000,0.0000,00000000,544328*4dc005ed
#RAWIMUA,ICOM3,0,94.3,FINESTEERING,2427,544327.206,00000000,0000,797;2427,544327.206099000,1afb001f,1163084,292544,-519712,-19395,-2221,-14161*13358030
#INSPVAXA,ICOM3,0,94.3,FINESTEERING,2427,544327.220,00000000,00ce,797;WAITING_AZIMUTH,NONE,0.00000000000,0.00000000000,0.0000,0.0000,0.0000,0.0000,0.0000,0.000000000,0.000000000,-0.000000000,0.0000,0.0000,0.0000,0.0000,0.0000,0.0000,0.0000,0.0000,0.0000,00000000,544328*17d4048a
#RAWIMUA,ICOM3,0,94.3,FINESTEERING,2427,544327.216,00000000,0000,797;2427,544327.216093000,1afb0020,1162227,293957,-519465,-25329,-9270,-15247*110e324d
$GPGGA,071149.20,3109.8268603,N,12127.2280384,E,4,34,0.7,6.094,M,11.031,M,1.200,1793*43
#BESTGNSSPOSA,ICOM3,0,94.3,FINESTEERING,2427,544327.200,03e1c002,0000,797;SOL_COMPUTED,NARROW_INT,31.16378100534,121.45380064043,6.0939,11.0314,WGS84,0.0153,0.0140,0.0273,"1793",1.200,0.016,37,34,34,34,00,00,30,37*296d5007
#HEADINGA,ICOM3,0,94.3,FINESTEERING,2427,544327.200,00000000,0000,797;SOL_COMPUTED,NONE,0.000000000,0.000000000,0.000000000,0.0,0.000000000,0.000000000,"1793",0,0,0,0,0,00,30,37*73ba1850
$GPGSV,2,1,05,12,18,142,25,18,50,220,43,20,15,066,38,24,69,049,44*77
$GPGSV,2,2,05,32,10,270,39,,,,,,,,,,,,*43
$GLGSV,3,1,09,70,18,070,44,72,22,303,41,73,48,103,47,74,24,161,36*68
$GLGSV,3,2,09,85,05,190,38,86,39,247,47,87,33,298,44,90,00,000,36*60
$GLGSV,3,3,09,91,00,000,36,,,,,,,,,,,,*51
$GAGSV,2,1,06,03,24,264,46,05,63,319,30,11,09,161,39,31,13,075,40*61
$GAGSV,2,2,06,34,54,291,43,36,51,190,48,,,,,,,,*60
$GQGSV,1,1,02,03,44,169,44,07,53,169,39,,,,,,,,*72
$GBGSV,4,1,15,01,48,147,49,02,35,242,46,03,55,202,48,04,37,120,43*61
$GBGSV,4,2,15,06,69,040,45,07,57,190,48,10,46,191,45,11,24,271,44*6D
$GBGSV,4,3,15,12,11,294,44,20,28,304,44,23,49,089,49,27,00,000,27*6B
$GBGSV,4,4,15,30,24,240,41,37,38,167,47,41,24,084,47,,,,*59
#INSPVAXA,ICOM3,0,94.3,FINESTEERING,2427,544327.230,00000000,00d8,797;WAITING_AZIMUTH,NONE,0.00000000000,0.00000000000,0.0000,0.0000,0.0000,0.0000,0.0000,0.000000000,0.000000000,-0.000000000,0.0000,0.0000,0.0000,0.0000,0.0000,0.0000,0.0000,0.0000,0.0000,00000000,544328*54a236c1
$GPGSA,M,3,12,18,20,24,32,,,,,,,,1.4,0.7,1.2,1*2D
#RAWIMUA,ICOM3,0,94.3,FINESTEERING,2427,544327.226,00000000,0000,797;2427,544327.226067000,1afb0021,1163757,292950,-521292,-21592,5677,-17543*5567e67a
#INSPVAXA,ICOM3,0,94.3,FINESTEERING,2427,544327.240,00000000,00e2,797;WAITING_AZIMUTH,NONE,0.00000000000,0.00000000000,0.0000,0.0000,0.0000,0.0000,0.0000,0.000000000,0.000000000,-0.000000000,0.0000,0.0000,0.0000,0.0000,0.0000,0.0000,0.0000,0.0000,0.0000,00000000,544328*163fafa8
#RAWIMUA,ICOM3,0,94.3,FINESTEERING,2427,544327.236,00000000,0000,797;2427,544327.236083000,1afd0022,1163011,293503,-518969,-17428,-4294,-20738*c0349556
#INSPVAXA,ICOM3,0,94.3,FINESTEERING,2427,544327.250,00000000,00ec,797;WAITING_AZIMUTH,NONE,0.00000000000,0.00000000000,0.0000,0.0000,0.0000,0.0000,0.0000,0.000000000,0.000000000,-0.000000000,0.0000,0.0000,0.0000,0.0000,0.0000,0.0000,0.0000,0.0000,0.0000,00000000,544328*3b2e05c2
#RAWIMUA,ICOM3,0,94.3,FINESTEERING,2427,544327.246,00000000,0000,797;2427,544327.246074000,1afd0023,1163146,292221,-519315,-23231,-2488,-22606*b3f98d3e
#INSPVAXA,ICOM3,0,94.3,FINESTEERING,2427,544327.260,00000000,00f6,797;WAITING_AZIMUTH,NONE,0.00000000000,0.00000000000,0.0000,0.0000,0.0000,0.0000,0.0000,0.000000000,0.000000000,-0.000000000,0.0000,0.0000,0.0000,0.0000,0.0000,0.0000,0.0000,0.0000,0.0000,00000000,544328*de067ddc
#RAWIMUA,ICOM3,0,94.3,FINESTEERING,2427,544327.256,00000000,0000,797;2427,544327.256066000,1afe0024,1162259,293827,-519366,-24116,-2916,-16663*08c0e7c0
#INSPVAXA,ICOM3,0,94.3,FINESTEERING,2427,544327.270,00000000,0100,797;WAITING_AZIMUTH,NONE,0.00000000000,0.00000000000,0.0000,0.0000,0.0000,0.0000,0.0000,0.000000000,0.000000000,-0.000000000,0.0000,0.0000,0.0000,0.0000,0.0000,0.0000,0.0000,0.0000,0.0000,00000000,544328*d8241ae3
#RAWIMUA,ICOM3,0,94.3,FINESTEERING,2427,544327.266,00000000,0000,797;2427,544327.266059000,1afa0025,1162201,292050,-520067,-19460,-543,-16584*59649db9
#INSPVAXA,ICOM3,0,94.3,FINESTEERING,2427,544327.280,00000000,010a,797;WAITING_AZIMUTH,NONE,0.00000000000,0.00000000000,0.0000,0.0000,0.0000,0.0000,0.0000,0.000000000,0.000000000,-0.000000000,0.0000,0.0000,0.0000,0.0000,0.0000,0.0000,0.0000,0.0000,0.0000,00000000,544328*6b5ce7eb
#RAWIMUA,ICOM3,0,94.3,FINESTEERING,2427,544327.276,00000000,0000,797;2427,544327.276052000,1afe0026,1164429,291923,-519444,-18510,-1464,-13598*b7ba47d4
#INSPVAXA,ICOM3,0,94.3,FINESTEERING,2427,544327.290,00000000,0114,797;WAITING_AZIMUTH,NONE,0.00000000000,0.00000000000,0.0000,0.0000,0.0000,0.0000,0.0000,0.000000000,0.000000000,-0.000000000,0.0000,0.0000,0.0000,0.0000,0.0000,0.0000,0.0000,0.0000,0.0000,00000000,544328*8d232113
#RAWIMUA,ICOM3,0,94.3,FINESTEERING,2427,544327.286,00000000,0000,797;2427,544327.286075000,1aff0027,1163047,291305,-519239,-18083,2322,-13844*166d0e72
#INSPVAXA,ICOM3,0,94.3,FINESTEERING,2427,544327.300,00000000,011e,797;WAITING_AZIMUTH,NONE,0.00000000000,0.00000000000,0.0000,0.0000,0.0000,0.0000,0.0000,0.000000000,0.000000000,-0.000000000,0.0000,0.0000,0.0000,0.0000,0.0000,0.0000,0.0000,0.0000,0.0000,00000000,544328*98361d87
#RAWIMUA,ICOM3,0,94.3,FINESTEERING,2427,544327.296,00000000,0000,797;2427,544327.296068000,1b020028,1162621,294480,-519472,-24641,-3081,-8190*4f3eaaa5
#INSPVAXA,ICOM3,0,94.3,FINESTEERING,2427,544327.310,00000000,0128,797;WAITING_AZIMUTH,NONE,0.00000000000,0.00000000000,0.0000,0.0000,0.0000,0.0000,0.0000,0.000000000,0.000000000,-0.000000000,0.0000,0.0000,0.0000,0.0000,0.0000,0.0000,0.0000,0.0000,0.0000,00000000,544328*33e4041a
#RAWIMUA,ICOM3,0,94.3,FINESTEERING,2427,544327.306,00000000,0000,797;2427,544327.306080000,1aff0029,1163084,290909,-519529,-16838,1697,-9707*78c7f342
#INSPVAXA,ICOM3,0,94.3,FINESTEERING,2427,544327.320,00000000,0132,797;WAITING_AZIMUTH,NONE,0.00000000000,0.00000000000,0.0000,0.0000,0.0000,0.0000,0.0000,0.000000000,0.000000000,-0.000000000,0.0000,0.0000,0.0000,0.0000,0.0000,0.0000,0.0000,0.0000,0.0000,00000000,544328*9f72cb69
#RAWIMUA,ICOM3,0,94.3,FINESTEERING,2427,544327.316,00000000,0000,797;2427,544327.316110000,1aff002a,1163710,290644,-519724,-19854,181,-16220*1c141234
#INSPVAXA,ICOM3,0,94.3,FINESTEERING,2427,544327.330,00000000,013c,797;WAITING_AZIMUTH,NONE,0.00000000000,0.00000000000,0.0000,0.0000,0.0000,0.0000,0.0000,0.000000000,0.000000000,-0.000000000,0.0000,0.0000,0.0000,0.0000,0.0000,0.0000,0.0000,0.0000,0.0000,00000000,544328*b2636103
#RAWIMUA,ICOM3,0,94.3,FINESTEERING,2427,544327.326,00000000,0000,797;2427,544327.326080000,1aff002b,1164426,292908,-519225,-15821,-1330,-12840*dd1a617d
#INSPVAXA,ICOM3,0,94.3,FINESTEERING,2427,544327.340,00000000,0146,797;WAITING_AZIMUTH,NONE,0.00000000000,0.00000000000,0.0000,0.0000,0.0000,0.0000,0.0000,0.000000000,0.000000000,-0.000000000,0.0000,0.0000,0.0000,0.0000,0.0000,0.0000,0.0000,0.0000,0.0000,00000000,544328*51e464d1
#RAWIMUA,ICOM3,0,94.3,FINESTEERING,2427,544327.336,00000000,0000,797;2427,544327.336069000,1af8002c,1164207,294041,-520420,-17264,1236,-13093*be4d3543
#INSPVAXA,ICOM3,0,94.3,FINESTEERING,2427,544327.350,00000000,0150,797;WAITING_AZIMUTH,NONE,0.00000000000,0.00000000000,0.0000,0.0000,0.0000,0.0000,0.0000,0.000000000,0.000000000,-0.000000000,0.0000,0.0000,0.0000,0.0000,0.0000,0.0000,0.0000,0.0000,0.0000,00000000,544328*af772f66
#RAWIMUA,ICOM3,0,94.3,FINESTEERING,2427,544327.346,00000000,0000,797;2427,544327.346062000,1af8002d,1163180,292613,-519418,-21690,1760,-12338*953c3210
#INSPVAXA,ICOM3,0,94.3,FINESTEERING,2427,544327.360,00000000,015a,797;WAITING_AZIMUTH,NONE,0.00000000000,0.00000000000,0.0000,0.0000,0.0000,0.0000,0.0000,0.000000000,0.000000000,-0.000000000,0.0000,0.0000,0.0000,0.0000,0.0000,0.0000,0.0000,0.0000,0.0000,00000000,544328*f5632e01
#RAWIMUA,ICOM3,0,94.3,FINESTEERING,2427,544327.356,00000000,0000,797;2427,544327.356055000,1b01002e,1163445,292642,-519681,-14477,2193,-16535*cf7e5c82
#INSPVAXA,ICOM3,0,94.3,FINESTEERING,2427,544327.370,00000000,0164,797;WAITING_AZIMUTH,NONE,0.00000000000,0.00000000000,0.0000,0.0000,0.0000,0.0000,0.0000,0.000000000,0.000000000,-0.000000000,0.0000,0.0000,0.0000,0.0000,0.0000,0.0000,0.0000,0.0000,0.0000,00000000,544328*674efd12
#RAWIMUA,ICOM3,0,94.3,FINESTEERING,2427,544327.366,00000000,0000,797;2427,544327.366048000,1b02002f,1163497,292560,-518269,-22378,-1763,-12814*509e8115
#INSPVAXA,ICOM3,0,94.3,FINESTEERING,2427,544327.380,00000000,016e,797;WAITING_AZIMUTH,NONE,0.00000000000,0.00000000000,0.0000,0.0000,0.0000,0.0000,0.0000,0.000000000,0.000000000,-0.000000000,0.0000,0.0000,0.0000,0.0000,0.0000,0.0000,0.0000,0.0000,0.0000,00000000,544328*d436001a
#RAWIMUA,ICOM3,0,94.3,FINESTEERING,2427,544327.376,00000000,0000,797;2427,544327.376070000,1b000030,1163045,293043,-519062,-17428,-3339,-14427*2d57a10a
#INSPVAXA,ICOM3,0,94.3,FINESTEERING,2427,544327.390,00000000,0178,797;WAITING_AZIMUTH,NONE,0.00000000000,0.00000000000,0.0000,0.0000,0.0000,0.0000,0.0000,0.000000000,0.000000000,-0.000000000,0.0000,0.0000,0.0000,0.0000,0.0000,0.0000,0.0000,0.0000,0.0000,00000000,544328*0bb60c6c
#RAWIMUA,ICOM3,0,94.3,FINESTEERING,2427,544327.386,00000000,0000,797;2427,544327.386062000,1afc0031,1164002,291956,-519444,-9920,-1325,-18124*4b55a156
#INSPVAXA,ICOM3,0,94.3,FINESTEERING,2427,544327.400,00000000,0182,797;WAITING_AZIMUTH,NONE,0.00000000000,0.00000000000,0.0000,0.0000,0.0000,0.0000,0.0000,0.000000000,0.000000000,-0.000000000,0.0000,0.0000,0.0000,0.0000,0.0000,0.0000,0.0000,0.0000,0.0000,00000000,544328*fda41a06
#RAWIMUA,ICOM3,0,94.3,FINESTEERING,2427,544327.396,00000000,0000,797;2427,544327.396055000,1afc0032,1163213,293006,-519422,-19854,-411,-21806*d97486f5
#INSPVAXA,ICOM3,0,94.3,FINESTEERING,2427,544327.410,00000000,018c,797;WAITING_AZIMUTH,NONE,0.00000000000,0.00000000000,0.0000,0.0000,0.0000,0.0000,0.0000,0.000000000,0.000000000,-0.000000000,0.0000,0.0000,0.0000,0.0000,0.0000,0.0000,0.0000,0.0000,0.0000,00000000,544328*d0b5b06c
#RAWIMUA,ICOM3,0,94.3,FINESTEERING,2427,544327.406,00000000,0000,797;2427,544327.406071000,1aff0033,1163319,292473,-520204,-17920,-4459,-13447*0833b955
#INSPVAXA,ICOM3,0,94.3,FINESTEERING,2427,544327.420,00000000,0196,797;WAITING_AZIMUTH,NONE,0.00000000000,0.00000000000,0.0000,0.0000,0.0000,0.0000,0.0000,0.000000000,0.000000000,-0.000000000,0.0000,0.0000,0.0000,0.0000,0.0000,0.0000,0.0000,0.0000,0.0000,00000000,544328*41cfdd99
#RAWIMUA,ICOM3,0,94.3,FINESTEERING,2427,544327.416,00000000,0000,797;2427,544327.416123000,1afe0034,1163957,291573,-521441,-17133,446,-14903*1a7e7bb1
$GPGGA,071149.40,3109.8268607,N,12127.2280381,E,4,34,0.7,6.090,M,11.031,M,1.400,1793*46
#BESTGNSSPOSA,ICOM3,0,94.3,FINESTEERING,2427,544327.400,03e1c002,0000,797;SOL_COMPUTED,NARROW_INT,31.16378101212,121.45380063457,6.0904,11.0314,WGS84,0.0159,0.0145,0.0279,"1793",1.400,0.014,37,34,34,34,00,00,30,37*d73abb12
#HEADINGA,ICOM3,0,94.3,FINESTEERING,2427,544327.400,00000000,0000,797;SOL_COMPUTED,NONE,0.000000000,0.000000000,0.000000000,0.0,0.000000000,0.000000000,"1793",0,0,0,0,0,00,30,37*45115298
$GPGSV,2,1,05,12,18,142,25,18,50,220,43,20,15,066,38,24,69,049,44*77
$GPGSV,2,2,05,32,10,270,39,,,,,,,,,,,,*43
$GLGSV,3,1,09,70,18,070,44,72,22,303,41,73,48,103,47,74,24,161,36*68
$GLGSV,3,2,09,85,05,190,38,86,39,247,47,87,33,298,44,90,00,000,36*60
$GLGSV,3,3,09,91,00,000,35,,,,,,,,,,,,*52
$GAGSV,2,1,06,03,24,264,46,05,63,319,30,11,09,161,39,31,13,075,40*61
$GAGSV,2,2,06,34,54,291,43,36,51,190,48,,,,,,,,*60
$GQGSV,1,1,02,03,44,169,44,07,53,169,39,,,,,,,,*72
$GBGSV,4,1,15,01,48,147,49,02,35,242,46,03,55,202,48,04,37,120,42*60
$GBGSV,4,2,15,06,69,040,45,07,57,190,48,10,46,191,45,11,24,271,44*6D
$GBGSV,4,3,15,12,11,294,44,20,28,304,44,23,49,089,48,27,00,000,27*6A
$GBGSV,4,4,15,30,24,240,41,37,38,167,47,41,24,084,47,,,,*59
$GPGSA,M,3,12,18,20,24,32,,,,,,,,1.4,0.7,1.2,1*2D
#INSPVAXA,ICOM3,0,94.3,FINESTEERING,2427,544327.430,00000000,01a0,797;WAITING_AZIMUTH,NONE,0.00000000000,0.00000000000,0.0000,0.0000,0.0000,0.0000,0.0000,0.000000000,0.000000000,-0.000000000,0.0000,0.0000,0.0000,0.0000,0.0000,0.0000,0.0000,0.0000,0.0000,00000000,544328*274c62a4
#RAWIMUA,ICOM3,0,94.3,FINESTEERING,2427,544327.426,00000000,0000,797;2427,544327.426065000,1afb0035,1162360,291010,-519431,-23428,902,-6956*cef82d72
#INSPVAXA,ICOM3,0,94.3,FINESTEERING,2427,544327.440,00000000,01aa,797;WAITING_AZIMUTH,NONE,0.00000000000,0.00000000000,0.0000,0.0000,0.0000,0.0000,0.0000,0.000000000,0.000000000,-0.000000000,0.0000,0.0000,0.0000,0.0000,0.0000,0.0000,0.0000,0.0000,0.0000,00000000,544328*935335d9
#RAWIMUA,ICOM3,0,94.3,FINESTEERING,2427,544327.436,00000000,0000,797;2427,544327.436056000,1af80036,1162155,292916,-518830,-14116,54,-13752*9688a211
#INSPVAXA,ICOM3,0,94.3,FINESTEERING,2427,544327.450,00000000,01b4,797;WAITING_AZIMUTH,NONE,0.00000000000,0.00000000000,0.0000,0.0000,0.0000,0.0000,0.0000,0.000000000,0.000000000,-0.000000000,0.0000,0.0000,0.0000,0.0000,0.0000,0.0000,0.0000,0.0000,0.0000,00000000,544328*017ee6ca
#RAWIMUA,ICOM3,0,94.3,FINESTEERING,2427,544327.446,00000000,0000,797;2427,544327.446048000,1afa0037,1163802,292124,-519183,-19624,-5447,-20941*1b83d852
#INSPVAXA,ICOM3,0,94.3,FINESTEERING,2427,544327.460,00000000,01be,797;WAITING_AZIMUTH,NONE,0.00000000000,0.00000000000,0.0000,0.0000,0.0000,0.0000,0.0000,0.000000000,0.000000000,-0.000000000,0.0000,0.0000,0.0000,0.0000,0.0000,0.0000,0.0000,0.0000,0.0000,00000000,544328*5b6ae7ad
#RAWIMUA,ICOM3,0,94.3,FINESTEERING,2427,544327.456,00000000,0000,797;2427,544327.456071000,1afe0038,1161927,291867,-518949,-18969,-4690,-16470*ddaa0d5e
#INSPVAXA,ICOM3,0,94.3,FINESTEERING,2427,544327.470,00000000,01c8,797;WAITING_AZIMUTH,NONE,0.00000000000,0.00000000000,0.0000,0.0000,0.0000,0.0000,0.0000,0.000000000,0.000000000,-0.000000000,0.0000,0.0000,0.0000,0.0000,0.0000,0.0000,0.0000,0.0000,0.0000,00000000,544328*84eaebdb
#RAWIMUA,ICOM3,0,94.3,FINESTEERING,2427,544327.466,00000000,0000,797;2427,544327.466063000,1aff0039,1163875,292507,-519975,-19198,1663,-17395*cb8fdcc4
#INSPVAXA,ICOM3,0,94.3,FINESTEERING,2427,544327.480,00000000,01d2,797;WAITING_AZIMUTH,NONE,0.00000000000,0.00000000000,0.0000,0.0000,0.0000,0.0000,0.0000,0.000000000,0.000000000,-0.000000000,0.0000,0.0000,0.0000,0.0000,0.0000,0.0000,0.0000,0.0000,0.0000,00000000,544328*5de6e6fa
#RAWIMUA,ICOM3,0,94.3,FINESTEERING,2427,544327.476,00000000,0000,797;2427,544327.476056000,1aff003a,1164555,292681,-519026,-17624,2322,-7373*473f59a8
#INSPVAXA,ICOM3,0,94.3,FINESTEERING,2427,544327.490,00000000,01dc,797;WAITING_AZIMUTH,NONE,0.00000000000,0.00000000000,0.0000,0.0000,0.0000,0.0000,0.0000,0.000000000,0.000000000,-0.000000000,0.0000,0.0000,0.0000,0.0000,0.0000,0.0000,0.0000,0.0000,0.0000,00000000,544328*70f74c90
#RAWIMUA,ICOM3,0,94.3,FINESTEERING,2427,544327.486,00000000,0000,797;2427,544327.486049000,1afd003b,1164072,293489,-520019,-25001,-810,-14421*00e5f328
#INSPVAXA,ICOM3,0,94.3,FINESTEERING,2427,544327.500,00000000,01e6,797;WAITING_AZIMUTH,NONE,0.00000000000,0.00000000000,0.0000,0.0000,0.0000,0.0000,0.0000,0.000000000,0.000000000,-0.000000000,0.0000,0.0000,0.0000,0.0000,0.0000,0.0000,0.0000,0.0000,0.0000,00000000,544328*ae8c1c96
#RAWIMUA,ICOM3,0,94.3,FINESTEERING,2427,544327.496,00000000,0000,797;2427,544327.496072000,1afb003c,1162771,291873,-521148,-18083,512,-11224*ca18e403
#INSPVAXA,ICOM3,0,94.3,FINESTEERING,2427,544327.510,00000000,01f0,797;WAITING_AZIMUTH,NONE,0.00000000000,0.00000000000,0.0000,0.0000,0.0000,0.0000,0.0000,0.000000000,0.000000000,-0.000000000,0.0000,0.0000,0.0000,0.0000,0.0000,0.0000,0.0000,0.0000,0.0000,00000000,544328*244d42ca
#RAWIMUA,ICOM3,0,94.3,FINESTEERING,2427,544327.506,00000000,0000,797;2427,544327.506089000,1afb003d,1162846,292030,-518886,-15887,2686,-12888*53fc4d21
#INSPVAXA,ICOM3,0,94.3,FINESTEERING,2427,544327.520,00000000,01fa,797;WAITING_AZIMUTH,NONE,0.00000000000,0.00000000000,0.0000,0.0000,0.0000,0.0000,0.0000,0.000000000,0.000000000,-0.000000000,0.0000,0.0000,0.0000,0.0000,0.0000,0.0000,0.0000,0.0000,0.0000,00000000,544328*7e5943ad
#RAWIMUA,ICOM3,0,94.3,FINESTEERING,2427,544327.516,00000000,0000,797;2427,544327.516107000,1afd003e,1163155,292636,-520238,-22837,1265,-10107*72ef2bd6
#INSPVAXA,ICOM3,0,94.3,FINESTEERING,2427,544327.530,00000000,0204,797;WAITING_AZIMUTH,NONE,0.00000000000,0.00000000000,0.0000,0.0000,0.0000,0.0000,0.0000,0.000000000,0.000000000,-0.000000000,0.0000,0.0000,0.0000,0.0000,0.0000,0.0000,0.0000,0.0000,0.0000,00000000,544328*573bc038
#RAWIMUA,ICOM3,0,94.3,FINESTEERING,2427,544327.526,00000000,0000,797;2427,544327.526051000,1afa003f,1162282,293347,-518376,-21198,2813,-13055*21975a87
#INSPVAXA,ICOM3,0,94.3,FINESTEERING,2427,544327.540,00000000,020e,797;WAITING_AZIMUTH,NONE,0.00000000000,0.00000000000,0.0000,0.0000,0.0000,0.0000,0.0000,0.000000000,0.000000000,-0.000000000,0.0000,0.0000,0.0000,0.0000,0.0000,0.0000,0.0000,0.0000,0.0000,00000000,544328*e3249745
#RAWIMUA,ICOM3,0,94.3,FINESTEERING,2427,544327.536,00000000,0000,797;2427,544327.536043000,1afc0040,1163868,292647,-519255,-19985,-247,-16024*04f4e0e3
#INSPVAXA,ICOM3,0,94.3,FINESTEERING,2427,544327.550,00000000,0218,797;WAITING_AZIMUTH,NONE,0.00000000000,0.00000000000,0.0000,0.0000,0.0000,0.0000,0.0000,0.000000000,0.000000000,-0.000000000,0.0000,0.0000,0.0000,0.0000,0.0000,0.0000,0.0000,0.0000,0.0000,00000000,544328*3ca49b33
#RAWIMUA,ICOM3,0,94.3,FINESTEERING,2427,544327.546,00000000,0000,797;2427,544327.546066000,1afc0041,1163241,291735,-518916,-16870,4462,-13472*95b59282
#INSPVAXA,ICOM3,0,94.3,FINESTEERING,2427,544327.560,00000000,0222,797;WAITING_AZIMUTH,NONE,0.00000000000,0.00000000000,0.0000,0.0000,0.0000,0.0000,0.0000,0.000000000,0.000000000,-0.000000000,0.0000,0.0000,0.0000,0.0000,0.0000,0.0000,0.0000,0.0000,0.0000,00000000,544328*e46041ab
#RAWIMUA,ICOM3,0,94.3,FINESTEERING,2427,544327.556,00000000,0000,797;2427,544327.556059000,1afb0042,1162596,291427,-520125,-15559,1337,-18477*fde46864
#INSPVAXA,ICOM3,0,94.3,FINESTEERING,2427,544327.570,00000000,022c,797;WAITING_AZIMUTH,NONE,0.00000000000,0.00000000000,0.0000,0.0000,0.0000,0.0000,0.0000,0.000000000,0.000000000,-0.000000000,0.0000,0.0000,0.0000,0.0000,0.0000,0.0000,0.0000,0.0000,0.0000,00000000,544328*c971ebc1
#RAWIMUA,ICOM3,0,94.3,FINESTEERING,2427,544327.566,00000000,0000,797;2427,544327.566052000,1afa0043,1162786,292777,-519452,-17198,-2318,-17115*3036c653
#INSPVAXA,ICOM3,0,94.3,FINESTEERING,2427,544327.580,00000000,0236,797;WAITING_AZIMUTH,NONE,0.00000000000,0.00000000000,0.0000,0.0000,0.0000,0.0000,0.0000,0.000000000,0.000000000,-0.000000000,0.0000,0.0000,0.0000,0.0000,0.0000,0.0000,0.0000,0.0000,0.0000,00000000,544328*b1677a5b
#RAWIMUA,ICOM3,0,94.3,FINESTEERING,2427,544327.576,00000000,0000,797;2427,544327.576044000,1afa0044,1161409,291991,-519639,-25165,572,-11032*16c3cac8
#INSPVAXA,ICOM3,0,94.3,FINESTEERING,2427,544327.590,00000000,0240,797;WAITING_AZIMUTH,NONE,0.00000000000,0.00000000000,0.0000,0.0000,0.0000,0.0000,0.0000,0.000000000,0.000000000,-0.000000000,0.0000,0.0000,0.0000,0.0000,0.0000,0.0000,0.0000,0.0000,0.0000,00000000,544328*d3020fd1
#RAWIMUA,ICOM3,0,94.3,FINESTEERING,2427,544327.586,00000000,0000,797;2427,544327.586067000,1afd0045,1161708,292575,-520072,-23493,-3541,-16567*6c09c804
#INSPVAXA,ICOM3,0,94.3,FINESTEERING,2427,544327.600,00000000,024a,797;WAITING_AZIMUTH,NONE,0.00000000000,0.00000000000,0.0000,0.0000,0.0000,0.0000,0.0000,0.000000000,0.000000000,-0.000000000,0.0000,0.0000,0.0000,0.0000,0.0000,0.0000,0.0000,0.0000,0.0000,00000000,544328*b8d14a53
#RAWIMUA,ICOM3,0,94.3,FINESTEERING,2427,544327.596,00000000,0000,797;2427,544327.596061000,1aff0046,1162042,292274,-520528,-18936,-838,-13234*91a96273
#INSPVAXA,ICOM3,0,94.3,FINESTEERING,2427,544327.610,00000000,0254,797;WAITING_AZIMUTH,NONE,0.00000000000,0.00000000000,0.0000,0.0000,0.0000,0.0000,0.0000,0.000000000,0.000000000,-0.000000000,0.0000,0.0000,0.0000,0.0000,0.0000,0.0000,0.0000,0.0000,0.0000,00000000,544328*5eae8cab
#RAWIMUA,ICOM3,0,94.3,FINESTEERING,2427,544327.606,00000000,0000,797;2427,544327.606079000,1b020047,1163807,293491,-519822,-23296,5609,-15377*c6103f73
#INSPVAXA,ICOM3,0,94.3,FINESTEERING,2427,544327.620,00000000,025e,797;WAITING_AZIMUTH,NONE,0.00000000000,0.00000000000,0.0000,0.0000,0.0000,0.0000,0.0000,0.000000000,0.000000000,-0.000000000,0.0000,0.0000,0.0000,0.0000,0.0000,0.0000,0.0000,0.0000,0.0000,00000000,544328*04ba8dcc
#RAWIMUA,ICOM3,0,94.3,FINESTEERING,2427,544327.616,00000000,0000,797;2427,544327.616123000,1b000048,1162684,291799,-519080,-20542,543,-10569*b6f2c905
$GPGGA,071149.60,3109.8268600,N,12127.2280375,E,4,34,0.7,6.093,M,11.031,M,1.600,1793*49
#BESTGNSSPOSA,ICOM3,0,94.3,FINESTEERING,2427,544327.600,03e1c002,0000,797;SOL_COMPUTED,NARROW_INT,31.16378100073,121.45380062492,6.0928,11.0314,WGS84,0.0165,0.0150,0.0284,"1793",1.600,0.014,37,34,34,34,00,00,30,37*54b192ed
#HEADINGA,ICOM3,0,94.3,FINESTEERING,2427,544327.600,00000000,0000,797;SOL_COMPUTED,NONE,0.000000000,0.000000000,0.000000000,0.0,0.000000000,0.000000000,"1793",0,0,0,0,0,00,30,37*e1a7691f
$GPGSV,2,1,05,12,18,142,26,18,50,220,43,20,15,066,38,24,69,049,44*74
$GPGSV,2,2,05,32,10,270,39,,,,,,,,,,,,*43
$GLGSV,3,1,09,70,18,070,44,72,22,303,41,73,48,103,47,74,24,161,37*69
$GLGSV,3,2,09,85,05,190,38,86,39,247,47,87,33,298,44,90,00,000,36*60
$GLGSV,3,3,09,91,00,000,34,,,,,,,,,,,,*53
$GAGSV,2,1,06,03,24,264,46,05,63,319,30,11,09,161,39,31,13,075,40*61
$GAGSV,2,2,06,34,54,291,43,36,51,190,48,,,,,,,,*60
$GQGSV,1,1,02,03,44,169,44,07,53,169,39,,,,,,,,*72
$GBGSV,4,1,15,01,48,147,49,02,35,242,46,03,55,202,48,04,37,120,42*60
$GBGSV,4,2,15,06,69,040,45,07,57,190,48,10,46,191,45,11,24,271,44*6D
$GBGSV,4,3,15,12,11,294,44,20,28,304,44,23,49,089,48,27,00,000,27*6A
$GBGSV,4,4,15,30,24,240,41,37,38,167,47,41,24,084,47,,,,*59
$GPGSA,M,3,12,18,20,24,32,,,,,,,,1.4,0.7,1.2,1*2D
#INSPVAXA,ICOM3,0,94.3,FINESTEERING,2427,544327.630,00000000,0268,797;WAITING_AZIMUTH,NONE,0.00000000000,0.00000000000,0.0000,0.0000,0.0000,0.0000,0.0000,0.000000000,0.000000000,-0.000000000,0.0000,0.0000,0.0000,0.0000,0.0000,0.0000,0.0000,0.0000,0.0000,00000000,544328*af689451
#RAWIMUA,ICOM3,0,94.3,FINESTEERING,2427,544327.626,00000000,0000,797;2427,544327.626074000,1afe0049,1162617,292914,-518962,-21591,3537,-16403*c1fd3588
#INSPVAXA,ICOM3,0,94.3,FINESTEERING,2427,544327.640,00000000,0272,797;WAITING_AZIMUTH,NONE,0.00000000000,0.00000000000,0.0000,0.0000,0.0000,0.0000,0.0000,0.000000000,0.000000000,-0.000000000,0.0000,0.0000,0.0000,0.0000,0.0000,0.0000,0.0000,0.0000,0.0000,00000000,544328*edf50d38
#RAWIMUA,ICOM3,0,94.3,FINESTEERING,2427,544327.636,00000000,0000,797;2427,544327.636061000,1af7004a,1165121,293456,-519823,-20903,-511,-19146*a68a025a
#INSPVAXA,ICOM3,0,94.3,FINESTEERING,2427,544327.650,00000000,027c,797;WAITING_AZIMUTH,NONE,0.00000000000,0.00000000000,0.0000,0.0000,0.0000,0.0000,0.0000,0.000000000,0.000000000,-0.000000000,0.0000,0.0000,0.0000,0.0000,0.0000,0.0000,0.0000,0.0000,0.0000,00000000,544328*c0e4a752
#RAWIMUA,ICOM3,0,94.3,FINESTEERING,2427,544327.646,00000000,0000,797;2427,544327.646054000,1afd004b,1163214,291138,-519499,-20608,4229,-13968*cbc44f0c
#INSPVAXA,ICOM3,0,94.3,FINESTEERING,2427,544327.660,00000000,0286,797;WAITING_AZIMUTH,NONE,0.00000000000,0.00000000000,0.0000,0.0000,0.0000,0.0000,0.0000,0.000000000,0.000000000,-0.000000000,0.0000,0.0000,0.0000,0.0000,0.0000,0.0000,0.0000,0.0000,0.0000,00000000,544328*c751a577
#RAWIMUA,ICOM3,0,94.3,FINESTEERING,2427,544327.656,00000000,0000,797;2427,544327.656046000,1b00004c,1163090,292668,-520304,-16280,-1890,-11397*8911e2ca
#INSPVAXA,ICOM3,0,94.3,FINESTEERING,2427,544327.670,00000000,0290,797;WAITING_AZIMUTH,NONE,0.00000000000,0.00000000000,0.0000,0.0000,0.0000,0.0000,0.0000,0.000000000,0.000000000,-0.000000000,0.0000,0.0000,0.0000,0.0000,0.0000,0.0000,0.0000,0.0000,0.0000,00000000,544328*39c2eec0
#RAWIMUA,ICOM3,0,94.3,FINESTEERING,2427,544327.666,00000000,0000,797;2427,544327.666039000,1b01004d,1163249,290710,-519691,-22903,310,-14217*40fb9dc7
#INSPVAXA,ICOM3,0,94.3,FINESTEERING,2427,544327.680,00000000,029a,797;WAITING_AZIMUTH,NONE,0.00000000000,0.00000000000,0.0000,0.0000,0.0000,0.0000,0.0000,0.000000000,0.000000000,-0.000000000,0.0000,0.0000,0.0000,0.0000,0.0000,0.0000,0.0000,0.0000,0.0000,00000000,544328*8aba13c8
#RAWIMUA,ICOM3,0,94.3,FINESTEERING,2427,544327.676,00000000,0000,797;2427,544327.676062000,1aff004e,1162487,292257,-519118,-20706,-149,-19112*e7a6cae4
#INSPVAXA,ICOM3,0,94.3,FINESTEERING,2427,544327.690,00000000,02a4,797;WAITING_AZIMUTH,NONE,0.00000000000,0.00000000000,0.0000,0.0000,0.0000,0.0000,0.0000,0.000000000,0.000000000,-0.000000000,0.0000,0.0000,0.0000,0.0000,0.0000,0.0000,0.0000,0.0000,0.0000,00000000,544328*f4d521ba
#RAWIMUA,ICOM3,0,94.3,FINESTEERING,2427,544327.686,00000000,0000,797;2427,544327.686057000,1b02004f,1161951,293187,-518111,-25263,276,-8734*d42ccd7f
#INSPVAXA,ICOM3,0,94.3,FINESTEERING,2427,544327.700,00000000,02ae,797;WAITING_AZIMUTH,NONE,0.00000000000,0.00000000000,0.0000,0.0000,0.0000,0.0000,0.0000,0.000000000,0.000000000,-0.000000000,0.0000,0.0000,0.0000,0.0000,0.0000,0.0000,0.0000,0.0000,0.0000,00000000,544328*e1c01d2e
#RAWIMUA,ICOM3,0,94.3,FINESTEERING,2427,544327.696,00000000,0000,797;2427,544327.696049000,1afc0050,1163122,291262,-520157,-18706,2717,-15912*9d2140c4
#INSPVAXA,ICOM3,0,94.3,FINESTEERING,2427,544327.710,00000000,02b8,797;WAITING_AZIMUTH,NONE,0.00000000000,0.00000000000,0.0000,0.0000,0.0000,0.0000,0.0000,0.000000000,0.000000000,-0.000000000,0.0000,0.0000,0.0000,0.0000,0.0000,0.0000,0.0000,0.0000,0.0000,00000000,544328*4a1204b3
#RAWIMUA,ICOM3,0,94.3,FINESTEERING,2427,544327.706,00000000,0000,797;2427,544327.706062000,1afd0051,1162390,291830,-519244,-19854,10517,-8914*54249e09
#INSPVAXA,ICOM3,0,94.3,FINESTEERING,2427,544327.720,00000000,02c2,797;WAITING_AZIMUTH,NONE,0.00000000000,0.00000000000,0.0000,0.0000,0.0000,0.0000,0.0000,0.000000000,0.000000000,-0.000000000,0.0000,0.0000,0.0000,0.0000,0.0000,0.0000,0.0000,0.0000,0.0000,00000000,544328*e684cbc0
#RAWIMUA,ICOM3,0,94.3,FINESTEERING,2427,544327.716,00000000,0000,797;2427,544327.716106000,1afe0052,1163048,292057,-519346,-11920,-372,-14574*2cf069d3
#INSPVAXA,ICOM3,0,94.3,FINESTEERING,2427,544327.730,00000000,02cc,797;WAITING_AZIMUTH,NONE,0.00000000000,0.00000000000,0.0000,0.0000,0.0000,0.0000,0.0000,0.000000000,0.000000000,-0.000000000,0.0000,0.0000,0.0000,0.0000,0.0000,0.0000,0.0000,0.0000,0.0000,00000000,544328*cb9561aa
#RAWIMUA,ICOM3,0,94.3,FINESTEERING,2427,544327.726,00000000,0000,797;2427,544327.726098000,1afc0053,1163529,291939,-518196,-18542,7786,-19272*1ba4d8c7
#INSPVAXA,ICOM3,0,94.3,FINESTEERING,2427,544327.740,00000000,02d6,797;WAITING_AZIMUTH,NONE,0.00000000000,0.00000000000,0.0000,0.0000,0.0000,0.0000,0.0000,0.000000000,0.000000000,-0.000000000,0.0000,0.0000,0.0000,0.0000,0.0000,0.0000,0.0000,0.0000,0.0000,00000000,544328*28126478
#RAWIMUA,ICOM3,0,94.3,FINESTEERING,2427,544327.736,00000000,0000,797;2427,544327.736052000,1afb0054,1163904,291923,-519509,-22083,4327,-16531*f949135c
#INSPVAXA,ICOM3,0,94.3,FINESTEERING,2427,544327.750,00000000,02e0,797;WAITING_AZIMUTH,NONE,0.00000000000,0.00000000000,0.0000,0.0000,0.0000,0.0000,0.0000,0.000000000,0.000000000,-0.000000000,0.0000,0.0000,0.0000,0.0000,0.0000,0.0000,0.0000,0.0000,0.0000,00000000,544328*d6812fcf
#RAWIMUA,ICOM3,0,94.3,FINESTEERING,2427,544327.746,00000000,0000,797;2427,544327.746041000,1af70055,1163448,292476,-519909,-24739,6695,-17146*099644cc
#INSPVAXA,ICOM3,0,94.3,FINESTEERING,2427,544327.760,00000000,02ea,797;WAITING_AZIMUTH,NONE,0.00000000000,0.00000000000,0.0000,0.0000,0.0000,0.0000,0.0000,0.000000000,0.000000000,-0.000000000,0.0000,0.0000,0.0000,0.0000,0.0000,0.0000,0.0000,0.0000,0.0000,00000000,544328*8c952ea8
#RAWIMUA,ICOM3,0,94.3,FINESTEERING,2427,544327.756,00000000,0000,797;2427,544327.756083000,1af80056,1163511,291693,-519670,-18903,3144,-15811*9f433ae4
#INSPVAXA,ICOM3,0,94.3,FINESTEERING,2427,544327.770,00000000,02f4,797;WAITING_AZIMUTH,NONE,0.00000000000,0.00000000000,0.0000,0.0000,0.0000,0.0000,0.0000,0.000000000,0.000000000,-0.000000000,0.0000,0.0000,0.0000,0.0000,0.0000,0.0000,0.0000,0.0000,0.0000,00000000,544328*1eb8fdbb
#RAWIMUA,ICOM3,0,94.3,FINESTEERING,2427,544327.766,00000000,0000,797;2427,544327.766056000,1afe0057,1164036,292282,-519612,-21198,-906,-11068*0a8a7f99
#INSPVAXA,ICOM3,0,94.3,FINESTEERING,2427,544327.780,00000000,02fe,797;WAITING_AZIMUTH,NONE,0.00000000000,0.00000000000,0.0000,0.0000,0.0000,0.0000,0.0000,0.000000000,0.000000000,-0.000000000,0.0000,0.0000,0.0000,0.0000,0.0000,0.0000,0.0000,0.0000,0.0000,00000000,544328*adc000b3
#RAWIMUA,ICOM3,0,94.3,FINESTEERING,2427,544327.776,00000000,0000,797;2427,544327.776046000,1b020058,1163136,291938,-518327,-19296,1465,-17363*7936cee6
#INSPVAXA,ICOM3,0,94.3,FINESTEERING,2427,544327.790,00000000,0308,797;WAITING_AZIMUTH,NONE,0.00000000000,0.00000000000,0.0000,0.0000,0.0000,0.0000,0.0000,0.000000000,0.000000000,-0.000000000,0.0000,0.0000,0.0000,0.0000,0.0000,0.0000,0.0000,0.0000,0.0000,00000000,544328*8af1204d
#RAWIMUA,ICOM3,0,94.3,FINESTEERING,2427,544327.786,00000000,0000,797;2427,544327.786037000,1afe0059,1163475,292319,-519349,-22050,-2585,-8087*9c1328f5
#INSPVAXA,ICOM3,0,94.3,FINESTEERING,2427,544327.800,00000000,0312,797;WAITING_AZIMUTH,NONE,0.00000000000,0.00000000000,0.0000,0.0000,0.0000,0.0000,0.0000,0.000000000,0.000000000,-0.000000000,0.0000,0.0000,0.0000,0.0000,0.0000,0.0000,0.0000,0.0000,0.0000,00000000,544328*ca44bbee
#RAWIMUA,ICOM3,0,94.3,FINESTEERING,2427,544327.796,00000000,0000,797;2427,544327.796061000,1afd005a,1163312,291990,-519476,-17395,874,-14506*a4ec7e3f
#INSPVAXA,ICOM3,0,94.3,FINESTEERING,2427,544327.810,00000000,031c,797;WAITING_AZIMUTH,NONE,0.00000000000,0.00000000000,0.0000,0.0000,0.0000,0.0000,0.0000,0.000000000,0.000000000,-0.000000000,0.0000,0.0000,0.0000,0.0000,0.0000,0.0000,0.0000,0.0000,0.0000,00000000,544328*e7551184
#RAWIMUA,ICOM3,0,94.3,FINESTEERING,2427,544327.806,00000000,0000,797;2427,544327.806083000,1b01005b,1163681,291621,-520161,-22903,1857,-14079*a95ba915
#INSPVAXA,ICOM3,0,94.3,FINESTEERING,2427,544327.820,00000000,0326,797;WAITING_AZIMUTH,NONE,0.00000000000,0.00000000000,0.0000,0.0000,0.0000,0.0000,0.0000,0.000000000,0.000000000,-0.000000000,0.0000,0.0000,0.0000,0.0000,0.0000,0.0000,0.0000,0.0000,0.0000,00000000,544328*027d699a
#RAWIMUA,ICOM3,0,94.3,FINESTEERING,2427,544327.816,00000000,0000,797;2427,544327.816110000,1b03005c,1163661,292069,-518264,-24247,-3278,-17978*826aab28
$GPGGA,071149.80,3109.8268623,N,12127.2280374,E,4,34,0.7,6.100,M,11.031,M,0.800,1793*43
#BESTGNSSPOSA,ICOM3,0,94.3,FINESTEERING,2427,544327.800,c3e1c002,0000,797;SOL_COMPUTED,NARROW_INT,31.16378103841,121.45380062318,6.0999,11.0314,WGS84,0.0170,0.0155,0.0290,"1793",0.800,0.014,37,34,34,34,00,00,30,37*53001297
#HEADINGA,ICOM3,0,94.3,FINESTEERING,2427,544327.800,00000000,0000,797;SOL_COMPUTED,NONE,0.000000000,0.000000000,0.000000000,0.0,0.000000000,0.000000000,"1793",0,0,0,0,0,00,30,37*2847c708
$GPGSV,2,1,05,12,18,142,26,18,50,220,43,20,15,066,38,24,69,049,44*74
$GPGSV,2,2,05,32,10,270,39,,,,,,,,,,,,*43
$GLGSV,3,1,09,70,18,070,44,72,22,303,41,73,48,103,47,74,24,161,37*69
$GLGSV,3,2,09,85,05,190,38,86,39,247,47,87,33,298,44,90,00,000,36*60
$GLGSV,3,3,09,91,00,000,34,,,,,,,,,,,,*53
$GAGSV,2,1,06,03,24,264,46,05,63,319,30,11,09,161,39,31,13,075,40*61
$GAGSV,2,2,06,34,54,291,43,36,51,190,48,,,,,,,,*60
$GQGSV,1,1,02,03,44,169,44,07,53,169,39,,,,,,,,*72
$GBGSV,4,1,15,01,48,147,49,02,35,242,46,03,55,202,48,04,37,120,42*60
$GBGSV,4,2,15,06,69,040,44,07,57,190,48,10,46,191,45,11,24,271,44*6C
$GBGSV,4,3,15,12,11,294,44,20,28,304,44,23,49,089,48,27,00,000,26*6B
$GBGSV,4,4,15,30,24,240,41,37,38,167,47,41,24,084,47,,,,*59
$GPGSA,M,3,12,18,20,24,32,,,,,,,,1.4,0.7,1.2,1*2D
#INSPVAXA,ICOM3,0,94.3,FINESTEERING,2427,544327.830,00000000,0330,797;WAITING_AZIMUTH,NONE,0.00000000000,0.00000000000,0.0000,0.0000,0.0000,0.0000,0.0000,0.000000000,0.000000000,-0.000000000,0.0000,0.0000,0.0000,0.0000,0.0000,0.0000,0.0000,0.0000,0.0000,00000000,544328*fcee222d
#RAWIMUA,ICOM3,0,94.3,FINESTEERING,2427,544327.826,00000000,0000,797;2427,544327.826044000,1b03005d,1164496,291430,-519569,-18280,4099,-17383*64a16fa4
#INSPVAXA,ICOM3,0,94.3,FINESTEERING,2427,544327.840,00000000,033a,797;WAITING_AZIMUTH,NONE,0.00000000000,0.00000000000,0.0000,0.0000,0.0000,0.0000,0.0000,0.000000000,0.000000000,-0.000000000,0.0000,0.0000,0.0000,0.0000,0.0000,0.0000,0.0000,0.0000,0.0000,00000000,544328*48f17550
#RAWIMUA,ICOM3,0,94.3,FINESTEERING,2427,544327.836,00000000,0000,797;2427,544327.836063000,1b02005e,1162785,291338,-519304,-21362,-7094,-15103*4ccf32ab
#INSPVAXA,ICOM3,0,94.3,FINESTEERING,2427,544327.850,00000000,0344,797;WAITING_AZIMUTH,NONE,0.00000000000,0.00000000000,0.0000,0.0000,0.0000,0.0000,0.0000,0.000000000,0.000000000,-0.000000000,0.0000,0.0000,0.0000,0.0000,0.0000,0.0000,0.0000,0.0000,0.0000,00000000,544328*32788d95
#RAWIMUA,ICOM3,0,94.3,FINESTEERING,2427,544327.846,00000000,0000,797;2427,544327.846055000,1afd005f,1161926,292981,-518896,-18378,-3636,-12885*7a143a7f
#INSPVAXA,ICOM3,0,94.3,FINESTEERING,2427,544327.860,00000000,034e,797;WAITING_AZIMUTH,NONE,0.00000000000,0.00000000000,0.0000,0.0000,0.0000,0.0000,0.0000,0.000000000,0.000000000,-0.000000000,0.0000,0.0000,0.0000,0.0000,0.0000,0.0000,0.0000,0.0000,0.0000,00000000,544328*686c8cf2
#RAWIMUA,ICOM3,0,94.3,FINESTEERING,2427,544327.856,00000000,0000,797;2427,544327.856046000,1af90060,1161700,291668,-519242,-20772,-1564,-17738*d98a5a93
#INSPVAXA,ICOM3,0,94.3,FINESTEERING,2427,544327.870,00000000,0358,797;WAITING_AZIMUTH,NONE,0.00000000000,0.00000000000,0.0000,0.0000,0.0000,0.0000,0.0000,0.000000000,0.000000000,-0.000000000,0.0000,0.0000,0.0000,0.0000,0.0000,0.0000,0.0000,0.0000,0.0000,00000000,544328*b7ec8084
#RAWIMUA,ICOM3,0,94.3,FINESTEERING,2427,544327.866,00000000,0000,797;2427,544327.866039000,1afe0061,1161902,292219,-519675,-17198,-2055,-19183*f8a70394
#INSPVAXA,ICOM3,0,94.3,FINESTEERING,2427,544327.880,00000000,0362,797;WAITING_AZIMUTH,NONE,0.00000000000,0.00000000000,0.0000,0.0000,0.0000,0.0000,0.0000,0.000000000,0.000000000,-0.000000000,0.0000,0.0000,0.0000,0.0000,0.0000,0.0000,0.0000,0.0000,0.0000,00000000,544328*8644a673
#RAWIMUA,ICOM3,0,94.3,FINESTEERING,2427,544327.876,00000000,0000,797;2427,544327.876032000,1b010062,1161961,292456,-519054,-19034,-1793,-17180*c75536f0
#INSPVAXA,ICOM3,0,94.3,FINESTEERING,2427,544327.890,00000000,036c,797;WAITING_AZIMUTH,NONE,0.00000000000,0.00000000000,0.0000,0.0000,0.0000,0.0000,0.0000,0.000000000,0.000000000,-0.000000000,0.0000,0.0000,0.0000,0.0000,0.0000,0.0000,0.0000,0.0000,0.0000,00000000,544328*ab550c19
#RAWIMUA,ICOM3,0,94.3,FINESTEERING,2427,544327.886,00000000,0000,797;2427,544327.886055000,1afb0063,1162190,292357,-519020,-22903,-8379,-13237*7d397a5b
#INSPVAXA,ICOM3,0,94.3,FINESTEERING,2427,544327.900,00000000,0376,797;WAITING_AZIMUTH,NONE,0.00000000000,0.00000000000,0.0000,0.0000,0.0000,0.0000,0.0000,0.000000000,0.000000000,-0.000000000,0.0000,0.0000,0.0000,0.0000,0.0000,0.0000,0.0000,0.0000,0.0000,00000000,544328*752e5c1f
#RAWIMUA,ICOM3,0,94.3,FINESTEERING,2427,544327.896,00000000,0000,797;2427,544327.896046000,1afa0064,1162277,292006,-521051,-25853,1460,-16218*4807bdff
#INSPVAXA,ICOM3,0,94.3,FINESTEERING,2427,544327.910,00000000,0380,797;WAITING_AZIMUTH,NONE,0.00000000000,0.00000000000,0.0000,0.0000,0.0000,0.0000,0.0000,0.000000000,0.000000000,-0.000000000,0.0000,0.0000,0.0000,0.0000,0.0000,0.0000,0.0000,0.0000,0.0000,00000000,544328*1d727878
#RAWIMUA,ICOM3,0,94.3,FINESTEERING,2427,544327.906,00000000,0000,797;2427,544327.906072000,1b010065,1162888,291791,-519736,-22706,-4923,-11120*24d01b48
#INSPVAXA,ICOM3,0,94.3,FINESTEERING,2427,544327.920,00000000,038a,797;WAITING_AZIMUTH,NONE,0.00000000000,0.00000000000,0.0000,0.0000,0.0000,0.0000,0.0000,0.000000000,0.000000000,-0.000000000,0.0000,0.0000,0.0000,0.0000,0.0000,0.0000,0.0000,0.0000,0.0000,00000000,544328*4766791f
#RAWIMUA,ICOM3,0,94.3,FINESTEERING,2427,544327.916,00000000,0000,797;2427,544327.916097000,1afe0066,1162389,292748,-519156,-26935,1986,-19764*69a9ea12
#INSPVAXA,ICOM3,0,94.3,FINESTEERING,2427,544327.930,00000000,0394,797;WAITING_AZIMUTH,NONE,0.00000000000,0.00000000000,0.0000,0.0000,0.0000,0.0000,0.0000,0.000000000,0.000000000,-0.000000000,0.0000,0.0000,0.0000,0.0000,0.0000,0.0000,0.0000,0.0000,0.0000,00000000,544328*a119bfe7
#RAWIMUA,ICOM3,0,94.3,FINESTEERING,2427,544327.926,00000000,0000,797;2427,544327.926057000,1afd0067,1163490,292268,-520891,-20575,-2156,-14883*0b5aa6cb
#INSPVAXA,ICOM3,0,94.3,FINESTEERING,2427,544327.940,00000000,039e,797;WAITING_AZIMUTH,NONE,0.00000000000,0.00000000000,0.0000,0.0000,0.0000,0.0000,0.0000,0.000000000,0.000000000,-0.000000000,0.0000,0.0000,0.0000,0.0000,0.0000,0.0000,0.0000,0.0000,0.0000,00000000,544328*1506e89a
#RAWIMUA,ICOM3,0,94.3,FINESTEERING,2427,544327.936,00000000,0000,797;2427,544327.936048000,1afb0068,1162651,292290,-519086,-18870,-806,-17372*56f77b89
#INSPVAXA,ICOM3,0,94.3,FINESTEERING,2427,544327.950,00000000,03a8,797;WAITING_AZIMUTH,NONE,0.00000000000,0.00000000000,0.0000,0.0000,0.0000,0.0000,0.0000,0.000000000,0.000000000,-0.000000000,0.0000,0.0000,0.0000,0.0000,0.0000,0.0000,0.0000,0.0000,0.0000,00000000,544328*52961066
#RAWIMUA,ICOM3,0,94.3,FINESTEERING,2427,544327.946,00000000,0000,797;2427,544327.946041000,1b030069,1163276,291765,-519113,-22378,-3836,-11148*1de035a6
#INSPVAXA,ICOM3,0,94.3,FINESTEERING,2427,544327.960,00000000,03b2,797;WAITING_AZIMUTH,NONE,0.00000000000,0.00000000000,0.0000,0.0000,0.0000,0.0000,0.0000,0.000000000,0.000000000,-0.000000000,0.0000,0.0000,0.0000,0.0000,0.0000,0.0000,0.0000,0.0000,0.0000,00000000,544328*8a52cafe
#RAWIMUA,ICOM3,0,94.3,FINESTEERING,2427,544327.956,00000000,0000,797;2427,544327.956032000,1b03006a,1161922,293870,-518513,-21722,344,-16450*9e1be23f
#INSPVAXA,ICOM3,0,94.3,FINESTEERING,2427,544327.970,00000000,03bc,797;WAITING_AZIMUTH,NONE,0.00000000000,0.00000000000,0.0000,0.0000,0.0000,0.0000,0.0000,0.000000000,0.000000000,-0.000000000,0.0000,0.0000,0.0000,0.0000,0.0000,0.0000,0.0000,0.0000,0.0000,00000000,544328*a7436094
#RAWIMUA,ICOM3,0,94.3,FINESTEERING,2427,544327.966,00000000,0000,797;2427,544327.966057000,1b01006b,1163699,293045,-518800,-21690,5973,-13600*e885ab0d
#INSPVAXA,ICOM3,0,94.3,FINESTEERING,2427,544327.980,00000000,03c6,797;WAITING_AZIMUTH,NONE,0.00000000000,0.00000000000,0.0000,0.0000,0.0000,0.0000,0.0000,0.000000000,0.000000000,-0.000000000,0.0000,0.0000,0.0000,0.0000,0.0000,0.0000,0.0000,0.0000,0.0000,00000000,544328*df55f10e
#RAWIMUA,ICOM3,0,94.3,FINESTEERING,2427,544327.976,00000000,0000,797;2427,544327.976049000,1afd006c,1164328,291435,-519208,-19296,-3209,-13475*76497228
#INSPVAXA,ICOM3,0,94.3,FINESTEERING,2427,544327.990,00000000,03d0,797;WAITING_AZIMUTH,NONE,0.00000000000,0.00000000000,0.0000,0.0000,0.0000,0.0000,0.0000,0.000000000,0.000000000,-0.000000000,0.0000,0.0000,0.0000,0.0000,0.0000,0.0000,0.0000,0.0000,0.0000,00000000,544328*bd308484
#RAWIMUA,ICOM3,0,94.3,FINESTEERING,2427,544327.986,00000000,0000,797;2427,544327.986042000,1afb006d,1162502,293484,-520609,-19624,4526,-21619*a833ce83
#INSPVAXA,ICOM3,0,94.3,FINESTEERING,2427,544328.000,00000000,03da,797;WAITING_AZIMUTH,NONE,0.00000000000,0.00000000000,0.0000,0.0000,0.0000,0.0000,0.0000,0.000000000,0.000000000,-0.000000000,0.0000,0.0000,0.0000,0.0000,0.0000,0.0000,0.0000,0.0000,0.0000,00000000,544329*82956544
#INSCALSTATUSA,ICOM3,0,94.3,FINESTEERING,2427,544328.000,00000000,0000,797;RBV,0.0000,0.0000,0.0000,45.0000,45.0000,45.0000,CALIBRATED,0*09ed2e3c
#RAWIMUA,ICOM3,0,94.3,FINESTEERING,2427,544327.996,00000000,0000,797;2427,544327.996034000,1b00006e,1164131,293922,-519368,-19067,2947,-17685*121556f8
#INSPVAXA,ICOM3,0,94.3,FINESTEERING,2427,544328.010,00000000,03e4,797;WAITING_AZIMUTH,NONE,0.00000000000,0.00000000000,0.0000,0.0000,0.0000,0.0000,0.0000,0.000000000,0.000000000,-0.000000000,0.0000,0.0000,0.0000,0.0000,0.0000,0.0000,0.0000,0.0000,0.0000,00000000,544329*64eaa3bc
#RAWIMUA,ICOM3,0,94.3,FINESTEERING,2427,544328.006,00000000,0000,797;2427,544328.006082238,1afe006f,1164086,293445,-518181,-16116,-9954,-14094*811e2d2c
#INSPVAXA,ICOM3,0,94.3,FINESTEERING,2427,544328.020,00000000,0006,797;WAITING_AZIMUTH,NONE,0.00000000000,0.00000000000,0.0000,0.0000,0.0000,0.0000,0.0000,0.000000000,0.000000000,-0.000000000,0.0000,0.0000,0.0000,0.0000,0.0000,0.0000,0.0000,0.0000,0.0000,00000000,544329*9d5d7f12
#RAWIMUA,ICOM3,0,94.3,FINESTEERING,2427,544328.016,00000000,0000,797;2427,544328.016086000,1afe0070,1163338,291377,-518715,-18509,643,-13523*f0a8d1ab
#INSPVAXA,ICOM3,0,94.3,FINESTEERING,2427,544328.030,00000000,0010,797;WAITING_AZIMUTH,NONE,0.00000000000,0.00000000000,0.0000,0.0000,0.0000,0.0000,0.0000,0.000000000,0.000000000,-0.000000000,0.0000,0.0000,0.0000,0.0000,0.0000,0.0000,0.0000,0.0000,0.0000,00000000,544329*63ce34a5
#RAWIMUA,ICOM3,0,94.3,FINESTEERING,2427,544328.026,00000000,0000,797;2427,544328.026091000,1afc0071,1163439,292977,-519094,-23165,4589,-13969*459f8825
#BESTPOSA,ICOM3,0,94.3,FINESTEERING,2427,544328.000,03e1c002,0001,797;SOL_COMPUTED,NARROW_INT,31.16378110382,121.45380067570,6.0835,11.0314,WGS84,0.0126,0.0112,0.0255,"1793",1.000,0.021,37,34,34,34,00,00,30,37*72a75b5d
$GPGGA,071150.00,3109.8268662,N,12127.2280405,E,4,34,0.7,6.084,M,11.031,M,1.000,1793*43
#BESTGNSSPOSA,ICOM3,0,94.3,FINESTEERING,2427,544328.000,03e1c002,0001,797;SOL_COMPUTED,NARROW_INT,31.16378110382,121.45380067570,6.0835,11.0314,WGS84,0.0126,0.0112,0.0255,"1793",1.000,0.021,37,34,34,34,00,00,30,37*5213cd2f
#HEADINGA,ICOM3,0,94.3,FINESTEERING,2427,544328.000,00000000,0000,797;SOL_COMPUTED,NONE,0.000000000,0.000000000,0.000000000,0.0,0.000000000,0.000000000,"1793",0,0,0,0,0,00,30,37*810541c1
$GPGSV,2,1,05,12,18,142,26,18,50,220,43,20,15,066,38,24,69,049,44*74
$GPGSV,2,2,05,32,10,270,39,,,,,,,,,,,,*43
$GLGSV,3,1,09,70,18,070,44,72,22,303,41,73,48,103,47,74,24,161,37*69
$GLGSV,3,2,09,85,05,190,38,86,39,247,47,87,33,298,44,90,00,000,36*60
$GLGSV,3,3,09,91,00,000,34,,,,,,,,,,,,*53
$GAGSV,2,1,06,03,24,264,46,05,63,319,31,11,09,161,39,31,13,075,40*60
$GAGSV,2,2,06,34,54,291,43,36,51,190,48,,,,,,,,*60
$GQGSV,1,1,02,03,44,169,44,07,53,169,39,,,,,,,,*72
$GBGSV,4,1,15,01,48,147,49,02,35,242,46,03,55,202,48,04,37,120,42*60
$GBGSV,4,2,15,06,69,040,44,07,57,190,48,10,46,191,45,11,24,271,44*6C
$GBGSV,4,3,15,12,11,294,44,20,28,304,44,23,49,089,48,27,00,000,26*6B
$GBGSV,4,4,15,30,24,240,41,37,38,167,47,41,24,084,47,,,,*59
$GPGSA,M,3,12,18,20,24,32,,,,,,,,1.4,0.7,1.2,1*2D
ªD*   H   ¼´{	@Éq Àá     2   äœôŽí)?@ˆBý]^@–tL†U@Ì€0A=   ×ËN<¦½6<ÇÐ<1793  €?¨<%"""  07“:æ#ªD7  0   ¼´{	@Éq                                           1793      07“O—©#INSPVAXA,ICOM3,0,94.3,FINESTEERING,2427,544328.040,00000000,001a,797;WAITING_AZIMUTH,NONE,0.00000000000,0.00000000000,0.0000,0.0000,0.0000,0.0000,0.0000,0.000000000,0.000000000,-0.000000000,0.0000,0.0000,0.0000,0.0000,0.0000,0.0000,0.0000,0.0000,0.0000,00000000,544329*d7d163d8
#RAWIMUA,ICOM3,0,94.3,FINESTEERING,2427,544328.036,00000000,0000,797;2427,544328.036058000,1aff0072,1163616,292765,-520371,-20903,11832,-19913*37142c03
#TRACKSTATA,ICOM3,0,94.3,FINESTEERING,2427,544328.000,00000000,0000,797;SOL_COMPUTED,NARROW_INT,0.0,102,12,0,00181544,24287031.857,2718.250,26.000,0.300,0.000,GOOD,0.000,12,0,02381564,24287043.881,2118.194,29.500,0.000,0.000,GOOD,0.000,18,0,10101cc4,21409767.997,-2142.563,42.500,79.900,0.000,GOOD,0.000,18,0,02301ce4,21409769.115,-1669.489,45.500,76.500,0.000,GOOD,0.000,18,0,01d01d04,21409789.350,-1600.167,46.500,78.900,0.000,GOOD,0.000,20,0,10101e44,24288552.119,-2499.630,38.250,79.000,0.000,GOOD,0.000,20,0,12301e64,24288555.723,-1947.534,45.500,76.500,0.000,GOOD,0.000,20,0,11d01e84,24288572.722,-1866.384,44.250,78.000,0.000,GOOD,0.000,24,0,10101ec4,20111536.835,-1319.291,44.250,78.400,0.000,GOOD,0.000,24,0,12301ee4,20111539.013,-1028.112,43.000,74.900,0.000,GOOD,0.000,24,0,01d01f04,20111554.964,-985.364,45.250,77.300,0.000,GOOD,0.000,32,0,10101dc4,24894435.566,1908.188,38.750,76.000,0.000,GOOD,0.000,32,0,02301de4,24894442.341,1486.594,35.000,73.100,0.000,GOOD,0.000,32,0,11d01e04,24894457.765,1424.941,36.750,74.600,0.000,GOOD,0.000,43,3,10111d44,22927652.074,-2048.039,43.750,83.600,0.000,GOOD,0.000,43,3,10311d64,22927664.429,-1592.881,46.750,82.800,0.000,GOOD,0.000,45,13,00111e44,22558499.713,1683.445,41.000,79.600,0.000,GOOD,0.000,45,13,00311e64,22558507.914,1309.152,44.750,78.800,0.000,GOOD,0.000,46,5,10111dc4,20492216.751,1215.362,46.750,82.900,0.000,GOOD,0.000,46,5,10311de4,20492223.011,945.206,47.750,81.900,0.000,GOOD,0.000,47,0,001914c4,22416482.125,3903.395,37.250,0.700,0.000,GOOD,0.000,58,11,10111ec4,24287772.015,-4398.129,37.500,33.700,0.000,GOOD,0.000,58,11,003116e4,24287822.498,-3420.654,35.000,1.700,0.000,GOOD,0.000,59,4,10111d84,21117214.112,-2415.880,46.500,83.100,0.000,GOOD,0.000,59,4,10311da4,21117220.751,-1878.958,43.500,82.300,0.000,GOOD,0.000,60,10,00111e04,21594097.960,308.175,43.750,81.700,0.000,GOOD,0.000,63,1,10191d04,21906849.491,1454.566,35.750,6.000,0.000,GOOD,0.000,63,1,00391d24,21906853.805,1131.228,37.500,4.700,0.000,GOOD,0.000,64,2,00191684,21930757.407,-1622.802,33.500,0.800,0.000,GOOD,0.000,3,0,00331fc4,26546480.587,1370.948,45.500,84.300,0.000,GOOD,0.000,3,0,02331c24,26546487.574,1050.363,46.750,83.500,0.000,GOOD,0.000,3,0,01931fe4,26546488.104,1023.635,42.250,81.300,0.000,GOOD,0.000,3,0,00d31c04,26546656.469,1112.641,41.750,80.500,0.000,GOOD,0.000,5,0,00331644,23884611.238,-202.787,30.500,0.000,0.000,GOOD,0.000,5,0,12331ea4,23884624.181,-155.640,37.500,5.300,0.000,GOOD,0.000,5,0,01931664,23884622.354,-150.812,28.500,2.600,0.000,GOOD,0.000,5,0,00d31684,23884790.167,-165.142,35.250,0.100,0.000,GOOD,0.000,11,0,00331cc4,26398248.906,-3300.410,38.500,29.100,0.000,GOOD,0.000,11,0,12331d24,26398262.544,-2529.134,42.750,68.300,0.000,GOOD,0.000,11,0,11931ce4,26398264.402,-2464.804,37.750,76.000,0.000,GOOD,0.000,11,0,10d31d04,26398429.845,-2679.090,34.750,41.400,0.000,GOOD,0.000,31,0,00331c44,27626462.432,752.470,40.000,77.300,0.000,GOOD,0.000,31,0,12331ca4,27626471.813,576.487,45.750,76.300,0.000,GOOD,0.000,31,0,01931c64,27626473.155,562.004,40.000,73.100,0.000,GOOD,0.000,31,0,10d31c84,27626633.345,610.589,33.250,2.900,0.000,GOOD,0.000,34,0,10331dc4,24368360.734,400.758,42.500,59.100,0.000,GOOD,0.000,34,0,02331e24,24368367.698,306.902,47.500,57.700,0.000,GOOD,0.000,34,0,01931de4,24368368.119,299.024,43.250,55.000,0.000,GOOD,0.000,34,0,00d31e04,24368536.328,325.017,45.000,55.200,0.000,GOOD,0.000,36,0,10331d44,24633025.521,-2323.176,47.500,76.000,0.000,GOOD,0.000,36,0,12331da4,24633035.332,-1780.329,49.500,75.100,0.000,GOOD,0.000,36,0,11931d64,24633035.218,-1734.904,45.000,72.100,0.000,GOOD,0.000,36,0,00d31d84,24633200.116,-1885.947,44.250,72.200,0.000,GOOD,0.000,195,0,10151f44,36628091.295,-82.478,43.750,84.200,0.000,GOOD,0.000,195,0,02351f64,36628089.180,-64.242,47.000,76.500,0.000,GOOD,0.000,195,0,11d51f84,36628106.384,-61.466,44.500,83.000,0.000,GOOD,0.000,199,0,10151ec4,36982765.328,-164.308,39.000,82.800,0.000,GOOD,0.000,199,0,02351ee4,36982761.746,-128.144,44.250,76.100,0.000,GOOD,0.000,199,0,11d51f04,36982781.687,-122.789,46.750,81.300,0.000,GOOD,0.000,1,0,10941c04,37278008.931,-174.874,48.750,84.300,0.000,GOOD,0.000,1,0,00d41c24,37278007.507,-142.111,46.500,84.300,0.000,GOOD,0.000,2,0,00941c64,38310190.241,-142.616,45.750,84.300,0.000,GOOD,0.000,2,0,00d41c84,38310182.634,-115.921,44.000,84.300,0.000,GOOD,0.000,3,0,00941cc4,36917721.606,-159.689,48.000,84.300,0.000,GOOD,0.000,3,0,00d41ce4,36917716.796,-129.811,47.500,84.300,0.000,GOOD,0.000,4,0,109c1d24,38142847.362,-194.646,42.000,84.300,0.000,GOOD,0.000,4,0,10dc1d44,38142851.100,-158.152,45.500,83.600,0.000,GOOD,0.000,6,0,00141e44,36188608.764,272.153,44.250,82.600,0.000,GOOD,0.000,6,0,10541e64,36188614.122,221.275,42.500,81.300,0.000,GOOD,0.000,7,0,00141de4,36918701.481,777.409,48.000,83.800,0.000,GOOD,0.000,7,0,10541e04,36918706.182,631.721,47.500,82.700,0.000,GOOD,0.000,10,0,10141d84,37848964.625,900.846,44.500,82.800,0.000,GOOD,0.000,10,0,10341dc4,37848969.450,696.512,46.000,81.900,0.000,GOOD,0.000,10,0,10541da4,37848973.211,732.083,41.500,81.400,0.000,GOOD,0.000,11,0,10141ea4,25018643.434,-1184.213,43.500,82.500,0.000,GOOD,0.000,11,0,10541ec4,25018649.897,-962.224,44.500,80.700,0.000,GOOD,0.000,12,0,00141f04,25868579.144,1950.310,44.000,82.200,0.000,GOOD,0.000,12,0,00541f24,25868586.579,1584.718,40.500,80.900,0.000,GOOD,0.000,20,0,00141e84,24731968.523,1674.997,44.250,82.400,0.000,GOOD,0.000,20,0,01341ea4,24731973.547,1262.257,45.500,81.800,0.000,GOOD,0.000,20,0,10541ec4,24731970.991,1361.073,43.750,81.000,0.000,GOOD,0.000,20,0,10f41ee4,24731961.489,1690.281,41.500,81.200,0.000,GOOD,0.000,23,0,10141d44,23029843.750,2.962,48.250,83.500,0.000,GOOD,0.000,23,0,01341d64,23029845.527,1.931,50.250,82.900,0.000,GOOD,0.000,23,0,10541d84,23029842.422,2.348,47.750,82.400,0.000,GOOD,0.000,23,0,10f41da4,23029835.562,2.787,43.000,82.500,0.000,GOOD,0.000,27,0,001c1724,26332360.923,-2894.254,26.000,0.000,0.000,GOOD,0.000,27,0,113c1f44,26332264.295,-2180.637,41.500,74.300,0.000,GOOD,0.000,27,0,105c1f64,26332260.067,-2351.440,37.000,75.400,0.000,GOOD,0.000,27,0,00fc1784,26332226.913,-2920.434,31.000,0.900,0.000,GOOD,0.000,30,0,00141de4,24700554.983,-2252.954,41.250,81.300,0.000,GOOD,0.000,30,0,01341e04,24700571.809,-1697.852,45.750,80.600,0.000,GOOD,0.000,30,0,10541e24,24700569.067,-1830.593,45.000,80.200,0.000,GOOD,0.000,30,0,00f41e44,24700552.392,-2273.703,42.000,80.200,0.000,GOOD,0.000,37,0,00141fc4,23874338.143,2581.680,47.000,74.500,0.000,GOOD,0.000,37,0,01341fe4,23874350.062,1945.592,47.500,73.800,0.000,GOOD,0.000,37,0,00541c04,23874349.513,2097.666,44.250,72.800,0.000,GOOD,0.000,37,0,00f41c24,23874322.137,2605.336,39.500,73.400,0.000,GOOD,0.000,41,0,00141c64,25174723.809,-1800.650,46.500,71.700,0.000,GOOD,0.000,41,0,01341c84,25174742.287,-1356.991,46.500,70.600,0.000,GOOD,0.000,41,0,10541ca4,25174739.259,-1463.070,43.000,70.300,0.000,GOOD,0.000,41,0,00f41cc4,25174721.638,-1817.185,42.750,70.700,0.000,GOOD,0.000*131e6446
#INSPVAXA,ICOM3,0,94.3,FINESTEERING,2427,544328.050,00000000,0024,797;WAITING_AZIMUTH,NONE,0.00000000000,0.00000000000,0.0000,0.0000,0.0000,0.0000,0.0000,0.000000000,0.000000000,-0.000000000,0.0000,0.0000,0.0000,0.0000,0.0000,0.0000,0.0000,0.0000,0.0000,00000000,544329*45fcb0cb
#RAWIMUA,ICOM3,0,94.3,FINESTEERING,2427,544328.046,00000000,0000,797;2427,544328.046095000,1aff0073,1162129,292320,-519381,-23362,-10289,-16827*42ace00f
#INSPVAXA,ICOM3,0,94.3,FINESTEERING,2427,544328.060,00000000,002e,797;WAITING_AZIMUTH,NONE,0.00000000000,0.00000000000,0.0000,0.0000,0.0000,0.0000,0.0000,0.000000000,0.000000000,-0.000000000,0.0000,0.0000,0.0000,0.0000,0.0000,0.0000,0.0000,0.0000,0.0000,00000000,544329*1fe8b1ac
#RAWIMUA,ICOM3,0,94.3,FINESTEERING,2427,544328.056,00000000,0000,797;2427,544328.056132000,1afb0074,1163080,292713,-519320,-25690,868,-11228*64317f3c
#INSPVAXA,ICOM3,0,94.3,FINESTEERING,2427,544328.070,00000000,0038,797;WAITING_AZIMUTH,NONE,0.00000000000,0.00000000000,0.0000,0.0000,0.0000,0.0000,0.0000,0.000000000,0.000000000,-0.000000000,0.0000,0.0000,0.0000,0.0000,0.0000,0.0000,0.0000,0.0000,0.0000,00000000,544329*c068bdda
#RAWIMUA,ICOM3,0,94.3,FINESTEERING,2427,544328.066,00000000,0000,797;2427,544328.066090000,1b000075,1162681,291442,-518780,-15624,5319,-19938*224928aa
#INSPVAXA,ICOM3,0,94.3,FINESTEERING,2427,544328.080,00000000,0042,797;WAITING_AZIMUTH,NONE,0.00000000000,0.00000000000,0.0000,0.0000,0.0000,0.0000,0.0000,0.000000000,0.000000000,-0.000000000,0.0000,0.0000,0.0000,0.0000,0.0000,0.0000,0.0000,0.0000,0.0000,00000000,544329*1964b0fb
#RAWIMUA,ICOM3,0,94.3,FINESTEERING,2427,544328.076,00000000,0000,797;2427,544328.076109000,1aff0076,1163611,291625,-519800,-18149,1170,-13553*a989f786
#INSPVAXA,ICOM3,0,94.3,FINESTEERING,2427,544328.090,00000000,004c,797;WAITING_AZIMUTH,NONE,0.00000000000,0.00000000000,0.0000,0.0000,0.0000,0.0000,0.0000,0.000000000,0.000000000,-0.000000000,0.0000,0.0000,0.0000,0.0000,0.0000,0.0000,0.0000,0.0000,0.0000,00000000,544329*34751a91
#RAWIMUA,ICOM3,0,94.3,FINESTEERING,2427,544328.086,00000000,0000,797;2427,544328.086054000,1b000077,1163204,291347,-518484,-23493,-2521,-17581*090595b9
#INSPVAXA,ICOM3,0,94.3,FINESTEERING,2427,544328.100,00000000,0056,797;WAITING_AZIMUTH,NONE,0.00000000000,0.00000000000,0.0000,0.0000,0.0000,0.0000,0.0000,0.000000000,0.000000000,-0.000000000,0.0000,0.0000,0.0000,0.0000,0.0000,0.0000,0.0000,0.0000,0.0000,00000000,544329*ea0e4a97
#RAWIMUA,ICOM3,0,94.3,FINESTEERING,2427,544328.096,00000000,0000,797;2427,544328.096062000,1b020078,1163904,292806,-519618,-22575,7947,-13099*00b9ad55
#INSPVAXA,ICOM3,0,94.3,FINESTEERING,2427,544328.110,00000000,0060,797;WAITING_AZIMUTH,NONE,0.00000000000,0.00000000000,0.0000,0.0000,0.0000,0.0000,0.0000,0.000000000,0.000000000,-0.000000000,0.0000,0.0000,0.0000,0.0000,0.0000,0.0000,0.0000,0.0000,0.0000,00000000,544329*60cf14cb
#RAWIMUA,ICOM3,0,94.3,FINESTEERING,2427,544328.106,00000000,0000,797;2427,544328.106126000,1b020079,1163217,292182,-519839,-22804,-4989,-14898*cb0da7d2
#INSPVAXA,ICOM3,0,94.3,FINESTEERING,2427,544328.120,00000000,006a,797;WAITING_AZIMUTH,NONE,0.00000000000,0.00000000000,0.0000,0.0000,0.0000,0.0000,0.0000,0.000000000,0.000000000,-0.000000000,0.0000,0.0000,0.0000,0.0000,0.0000,0.0000,0.0000,0.0000,0.0000,00000000,544329*3adb15ac
#RAWIMUA,ICOM3,0,94.3,FINESTEERING,2427,544328.116,00000000,0000,797;2427,544328.116168000,1b01007a,1162686,292091,-519313,-17231,5845,-16094*ee16513e
#INSPVAXA,ICOM3,0,93.0,FINESTEERING,2427,544328.130,00000000,0074,797;WAITING_AZIMUTH,NONE,0.00000000000,0.00000000000,0.0000,0.0000,0.0000,0.0000,0.0000,0.000000000,0.000000000,-0.000000000,0.0000,0.0000,0.0000,0.0000,0.0000,0.0000,0.0000,0.0000,0.0000,00000000,544329*0973da2c
#RAWIMUA,ICOM3,0,93.0,FINESTEERING,2427,544328.126,00000000,0000,797;2427,544328.126092000,1b00007b,1164353,291705,-518457,-14149,2555,-15679*6b835bba
#INSPVAXA,ICOM3,0,93.0,FINESTEERING,2427,544328.140,00000000,007e,797;WAITING_AZIMUTH,NONE,0.00000000000,0.00000000000,0.0000,0.0000,0.0000,0.0000,0.0000,0.000000000,0.000000000,-0.000000000,0.0000,0.0000,0.0000,0.0000,0.0000,0.0000,0.0000,0.0000,0.0000,00000000,544329*bd6c8d51
#RAWIMUA,ICOM3,0,93.0,FINESTEERING,2427,544328.136,00000000,0000,797;2427,544328.136111000,1b00007c,1161232,292267,-518461,-24542,4127,-12165*147e6d96
#INSPVAXA,ICOM3,0,93.0,FINESTEERING,2427,544328.150,00000000,0088,797;WAITING_AZIMUTH,NONE,0.00000000000,0.00000000000,0.0000,0.0000,0.0000,0.0000,0.0000,0.000000000,0.000000000,-0.000000000,0.0000,0.0000,0.0000,0.0000,0.0000,0.0000,0.0000,0.0000,0.0000,00000000,544329*f423eef7
#RAWIMUA,ICOM3,0,93.0,FINESTEERING,2427,544328.146,00000000,0000,797;2427,544328.146103000,1aff007d,1162994,292928,-520504,-17526,-2977,-15279*447f8621
#INSPVAXA,ICOM3,0,93.0,FINESTEERING,2427,544328.160,00000000,0092,797;WAITING_AZIMUTH,NONE,0.00000000000,0.00000000000,0.0000,0.0000,0.0000,0.0000,0.0000,0.000000000,0.000000000,-0.000000000,0.0000,0.0000,0.0000,0.0000,0.0000,0.0000,0.0000,0.0000,0.0000,00000000,544329*58b52184
#RAWIMUA,ICOM3,0,93.0,FINESTEERING,2427,544328.156,00000000,0000,797;2427,544328.156095000,1afd007e,1161697,292654,-518925,-19165,6370,-18983*b9da145d
#INSPVAXA,ICOM3,0,93.0,FINESTEERING,2427,544328.170,00000000,009c,797;WAITING_AZIMUTH,NONE,0.00000000000,0.00000000000,0.0000,0.0000,0.0000,0.0000,0.0000,0.000000000,0.000000000,-0.000000000,0.0000,0.0000,0.0000,0.0000,0.0000,0.0000,0.0000,0.0000,0.0000,00000000,544329*75a48bee
#RAWIMUA,ICOM3,0,93.0,FINESTEERING,2427,544328.166,00000000,0000,797;2427,544328.166088000,1afa007f,1162189,292294,-518823,-19428,2453,-18377*316b02f3
#INSPVAXA,ICOM3,0,93.0,FINESTEERING,2427,544328.180,00000000,00a6,797;WAITING_AZIMUTH,NONE,0.00000000000,0.00000000000,0.0000,0.0000,0.0000,0.0000,0.0000,0.000000000,0.000000000,-0.000000000,0.0000,0.0000,0.0000,0.0000,0.0000,0.0000,0.0000,0.0000,0.0000,00000000,544329*95a2eefe
#RAWIMUA,ICOM3,0,93.0,FINESTEERING,2427,544328.176,00000000,0000,797;2427,544328.176110000,1afa0080,1163349,290970,-519858,-21198,1398,-9777*522a8085
#INSPVAXA,ICOM3,0,93.0,FINESTEERING,2427,544328.190,00000000,00b0,797;WAITING_AZIMUTH,NONE,0.00000000000,0.00000000000,0.0000,0.0000,0.0000,0.0000,0.0000,0.000000000,0.000000000,-0.000000000,0.0000,0.0000,0.0000,0.0000,0.0000,0.0000,0.0000,0.0000,0.0000,00000000,544329*1f63b0a2
#RAWIMUA,ICOM3,0,93.0,FINESTEERING,2427,544328.186,00000000,0000,797;2427,544328.186104000,1b000081,1163507,292876,-519323,-20772,2517,-8228*d2caa313
#INSPVAXA,ICOM3,0,93.0,FINESTEERING,2427,544328.200,00000000,00ba,797;WAITING_AZIMUTH,NONE,0.00000000000,0.00000000000,0.0000,0.0000,0.0000,0.0000,0.0000,0.000000000,0.000000000,-0.000000000,0.0000,0.0000,0.0000,0.0000,0.0000,0.0000,0.0000,0.0000,0.0000,00000000,544329*74b0f520
#RAWIMUA,ICOM3,0,93.0,FINESTEERING,2427,544328.196,00000000,0000,797;2427,544328.196095000,1b020082,1161795,292359,-518922,-20903,2748,-11906*db509120
#INSPVAXA,ICOM3,0,93.0,FINESTEERING,2427,544328.210,00000000,00c4,797;WAITING_AZIMUTH,NONE,0.00000000000,0.00000000000,0.0000,0.0000,0.0000,0.0000,0.0000,0.000000000,0.000000000,-0.000000000,0.0000,0.0000,0.0000,0.0000,0.0000,0.0000,0.0000,0.0000,0.0000,00000000,544329*92cf33d8
#RAWIMUA,ICOM3,0,93.0,FINESTEERING,2427,544328.206,00000000,0000,797;2427,544328.206114000,1afe0083,1161996,292518,-519285,-23723,-9499,-15345*4d0b5ab2
#INSPVAXA,ICOM3,0,93.0,FINESTEERING,2427,544328.220,00000000,00ce,797;WAITING_AZIMUTH,NONE,0.00000000000,0.00000000000,0.0000,0.0000,0.0000,0.0000,0.0000,0.000000000,0.000000000,-0.000000000,0.0000,0.0000,0.0000,0.0000,0.0000,0.0000,0.0000,0.0000,0.0000,00000000,544329*c8db32bf
#RAWIMUA,ICOM3,0,93.0,FINESTEERING,2427,544328.216,00000000,0000,797;2427,544328.216105000,1afe0084,1162281,291254,-518122,-20477,-1597,-17574*c7a615dc
$GPGGA,071150.20,3109.8268667,N,12127.2280415,E,4,34,0.7,6.082,M,11.031,M,1.200,1793*41
#BESTGNSSPOSA,ICOM3,0,93.0,FINESTEERING,2427,544328.200,03e1c006,0000,797;SOL_COMPUTED,NARROW_INT,31.16378111147,121.45380069206,6.0820,11.0314,WGS84,0.0133,0.0117,0.0261,"1793",1.200,0.017,37,34,34,34,0F,00,30,37*83073692
#HEADINGA,ICOM3,0,93.0,FINESTEERING,2427,544328.200,00000000,0000,797;SOL_COMPUTED,NONE,0.000000000,0.000000000,0.000000000,0.0,0.000000000,0.000000000,"1793",0,0,0,0,0,00,30,37*f5b848d8
#INSPVAXA,ICOM3,0,93.0,FINESTEERING,2427,544328.230,00000000,00d8,797;WAITING_AZIMUTH,NONE,0.00000000000,0.00000000000,0.0000,0.0000,0.0000,0.0000,0.0000,0.000000000,0.000000000,-0.000000000,0.0000,0.0000,0.0000,0.0000,0.0000,0.0000,0.0000,0.0000,0.0000,00000000,544329*8bad00f4
$GPGSV,2,1,05,12,18,142,26,18,50,220,43,20,15,066,38,24,69,049,44*74
$GPGSV,2,2,05,32,10,270,39,,,,,,,,,,,,*43
$GLGSV,3,1,09,70,18,070,44,72,22,303,41,73,48,103,47,74,24,161,37*69
$GLGSV,3,2,09,85,05,190,37,86,39,247,47,87,33,298,44,90,00,000,36*6F
$GLGSV,3,3,09,91,00,000,33,,,,,,,,,,,,*54
$GAGSV,2,1,06,03,24,264,46,05,63,319,31,11,09,161,39,31,13,075,40*60
$GAGSV,2,2,06,34,54,291,43,36,51,190,47,,,,,,,,*6F
$GQGSV,1,1,02,03,44,169,44,07,53,169,39,,,,,,,,*72
$GBGSV,4,1,15,01,48,147,49,02,35,242,46,03,55,202,48,04,37,120,42*60
$GBGSV,4,2,15,06,69,040,44,07,57,190,48,10,46,191,45,11,24,271,44*6C
$GBGSV,4,3,15,12,11,294,44,20,28,304,44,23,49,089,48,27,00,000,26*6B
$GBGSV,4,4,15,30,24,240,41,37,38,167,47,41,24,084,47,,,,*59
$GPGSA,M,3,12,18,20,24,32,,,,,,,,1.4,0.7,1.2,1*2D
#RAWIMUA,ICOM3,0,93.0,FINESTEERING,2427,544328.226,00000000,0000,797;2427,544328.226115000,1b020085,1162256,292554,-518990,-18477,4790,-12388*ab9ef113
#INSPVAXA,ICOM3,0,93.0,FINESTEERING,2427,544328.240,00000000,00e2,797;WAITING_AZIMUTH,NONE,0.00000000000,0.00000000000,0.0000,0.0000,0.0000,0.0000,0.0000,0.000000000,0.000000000,-0.000000000,0.0000,0.0000,0.0000,0.0000,0.0000,0.0000,0.0000,0.0000,0.0000,00000000,544329*c930999d
#RAWIMUA,ICOM3,0,93.0,FINESTEERING,2427,544328.236,00000000,0000,797;2427,544328.236096000,1b030086,1164097,292123,-519183,-19887,-16,-14742*45ee3896
#INSPVAXA,ICOM3,0,93.0,FINESTEERING,2427,544328.250,00000000,00ec,797;WAITING_AZIMUTH,NONE,0.00000000000,0.00000000000,0.0000,0.0000,0.0000,0.0000,0.0000,0.000000000,0.000000000,-0.000000000,0.0000,0.0000,0.0000,0.0000,0.0000,0.0000,0.0000,0.0000,0.0000,00000000,544329*e42133f7
#RAWIMUA,ICOM3,0,93.0,FINESTEERING,2427,544328.246,00000000,0000,797;2427,544328.246089000,1b020087,1161595,292429,-518561,-17329,6733,-10408*e11e8f1c
#INSPVAXA,ICOM3,0,93.0,FINESTEERING,2427,544328.260,00000000,00f6,797;WAITING_AZIMUTH,NONE,0.00000000000,0.00000000000,0.0000,0.0000,0.0000,0.0000,0.0000,0.000000000,0.000000000,-0.000000000,0.0000,0.0000,0.0000,0.0000,0.0000,0.0000,0.0000,0.0000,0.0000,00000000,544329*01094be9
#RAWIMUA,ICOM3,0,93.0,FINESTEERING,2427,544328.256,00000000,0000,797;2427,544328.256080000,1b010088,1164722,291467,-519176,-16149,-2746,-9464*733ac0b8
#INSPVAXA,ICOM3,0,93.0,FINESTEERING,2427,544328.270,00000000,0100,797;WAITING_AZIMUTH,NONE,0.00000000000,0.00000000000,0.0000,0.0000,0.0000,0.0000,0.0000,0.000000000,0.000000000,-0.000000000,0.0000,0.0000,0.0000,0.0000,0.0000,0.0000,0.0000,0.0000,0.0000,00000000,544329*072b2cd6
#RAWIMUA,ICOM3,0,93.0,FINESTEERING,2427,544328.266,00000000,0000,797;2427,544328.266103000,1b010089,1161573,291141,-519531,-22149,-2487,-16627*bf903ea4
#INSPVAXA,ICOM3,0,93.0,FINESTEERING,2427,544328.280,00000000,010a,797;WAITING_AZIMUTH,NONE,0.00000000000,0.00000000000,0.0000,0.0000,0.0000,0.0000,0.0000,0.000000000,0.000000000,-0.000000000,0.0000,0.0000,0.0000,0.0000,0.0000,0.0000,0.0000,0.0000,0.0000,00000000,544329*b453d1de
#RAWIMUA,ICOM3,0,93.0,FINESTEERING,2427,544328.276,00000000,0000,797;2427,544328.276096000,1b00008a,1164262,292908,-519225,-26018,-318,-14223*ad7ecd86
#INSPVAXA,ICOM3,0,93.0,FINESTEERING,2427,544328.290,00000000,0114,797;WAITING_AZIMUTH,NONE,0.00000000000,0.00000000000,0.0000,0.0000,0.0000,0.0000,0.0000,0.000000000,0.000000000,-0.000000000,0.0000,0.0000,0.0000,0.0000,0.0000,0.0000,0.0000,0.0000,0.0000,00000000,544329*522c1726
#RAWIMUA,ICOM3,0,93.0,FINESTEERING,2427,544328.286,00000000,0000,797;2427,544328.286087000,1aff008b,1162650,292324,-518988,-21887,1957,-11188*c094c61e
#INSPVAXA,ICOM3,0,93.0,FINESTEERING,2427,544328.300,00000000,011e,797;WAITING_AZIMUTH,NONE,0.00000000000,0.00000000000,0.0000,0.0000,0.0000,0.0000,0.0000,0.000000000,0.000000000,-0.000000000,0.0000,0.0000,0.0000,0.0000,0.0000,0.0000,0.0000,0.0000,0.0000,00000000,544329*47392bb2
#RAWIMUA,ICOM3,0,93.0,FINESTEERING,2427,544328.296,00000000,0000,797;2427,544328.296081000,1b03008c,1163079,292289,-519119,-22739,-2849,-14823*98edd665
#INSPVAXA,ICOM3,0,93.0,FINESTEERING,2427,544328.310,00000000,0128,797;WAITING_AZIMUTH,NONE,0.00000000000,0.00000000000,0.0000,0.0000,0.0000,0.0000,0.0000,0.000000000,0.000000000,-0.000000000,0.0000,0.0000,0.0000,0.0000,0.0000,0.0000,0.0000,0.0000,0.0000,00000000,544329*eceb322f
#RAWIMUA,ICOM3,0,93.0,FINESTEERING,2427,544328.306,00000000,0000,797;2427,544328.306127000,1b03008d,1163040,291347,-518484,-25952,8668,-16581*c0961cf3
#INSPVAXA,ICOM3,0,93.0,FINESTEERING,2427,544328.320,00000000,0132,797;WAITING_AZIMUTH,NONE,0.00000000000,0.00000000000,0.0000,0.0000,0.0000,0.0000,0.0000,0.000000000,0.000000000,-0.000000000,0.0000,0.0000,0.0000,0.0000,0.0000,0.0000,0.0000,0.0000,0.0000,00000000,544329*407dfd5c
#RAWIMUA,ICOM3,0,93.0,FINESTEERING,2427,544328.316,00000000,0000,797;2427,544328.316156000,1afb008e,1162954,291202,-519697,-24313,6695,-12581*769b9d0a
#INSPVAXA,ICOM3,0,93.0,FINESTEERING,2427,544328.330,00000000,013c,797;WAITING_AZIMUTH,NONE,0.00000000000,0.00000000000,0.0000,0.0000,0.0000,0.0000,0.0000,0.000000000,0.000000000,-0.000000000,0.0000,0.0000,0.0000,0.0000,0.0000,0.0000,0.0000,0.0000,0.0000,00000000,544329*6d6c5736
#RAWIMUA,ICOM3,0,93.0,FINESTEERING,2427,544328.326,00000000,0000,797;2427,544328.326091000,1afb008f,1164097,292090,-519183,-16182,6964,-14348*968c372f
#INSPVAXA,ICOM3,0,93.0,FINESTEERING,2427,544328.340,00000000,0146,797;WAITING_AZIMUTH,NONE,0.00000000000,0.00000000000,0.0000,0.0000,0.0000,0.0000,0.0000,0.000000000,0.000000000,-0.000000000,0.0000,0.0000,0.0000,0.0000,0.0000,0.0000,0.0000,0.0000,0.0000,00000000,544329*8eeb52e4
#RAWIMUA,ICOM3,0,93.0,FINESTEERING,2427,544328.336,00000000,0000,797;2427,544328.336084000,1afc0090,1163459,292397,-521023,-19002,3309,-11245*46c6026f
#INSPVAXA,ICOM3,0,93.0,FINESTEERING,2427,544328.350,00000000,0150,797;WAITING_AZIMUTH,NONE,0.00000000000,0.00000000000,0.0000,0.0000,0.0000,0.0000,0.0000,0.000000000,0.000000000,-0.000000000,0.0000,0.0000,0.0000,0.0000,0.0000,0.0000,0.0000,0.0000,0.0000,00000000,544329*70781953
#RAWIMUA,ICOM3,0,93.0,FINESTEERING,2427,544328.346,00000000,0000,797;2427,544328.346105000,1afd0091,1162197,292023,-519640,-18313,-805,-15270*d60b9962
#INSPVAXA,ICOM3,0,93.0,FINESTEERING,2427,544328.360,00000000,015a,797;WAITING_AZIMUTH,NONE,0.00000000000,0.00000000000,0.0000,0.0000,0.0000,0.0000,0.0000,0.000000000,0.000000000,-0.000000000,0.0000,0.0000,0.0000,0.0000,0.0000,0.0000,0.0000,0.0000,0.0000,00000000,544329*2a6c1834
#RAWIMUA,ICOM3,0,93.0,FINESTEERING,2427,544328.356,00000000,0000,797;2427,544328.356098000,1afe0092,1162830,292077,-520461,-19723,-1695,-17443*e69cee78
#INSPVAXA,ICOM3,0,93.0,FINESTEERING,2427,544328.370,00000000,0164,797;WAITING_AZIMUTH,NONE,0.00000000000,0.00000000000,0.0000,0.0000,0.0000,0.0000,0.0000,0.000000000,0.000000000,-0.000000000,0.0000,0.0000,0.0000,0.0000,0.0000,0.0000,0.0000,0.0000,0.0000,00000000,544329*b841cb27
#RAWIMUA,ICOM3,0,93.0,FINESTEERING,2427,544328.366,00000000,0000,797;2427,544328.366089000,1afd0093,1164397,292609,-519616,-20411,-6830,-10536*30733eae
#INSPVAXA,ICOM3,0,93.0,FINESTEERING,2427,544328.380,00000000,016e,797;WAITING_AZIMUTH,NONE,0.00000000000,0.00000000000,0.0000,0.0000,0.0000,0.0000,0.0000,0.000000000,0.000000000,-0.000000000,0.0000,0.0000,0.0000,0.0000,0.0000,0.0000,0.0000,0.0000,0.0000,00000000,544329*0b39362f
#RAWIMUA,ICOM3,0,93.0,FINESTEERING,2427,544328.376,00000000,0000,797;2427,544328.376081000,1af50094,1163338,291638,-518750,-19887,-609,-15468*11861974
#INSPVAXA,ICOM3,0,93.0,FINESTEERING,2427,544328.390,00000000,0178,797;WAITING_AZIMUTH,NONE,0.00000000000,0.00000000000,0.0000,0.0000,0.0000,0.0000,0.0000,0.000000000,0.000000000,-0.000000000,0.0000,0.0000,0.0000,0.0000,0.0000,0.0000,0.0000,0.0000,0.0000,00000000,544329*d4b93a59
#RAWIMUA,ICOM3,0,93.0,FINESTEERING,2427,544328.386,00000000,0000,797;2427,544328.386103000,1af90095,1163218,292280,-519906,-13329,-2710,-14914*fca7d4d4
#INSPVAXA,ICOM3,0,93.0,FINESTEERING,2427,544328.400,00000000,0182,797;WAITING_AZIMUTH,NONE,0.00000000000,0.00000000000,0.0000,0.0000,0.0000,0.0000,0.0000,0.000000000,0.000000000,-0.000000000,0.0000,0.0000,0.0000,0.0000,0.0000,0.0000,0.0000,0.0000,0.0000,00000000,544329*22ab2c33
#RAWIMUA,ICOM3,0,93.0,FINESTEERING,2427,544328.396,00000000,0000,797;2427,544328.396096000,1afd0096,1162350,293049,-518635,-9100,716,-18213*4f200d01
#INSPVAXA,ICOM3,0,93.0,FINESTEERING,2427,544328.410,00000000,018c,797;WAITING_AZIMUTH,NONE,0.00000000000,0.00000000000,0.0000,0.0000,0.0000,0.0000,0.0000,0.000000000,0.000000000,-0.000000000,0.0000,0.0000,0.0000,0.0000,0.0000,0.0000,0.0000,0.0000,0.0000,00000000,544329*0fba8659
#RAWIMUA,ICOM3,0,93.0,FINESTEERING,2427,544328.406,00000000,0000,797;2427,544328.406129000,1afe0097,1163479,292281,-519742,-17559,5482,-18855*0d44ba62
#INSPVAXA,ICOM3,0,93.0,FINESTEERING,2427,544328.420,00000000,0196,797;WAITING_AZIMUTH,NONE,0.00000000000,0.00000000000,0.0000,0.0000,0.0000,0.0000,0.0000,0.000000000,0.000000000,-0.000000000,0.0000,0.0000,0.0000,0.0000,0.0000,0.0000,0.0000,0.0000,0.0000,00000000,544329*9ec0ebac
#RAWIMUA,ICOM3,0,93.0,FINESTEERING,2427,544328.416,00000000,0000,797;2427,544328.416126000,1b000098,1163011,291538,-518946,-22313,-2421,-15806*5e3cf9ec
$GPGGA,071150.40,3109.8268679,N,12127.2280412,E,4,34,0.7,6.085,M,11.031,M,1.400,1793*4E
#BESTGNSSPOSA,ICOM3,0,93.0,FINESTEERING,2427,544328.400,03e1c006,0000,797;SOL_COMPUTED,NARROW_INT,31.16378113225,121.45380068603,6.0850,11.0314,WGS84,0.0142,0.0126,0.0268,"1793",1.400,0.014,37,34,34,34,0F,00,30,37*f58e028b
#HEADINGA,ICOM3,0,93.0,FINESTEERING,2427,544328.400,00000000,0000,797;SOL_COMPUTED,NONE,0.000000000,0.000000000,0.000000000,0.0,0.000000000,0.000000000,"1793",0,0,0,0,0,00,30,37*c3130210
$GPGSV,2,1,05,12,18,142,26,18,50,220,43,20,15,066,38,24,69,049,44*74
$GPGSV,2,2,05,32,10,270,39,,,,,,,,,,,,*43
$GLGSV,3,1,09,70,18,070,44,72,22,303,41,73,48,103,47,74,24,161,37*69
$GLGSV,3,2,09,85,05,190,37,86,39,247,47,87,33,298,44,90,00,000,36*6F
$GLGSV,3,3,09,91,00,000,33,,,,,,,,,,,,*54
$GAGSV,2,1,06,03,24,264,46,05,63,319,30,11,09,161,38,31,13,075,40*60
$GAGSV,2,2,06,34,54,291,43,36,51,190,47,,,,,,,,*6F
$GQGSV,1,1,02,03,44,169,44,07,53,169,39,,,,,,,,*72
$GBGSV,4,1,15,01,48,147,49,02,35,242,46,03,55,202,48,04,37,120,42*60
$GBGSV,4,2,15,06,69,040,44,07,57,190,48,10,46,191,45,11,24,271,44*6C
$GBGSV,4,3,15,12,11,294,44,20,28,304,44,23,49,089,48,27,00,000,26*6B
$GBGSV,4,4,15,30,24,240,41,37,38,167,47,41,24,084,47,,,,*59
$GPGSA,M,3,12,18,20,24,32,,,,,,,,1.4,0.7,1.2,1*2D
#INSPVAXA,ICOM3,0,93.0,FINESTEERING,2427,544328.430,00000000,01a0,797;WAITING_AZIMUTH,NONE,0.00000000000,0.00000000000,0.0000,0.0000,0.0000,0.0000,0.0000,0.000000000,0.000000000,-0.000000000,0.0000,0.0000,0.0000,0.0000,0.0000,0.0000,0.0000,0.0000,0.0000,00000000,544329*f8435491
#RAWIMUA,ICOM3,0,93.0,FINESTEERING,2427,544328.426,00000000,0000,797;2427,544328.426108000,1b010099,1163078,292584,-519122,-16018,9466,-22548*ab70a13f
#INSPVAXA,ICOM3,0,93.0,FINESTEERING,2427,544328.440,00000000,01aa,797;WAITING_AZIMUTH,NONE,0.00000000000,0.00000000000,0.0000,0.0000,0.0000,0.0000,0.0000,0.000000000,0.000000000,-0.000000000,0.0000,0.0000,0.0000,0.0000,0.0000,0.0000,0.0000,0.0000,0.0000,00000000,544329*4c5c03ec
#RAWIMUA,ICOM3,0,93.0,FINESTEERING,2427,544328.436,00000000,0000,797;2427,544328.436095000,1b02009a,1163310,291665,-519276,-17002,2685,-14268*6daca8fe
#INSPVAXA,ICOM3,0,93.0,FINESTEERING,2427,544328.450,00000000,01b4,797;WAITING_AZIMUTH,NONE,0.00000000000,0.00000000000,0.0000,0.0000,0.0000,0.0000,0.0000,0.000000000,0.000000000,-0.000000000,0.0000,0.0000,0.0000,0.0000,0.0000,0.0000,0.0000,0.0000,0.0000,00000000,544329*de71d0ff
#RAWIMUA,ICOM3,0,93.0,FINESTEERING,2427,544328.446,00000000,0000,797;2427,544328.446086000,1b07009b,1162787,293496,-519592,-15854,-3206,-18531*8e5a85e7
#INSPVAXA,ICOM3,0,93.0,FINESTEERING,2427,544328.460,00000000,01be,797;WAITING_AZIMUTH,NONE,0.00000000000,0.00000000000,0.0000,0.0000,0.0000,0.0000,0.0000,0.000000000,0.000000000,-0.000000000,0.0000,0.0000,0.0000,0.0000,0.0000,0.0000,0.0000,0.0000,0.0000,00000000,544329*8465d198
#RAWIMUA,ICOM3,0,93.0,FINESTEERING,2427,544328.456,00000000,0000,797;2427,544328.456077000,1b06009c,1163563,293182,-518342,-18149,-2155,-8609*0329fe22
#INSPVAXA,ICOM3,0,93.0,FINESTEERING,2427,544328.470,00000000,01c8,797;WAITING_AZIMUTH,NONE,0.00000000000,0.00000000000,0.0000,0.0000,0.0000,0.0000,0.0000,0.000000000,0.000000000,-0.000000000,0.0000,0.0000,0.0000,0.0000,0.0000,0.0000,0.0000,0.0000,0.0000,00000000,544329*5be5ddee
#RAWIMUA,ICOM3,0,93.0,FINESTEERING,2427,544328.466,00000000,0000,797;2427,544328.466099000,1b05009d,1161709,292117,-520067,-23592,3963,-19589*f5228fe7
#INSPVAXA,ICOM3,0,93.0,FINESTEERING,2427,544328.480,00000000,01d2,797;WAITING_AZIMUTH,NONE,0.00000000000,0.00000000000,0.0000,0.0000,0.0000,0.0000,0.0000,0.000000000,0.000000000,-0.000000000,0.0000,0.0000,0.0000,0.0000,0.0000,0.0000,0.0000,0.0000,0.0000,00000000,544329*82e9d0cf
#RAWIMUA,ICOM3,0,93.0,FINESTEERING,2427,544328.476,00000000,0000,797;2427,544328.476091000,1b04009e,1162655,292221,-519413,-19690,2321,-14929*48d9cabd
#INSPVAXA,ICOM3,0,93.0,FINESTEERING,2427,544328.490,00000000,01dc,797;WAITING_AZIMUTH,NONE,0.00000000000,0.00000000000,0.0000,0.0000,0.0000,0.0000,0.0000,0.000000000,0.000000000,-0.000000000,0.0000,0.0000,0.0000,0.0000,0.0000,0.0000,0.0000,0.0000,0.0000,00000000,544329*aff87aa5
#RAWIMUA,ICOM3,0,93.0,FINESTEERING,2427,544328.486,00000000,0000,797;2427,544328.486083000,1afe009f,1163299,291874,-518163,-22641,-1269,-14389*2563154b
#INSPVAXA,ICOM3,0,93.0,FINESTEERING,2427,544328.500,00000000,01e6,797;WAITING_AZIMUTH,NONE,0.00000000000,0.00000000000,0.0000,0.0000,0.0000,0.0000,0.0000,0.000000000,0.000000000,-0.000000000,0.0000,0.0000,0.0000,0.0000,0.0000,0.0000,0.0000,0.0000,0.0000,00000000,544329*71832aa3
#RAWIMUA,ICOM3,0,93.0,FINESTEERING,2427,544328.496,00000000,0000,797;2427,544328.496075000,1afd00a0,1162687,290553,-519262,-18674,2124,-17754*d0063ec9
#INSPVAXA,ICOM3,0,93.0,FINESTEERING,2427,544328.510,00000000,01f0,797;WAITING_AZIMUTH,NONE,0.00000000000,0.00000000000,0.0000,0.0000,0.0000,0.0000,0.0000,0.000000000,0.000000000,-0.000000000,0.0000,0.0000,0.0000,0.0000,0.0000,0.0000,0.0000,0.0000,0.0000,00000000,544329*fb4274ff
#RAWIMUA,ICOM3,0,93.0,FINESTEERING,2427,544328.506,00000000,0000,797;2427,544328.506127000,1b0100a1,1163182,292905,-519618,-18051,8444,-14244*802f5a4c
#INSPVAXA,ICOM3,0,93.0,FINESTEERING,2427,544328.520,00000000,01fa,797;WAITING_AZIMUTH,NONE,0.00000000000,0.00000000000,0.0000,0.0000,0.0000,0.0000,0.0000,0.000000000,0.000000000,-0.000000000,0.0000,0.0000,0.0000,0.0000,0.0000,0.0000,0.0000,0.0000,0.0000,00000000,544329*a1567598
#RAWIMUA,ICOM3,0,93.0,FINESTEERING,2427,544328.516,00000000,0000,797;2427,544328.516136000,1b0100a2,1162592,291923,-519737,-19133,2156,-12006*15140aaf
#INSPVAXA,ICOM3,0,93.0,FINESTEERING,2427,544328.530,00000000,0204,797;WAITING_AZIMUTH,NONE,0.00000000000,0.00000000000,0.0000,0.0000,0.0000,0.0000,0.0000,0.000000000,0.000000000,-0.000000000,0.0000,0.0000,0.0000,0.0000,0.0000,0.0000,0.0000,0.0000,0.0000,00000000,544329*8834f60d
#RAWIMUA,ICOM3,0,93.0,FINESTEERING,2427,544328.526,00000000,0000,797;2427,544328.526085000,1afe00a3,1163278,292777,-519420,-26608,5245,-14199*083effa0
#INSPVAXA,ICOM3,0,93.0,FINESTEERING,2427,544328.540,00000000,020e,797;WAITING_AZIMUTH,NONE,0.00000000000,0.00000000000,0.0000,0.0000,0.0000,0.0000,0.0000,0.000000000,0.000000000,-0.000000000,0.0000,0.0000,0.0000,0.0000,0.0000,0.0000,0.0000,0.0000,0.0000,00000000,544329*3c2ba170
#RAWIMUA,ICOM3,0,93.0,FINESTEERING,2427,544328.536,00000000,0000,797;2427,544328.536076000,1afd00a4,1163152,291560,-519865,-24313,-2851,-18766*6c1c04e0
#INSPVAXA,ICOM3,0,93.0,FINESTEERING,2427,544328.550,00000000,0218,797;WAITING_AZIMUTH,NONE,0.00000000000,0.00000000000,0.0000,0.0000,0.0000,0.0000,0.0000,0.000000000,0.000000000,-0.000000000,0.0000,0.0000,0.0000,0.0000,0.0000,0.0000,0.0000,0.0000,0.0000,00000000,544329*e3abad06
#RAWIMUA,ICOM3,0,93.0,FINESTEERING,2427,544328.546,00000000,0000,797;2427,544328.546099000,1afe00a5,1164103,292182,-519709,-19133,708,-20553*79412cfa
#INSPVAXA,ICOM3,0,93.0,FINESTEERING,2427,544328.560,00000000,0222,797;WAITING_AZIMUTH,NONE,0.00000000000,0.00000000000,0.0000,0.0000,0.0000,0.0000,0.0000,0.000000000,0.000000000,-0.000000000,0.0000,0.0000,0.0000,0.0000,0.0000,0.0000,0.0000,0.0000,0.0000,00000000,544329*3b6f779e
#RAWIMUA,ICOM3,0,93.0,FINESTEERING,2427,544328.556,00000000,0000,797;2427,544328.556094000,1b0000a6,1160810,292591,-518891,-20706,-6633,-13229*59cec754
#INSPVAXA,ICOM3,0,93.0,FINESTEERING,2427,544328.570,00000000,022c,797;WAITING_AZIMUTH,NONE,0.00000000000,0.00000000000,0.0000,0.0000,0.0000,0.0000,0.0000,0.000000000,0.000000000,-0.000000000,0.0000,0.0000,0.0000,0.0000,0.0000,0.0000,0.0000,0.0000,0.0000,00000000,544329*167eddf4
#RAWIMUA,ICOM3,0,93.0,FINESTEERING,2427,544328.566,00000000,0000,797;2427,544328.566085000,1aff00a7,1161076,291703,-519143,-26969,3763,-11414*6fc0803c
#INSPVAXA,ICOM3,0,93.0,FINESTEERING,2427,544328.580,00000000,0236,797;WAITING_AZIMUTH,NONE,0.00000000000,0.00000000000,0.0000,0.0000,0.0000,0.0000,0.0000,0.000000000,0.000000000,-0.000000000,0.0000,0.0000,0.0000,0.0000,0.0000,0.0000,0.0000,0.0000,0.0000,00000000,544329*6e684c6e
#RAWIMUA,ICOM3,0,93.0,FINESTEERING,2427,544328.576,00000000,0000,797;2427,544328.576077000,1afd00a8,1161963,291406,-519173,-27296,3138,-10169*0411c512
#INSPVAXA,ICOM3,0,93.0,FINESTEERING,2427,544328.590,00000000,0240,797;WAITING_AZIMUTH,NONE,0.00000000000,0.00000000000,0.0000,0.0000,0.0000,0.0000,0.0000,0.000000000,0.000000000,-0.000000000,0.0000,0.0000,0.0000,0.0000,0.0000,0.0000,0.0000,0.0000,0.0000,00000000,544329*0c0d39e4
#RAWIMUA,ICOM3,0,93.0,FINESTEERING,2427,544328.586,00000000,0000,797;2427,544328.586069000,1aff00a9,1163464,292527,-518302,-17428,-245,-16121*fc23555f
#INSPVAXA,ICOM3,0,93.0,FINESTEERING,2427,544328.600,00000000,024a,797;WAITING_AZIMUTH,NONE,0.00000000000,0.00000000000,0.0000,0.0000,0.0000,0.0000,0.0000,0.000000000,0.000000000,-0.000000000,0.0000,0.0000,0.0000,0.0000,0.0000,0.0000,0.0000,0.0000,0.0000,00000000,544329*67de7c66
#RAWIMUA,ICOM3,0,93.0,FINESTEERING,2427,544328.596,00000000,0000,797;2427,544328.596092000,1b0400aa,1163473,291994,-519148,-21297,-2355,-11371*f1e0d5c2
#INSPVAXA,ICOM3,0,93.0,FINESTEERING,2427,544328.610,00000000,0254,797;WAITING_AZIMUTH,NONE,0.00000000000,0.00000000000,0.0000,0.0000,0.0000,0.0000,0.0000,0.000000000,0.000000000,-0.000000000,0.0000,0.0000,0.0000,0.0000,0.0000,0.0000,0.0000,0.0000,0.0000,00000000,544329*81a1ba9e
#RAWIMUA,ICOM3,0,93.0,FINESTEERING,2427,544328.606,00000000,0000,797;2427,544328.606104000,1b0500ab,1163014,291798,-519146,-12904,-2249,-13894*5bcb0feb
#INSPVAXA,ICOM3,0,93.0,FINESTEERING,2427,544328.620,00000000,025e,797;WAITING_AZIMUTH,NONE,0.00000000000,0.00000000000,0.0000,0.0000,0.0000,0.0000,0.0000,0.000000000,0.000000000,-0.000000000,0.0000,0.0000,0.0000,0.0000,0.0000,0.0000,0.0000,0.0000,0.0000,00000000,544329*dbb5bbf9
#RAWIMUA,ICOM3,0,93.0,FINESTEERING,2427,544328.616,00000000,0000,797;2427,544328.616118000,1b0000ac,1164363,291662,-519375,-23493,-1830,-15575*8312911d
#INSPVAXA,ICOM3,0,93.0,FINESTEERING,2427,544328.630,00000000,0268,797;WAITING_AZIMUTH,NONE,0.00000000000,0.00000000000,0.0000,0.0000,0.0000,0.0000,0.0000,0.000000000,0.000000000,-0.000000000,0.0000,0.0000,0.0000,0.0000,0.0000,0.0000,0.0000,0.0000,0.0000,00000000,544329*7067a264
$GPGGA,071150.60,3109.8268694,N,12127.2280427,E,4,34,0.7,6.091,M,11.031,M,1.600,1793*4E
#RAWIMUA,ICOM3,0,93.0,FINESTEERING,2427,544328.626,00000000,0000,797;2427,544328.626097000,1afb00ad,1164166,292153,-519446,-15067,3674,-11734*1d2d6e7c
#BESTGNSSPOSA,ICOM3,0,93.0,FINESTEERING,2427,544328.600,03e1c006,0000,797;SOL_COMPUTED,NARROW_INT,31.16378115673,121.45380071135,6.0906,11.0314,WGS84,0.0149,0.0133,0.0275,"1793",1.600,0.017,37,34,34,34,0F,00,30,37*3cde5b9f
#HEADINGA,ICOM3,0,93.0,FINESTEERING,2427,544328.600,00000000,0000,797;SOL_COMPUTED,NONE,0.000000000,0.000000000,0.000000000,0.0,0.000000000,0.000000000,"1793",0,0,0,0,0,00,30,37*67a53997
$GPGSV,2,1,05,12,18,142,26,18,50,220,42,20,15,066,38,24,69,049,44*75
$GPGSV,2,2,05,32,10,270,39,,,,,,,,,,,,*43
$GLGSV,3,1,09,70,18,070,44,72,22,303,41,73,48,103,47,74,24,161,37*69
$GLGSV,3,2,09,85,05,190,37,86,39,247,47,87,33,298,44,90,00,000,36*6F
$GLGSV,3,3,09,91,00,000,32,,,,,,,,,,,,*55
$GAGSV,2,1,06,03,24,264,46,05,63,319,30,11,09,161,38,31,13,075,40*60
$GAGSV,2,2,06,34,54,291,43,36,51,190,47,,,,,,,,*6F
$GQGSV,1,1,02,03,44,169,44,07,53,169,39,,,,,,,,*72
$GBGSV,4,1,15,01,48,147,49,02,35,242,46,03,55,202,48,04,37,120,42*60
$GBGSV,4,2,15,06,69,040,44,07,57,190,48,10,46,191,45,11,24,271,44*6C
$GBGSV,4,3,15,12,11,294,44,20,28,304,45,23,49,089,48,27,00,000,25*69
$GBGSV,4,4,15,30,24,240,42,37,38,167,47,41,24,084,47,,,,*5A
$GPGSA,M,3,12,18,20,24,32,,,,,,,,1.4,0.7,1.2,1*2D
#INSPVAXA,ICOM3,0,93.0,FINESTEERING,2427,544328.640,00000000,0272,797;WAITING_AZIMUTH,NONE,0.00000000000,0.00000000000,0.0000,0.0000,0.0000,0.0000,0.0000,0.000000000,0.000000000,-0.000000000,0.0000,0.0000,0.0000,0.0000,0.0000,0.0000,0.0000,0.0000,0.0000,00000000,544329*32fa3b0d
#RAWIMUA,ICOM3,0,93.0,FINESTEERING,2427,544328.636,00000000,0000,797;2427,544328.636091000,1b0200ae,1164035,290287,-519392,-21297,-1104,-13041*ab7a7e37
#INSPVAXA,ICOM3,0,93.0,FINESTEERING,2427,544328.650,00000000,027c,797;WAITING_AZIMUTH,NONE,0.00000000000,0.00000000000,0.0000,0.0000,0.0000,0.0000,0.0000,0.000000000,0.000000000,-0.000000000,0.0000,0.0000,0.0000,0.0000,0.0000,0.0000,0.0000,0.0000,0.0000,00000000,544329*1feb9167
#RAWIMUA,ICOM3,0,93.0,FINESTEERING,2427,544328.646,00000000,0000,797;2427,544328.646082000,1b0700af,1164723,292055,-519281,-19199,-1662,-14487*06c77641
#INSPVAXA,ICOM3,0,93.0,FINESTEERING,2427,544328.660,00000000,0286,797;WAITING_AZIMUTH,NONE,0.00000000000,0.00000000000,0.0000,0.0000,0.0000,0.0000,0.0000,0.000000000,0.000000000,-0.000000000,0.0000,0.0000,0.0000,0.0000,0.0000,0.0000,0.0000,0.0000,0.0000,00000000,544329*185e9342
#RAWIMUA,ICOM3,0,93.0,FINESTEERING,2427,544328.656,00000000,0000,797;2427,544328.656074000,1b0000b0,1162320,291967,-518819,-18707,1301,-18941*1440d67e
#INSPVAXA,ICOM3,0,93.0,FINESTEERING,2427,544328.670,00000000,0290,797;WAITING_AZIMUTH,NONE,0.00000000000,0.00000000000,0.0000,0.0000,0.0000,0.0000,0.0000,0.000000000,0.000000000,-0.000000000,0.0000,0.0000,0.0000,0.0000,0.0000,0.0000,0.0000,0.0000,0.0000,00000000,544329*e6cdd8f5
#RAWIMUA,ICOM3,0,93.0,FINESTEERING,2427,544328.666,00000000,0000,797;2427,544328.666065000,1aff00b1,1162889,291823,-519802,-19592,7390,-15958*1c7cb377
#INSPVAXA,ICOM3,0,93.0,FINESTEERING,2427,544328.680,00000000,029a,797;WAITING_AZIMUTH,NONE,0.00000000000,0.00000000000,0.0000,0.0000,0.0000,0.0000,0.0000,0.000000000,0.000000000,-0.000000000,0.0000,0.0000,0.0000,0.0000,0.0000,0.0000,0.0000,0.0000,0.0000,00000000,544329*55b525fd
#RAWIMUA,ICOM3,0,93.0,FINESTEERING,2427,544328.676,00000000,0000,797;2427,544328.676087000,1b0300b2,1162715,291736,-518850,-19330,2123,-14405*5c78d8a7
#INSPVAXA,ICOM3,0,93.0,FINESTEERING,2427,544328.690,00000000,02a4,797;WAITING_AZIMUTH,NONE,0.00000000000,0.00000000000,0.0000,0.0000,0.0000,0.0000,0.0000,0.000000000,0.000000000,-0.000000000,0.0000,0.0000,0.0000,0.0000,0.0000,0.0000,0.0000,0.0000,0.0000,00000000,544329*2bda178f
#RAWIMUA,ICOM3,0,93.0,FINESTEERING,2427,544328.686,00000000,0000,797;2427,544328.686081000,1b0400b3,1161931,292060,-519279,-23297,1692,-12209*d1d59d1f
#INSPVAXA,ICOM3,0,93.0,FINESTEERING,2427,544328.700,00000000,02ae,797;WAITING_AZIMUTH,NONE,0.00000000000,0.00000000000,0.0000,0.0000,0.0000,0.0000,0.0000,0.000000000,0.000000000,-0.000000000,0.0000,0.0000,0.0000,0.0000,0.0000,0.0000,0.0000,0.0000,0.0000,00000000,544329*3ecf2b1b
#RAWIMUA,ICOM3,0,93.0,FINESTEERING,2427,544328.696,00000000,0000,797;2427,544328.696073000,1b0400b4,1162658,292054,-519706,-21133,4558,-14757*5bf89f43
#INSPVAXA,ICOM3,0,93.0,FINESTEERING,2427,544328.710,00000000,02b8,797;WAITING_AZIMUTH,NONE,0.00000000000,0.00000000000,0.0000,0.0000,0.0000,0.0000,0.0000,0.000000000,0.000000000,-0.000000000,0.0000,0.0000,0.0000,0.0000,0.0000,0.0000,0.0000,0.0000,0.0000,00000000,544329*951d3286
#RAWIMUA,ICOM3,0,93.0,FINESTEERING,2427,544328.706,00000000,0000,797;2427,544328.706093000,1b0400b5,1161433,291740,-518750,-20936,2550,-16703*ed3c5bad
#INSPVAXA,ICOM3,0,93.0,FINESTEERING,2427,544328.720,00000000,02c2,797;WAITING_AZIMUTH,NONE,0.00000000000,0.00000000000,0.0000,0.0000,0.0000,0.0000,0.0000,0.000000000,0.000000000,-0.000000000,0.0000,0.0000,0.0000,0.0000,0.0000,0.0000,0.0000,0.0000,0.0000,00000000,544329*398bfdf5
#RAWIMUA,ICOM3,0,93.0,FINESTEERING,2427,544328.716,00000000,0000,797;2427,544328.716145000,1aff00b6,1162653,292419,-519251,-22412,-6635,-13690*1a2b51f0
#INSPVAXA,ICOM3,0,93.0,FINESTEERING,2427,544328.730,00000000,02cc,797;WAITING_AZIMUTH,NONE,0.00000000000,0.00000000000,0.0000,0.0000,0.0000,0.0000,0.0000,0.000000000,0.000000000,-0.000000000,0.0000,0.0000,0.0000,0.0000,0.0000,0.0000,0.0000,0.0000,0.0000,00000000,544329*149a579f
#RAWIMUA,ICOM3,0,93.0,FINESTEERING,2427,544328.726,00000000,0000,797;2427,544328.726082000,1aff00b7,1162002,292250,-519839,-21559,3339,-15025*b8af574b
#INSPVAXA,ICOM3,0,93.0,FINESTEERING,2427,544328.740,00000000,02d6,797;WAITING_AZIMUTH,NONE,0.00000000000,0.00000000000,0.0000,0.0000,0.0000,0.0000,0.0000,0.000000000,0.000000000,-0.000000000,0.0000,0.0000,0.0000,0.0000,0.0000,0.0000,0.0000,0.0000,0.0000,00000000,544329*f71d524d
#RAWIMUA,ICOM3,0,93.0,FINESTEERING,2427,544328.736,00000000,0000,797;2427,544328.736071000,1afc00b8,1161464,291840,-518587,-20838,7586,-17042*ddae3f46
#INSPVAXA,ICOM3,0,93.0,FINESTEERING,2427,544328.750,00000000,02e0,797;WAITING_AZIMUTH,NONE,0.00000000000,0.00000000000,0.0000,0.0000,0.0000,0.0000,0.0000,0.000000000,0.000000000,-0.000000000,0.0000,0.0000,0.0000,0.0000,0.0000,0.0000,0.0000,0.0000,0.0000,00000000,544329*098e19fa
#RAWIMUA,ICOM3,0,93.0,FINESTEERING,2427,544328.746,00000000,0000,797;2427,544328.746062000,1afc00b9,1164749,292292,-518661,-20084,-4296,-14434*24a74556
#INSPVAXA,ICOM3,0,93.0,FINESTEERING,2427,544328.760,00000000,02ea,797;WAITING_AZIMUTH,NONE,0.00000000000,0.00000000000,0.0000,0.0000,0.0000,0.0000,0.0000,0.000000000,0.000000000,-0.000000000,0.0000,0.0000,0.0000,0.0000,0.0000,0.0000,0.0000,0.0000,0.0000,00000000,544329*539a189d
#RAWIMUA,ICOM3,0,93.0,FINESTEERING,2427,544328.756,00000000,0000,797;2427,544328.756083000,1afe00ba,1163253,293128,-520178,-19231,-1662,-18494*a97f431a
#INSPVAXA,ICOM3,0,93.0,FINESTEERING,2427,544328.770,00000000,02f4,797;WAITING_AZIMUTH,NONE,0.00000000000,0.00000000000,0.0000,0.0000,0.0000,0.0000,0.0000,0.000000000,0.000000000,-0.000000000,0.0000,0.0000,0.0000,0.0000,0.0000,0.0000,0.0000,0.0000,0.0000,00000000,544329*c1b7cb8e
#RAWIMUA,ICOM3,0,93.0,FINESTEERING,2427,544328.766,00000000,0000,797;2427,544328.766076000,1aff00bb,1162445,292563,-518203,-26805,1360,-11687*6ba9eb2d
#INSPVAXA,ICOM3,0,93.0,FINESTEERING,2427,544328.780,00000000,02fe,797;WAITING_AZIMUTH,NONE,0.00000000000,0.00000000000,0.0000,0.0000,0.0000,0.0000,0.0000,0.000000000,0.000000000,-0.000000000,0.0000,0.0000,0.0000,0.0000,0.0000,0.0000,0.0000,0.0000,0.0000,00000000,544329*72cf3686
#RAWIMUA,ICOM3,0,93.0,FINESTEERING,2427,544328.776,00000000,0000,797;2427,544328.776068000,1b0400bc,1163087,292673,-519911,-17625,1631,-14077*1c66eaec
#INSPVAXA,ICOM3,0,93.0,FINESTEERING,2427,544328.790,00000000,0308,797;WAITING_AZIMUTH,NONE,0.00000000000,0.00000000000,0.0000,0.0000,0.0000,0.0000,0.0000,0.000000000,0.000000000,-0.000000000,0.0000,0.0000,0.0000,0.0000,0.0000,0.0000,0.0000,0.0000,0.0000,00000000,544329*55fe1678
#RAWIMUA,ICOM3,0,93.0,FINESTEERING,2427,544328.786,00000000,0000,797;2427,544328.786089000,1b0500bd,1163611,292379,-519809,-14773,1600,-18378*9e991775
#INSPVAXA,ICOM3,0,93.0,FINESTEERING,2427,544328.800,00000000,0312,797;WAITING_AZIMUTH,NONE,0.00000000000,0.00000000000,0.0000,0.0000,0.0000,0.0000,0.0000,0.000000000,0.000000000,-0.000000000,0.0000,0.0000,0.0000,0.0000,0.0000,0.0000,0.0000,0.0000,0.0000,00000000,544329*154b8ddb
#RAWIMUA,ICOM3,0,93.0,FINESTEERING,2427,544328.796,00000000,0000,797;2427,544328.796080000,1b0500be,1163089,293947,-520188,-17592,1005,-17759*95b7b932
#INSPVAXA,ICOM3,0,93.0,FINESTEERING,2427,544328.810,00000000,031c,797;WAITING_AZIMUTH,NONE,0.00000000000,0.00000000000,0.0000,0.0000,0.0000,0.0000,0.0000,0.000000000,0.000000000,-0.000000000,0.0000,0.0000,0.0000,0.0000,0.0000,0.0000,0.0000,0.0000,0.0000,00000000,544329*385a27b1
#RAWIMUA,ICOM3,0,93.0,FINESTEERING,2427,544328.806,00000000,0000,797;2427,544328.806100000,1b0300bf,1163088,291592,-519931,-20969,-1268,-14947*be42ae52
#INSPVAXA,ICOM3,0,93.0,FINESTEERING,2427,544328.820,00000000,0326,797;WAITING_AZIMUTH,NONE,0.00000000000,0.00000000000,0.0000,0.0000,0.0000,0.0000,0.0000,0.000000000,0.000000000,-0.000000000,0.0000,0.0000,0.0000,0.0000,0.0000,0.0000,0.0000,0.0000,0.0000,00000000,544329*dd725faf
#RAWIMUA,ICOM3,0,93.0,FINESTEERING,2427,544328.816,00000000,0000,797;2427,544328.816134000,1b0000c0,1166068,292415,-519155,-17002,7885,-19896*3004916e
$GPGGA,071150.80,3109.8268709,N,12127.2280423,E,4,34,0.7,6.095,M,11.031,M,0.800,1793*4A
#BESTGNSSPOSA,ICOM3,0,93.0,FINESTEERING,2427,544328.800,03e1c006,0000,797;SOL_COMPUTED,NARROW_INT,31.16378118234,121.45380070549,6.0946,11.0314,WGS84,0.0157,0.0140,0.0282,"1793",0.800,0.014,37,34,34,34,0F,00,30,37*958f1755
#HEADINGA,ICOM3,0,93.0,FINESTEERING,2427,544328.800,00000000,0000,797;SOL_COMPUTED,NONE,0.000000000,0.000000000,0.000000000,0.0,0.000000000,0.000000000,"1793",0,0,0,0,0,00,30,37*ae459780
$GPGSV,2,1,05,12,18,142,27,18,50,220,42,20,15,066,38,24,69,049,44*74
$GPGSV,2,2,05,32,10,270,39,,,,,,,,,,,,*43
$GLGSV,3,1,09,70,18,070,44,72,22,303,41,73,48,103,47,74,24,161,37*69
$GLGSV,3,2,09,85,05,190,37,86,39,247,47,87,33,298,43,90,00,000,36*68
$GLGSV,3,3,09,91,00,000,32,,,,,,,,,,,,*55
$GAGSV,2,1,06,03,24,264,46,05,63,319,30,11,09,161,38,31,13,075,40*60
$GAGSV,2,2,06,34,54,291,43,36,51,190,47,,,,,,,,*6F
$GQGSV,1,1,02,03,44,169,44,07,53,169,39,,,,,,,,*72
$GBGSV,4,1,15,01,48,147,49,02,35,242,46,03,55,202,48,04,37,120,42*60
$GBGSV,4,2,15,06,69,040,44,07,57,190,48,10,46,191,45,11,24,271,44*6C
$GBGSV,4,3,15,12,11,294,44,20,28,304,45,23,49,089,48,27,00,000,25*69
$GBGSV,4,4,15,30,24,240,42,37,38,167,47,41,24,084,47,,,,*5A
$GPGSA,M,3,12,18,20,24,32,,,,,,,,1.4,0.7,1.2,1*2D
#INSPVAXA,ICOM3,0,93.0,FINESTEERING,2427,544328.830,00000000,0330,797;WAITING_AZIMUTH,NONE,0.00000000000,0.00000000000,0.0000,0.0000,0.0000,0.0000,0.0000,0.000000000,0.000000000,-0.000000000,0.0000,0.0000,0.0000,0.0000,0.0000,0.0000,0.0000,0.0000,0.0000,00000000,544329*23e11418
#RAWIMUA,ICOM3,0,93.0,FINESTEERING,2427,544328.826,00000000,0000,797;2427,544328.826092000,1b0100c1,1163801,293042,-519095,-15592,1468,-19135*aa6326ff
#INSPVAXA,ICOM3,0,93.0,FINESTEERING,2427,544328.840,00000000,033a,797;WAITING_AZIMUTH,NONE,0.00000000000,0.00000000000,0.0000,0.0000,0.0000,0.0000,0.0000,0.000000000,0.000000000,-0.000000000,0.0000,0.0000,0.0000,0.0000,0.0000,0.0000,0.0000,0.0000,0.0000,00000000,544329*97fe4365
#RAWIMUA,ICOM3,0,93.0,FINESTEERING,2427,544328.836,00000000,0000,797;2427,544328.836080000,1aff00c2,1162901,292959,-517847,-18412,3737,-16007*c6ff0f04
#INSPVAXA,ICOM3,0,93.0,FINESTEERING,2427,544328.850,00000000,0344,797;WAITING_AZIMUTH,NONE,0.00000000000,0.00000000000,0.0000,0.0000,0.0000,0.0000,0.0000,0.000000000,0.000000000,-0.000000000,0.0000,0.0000,0.0000,0.0000,0.0000,0.0000,0.0000,0.0000,0.0000,00000000,544329*ed77bba0
#RAWIMUA,ICOM3,0,93.0,FINESTEERING,2427,544328.846,00000000,0000,797;2427,544328.846072000,1afe00c3,1162163,292025,-519443,-18117,-1036,-10707*ad679b7b
#INSPVAXA,ICOM3,0,93.0,FINESTEERING,2427,544328.860,00000000,034e,797;WAITING_AZIMUTH,NONE,0.00000000000,0.00000000000,0.0000,0.0000,0.0000,0.0000,0.0000,0.000000000,0.000000000,-0.000000000,0.0000,0.0000,0.0000,0.0000,0.0000,0.0000,0.0000,0.0000,0.0000,00000000,544329*b763bac7
#RAWIMUA,ICOM3,0,93.0,FINESTEERING,2427,544328.856,00000000,0000,797;2427,544328.856064000,1afc00c4,1163471,291211,-518877,-21461,-248,-16585*28d1678f
#INSPVAXA,ICOM3,0,93.0,FINESTEERING,2427,544328.870,00000000,0358,797;WAITING_AZIMUTH,NONE,0.00000000000,0.00000000000,0.0000,0.0000,0.0000,0.0000,0.0000,0.000000000,0.000000000,-0.000000000,0.0000,0.0000,0.0000,0.0000,0.0000,0.0000,0.0000,0.0000,0.0000,00000000,544329*68e3b6b1
#RAWIMUA,ICOM3,0,93.0,FINESTEERING,2427,544328.866,00000000,0000,797;2427,544328.866085000,1afd00c5,1163255,293192,-520343,-24739,3864,-18474*83b90751
#INSPVAXA,ICOM3,0,93.0,FINESTEERING,2427,544328.880,00000000,0362,797;WAITING_AZIMUTH,NONE,0.00000000000,0.00000000000,0.0000,0.0000,0.0000,0.0000,0.0000,0.000000000,0.000000000,-0.000000000,0.0000,0.0000,0.0000,0.0000,0.0000,0.0000,0.0000,0.0000,0.0000,00000000,544329*594b9046
#RAWIMUA,ICOM3,0,93.0,FINESTEERING,2427,544328.876,00000000,0000,797;2427,544328.876077000,1b0000c6,1162091,292195,-518887,-23100,3733,-19130*e3113a08
#INSPVAXA,ICOM3,0,93.0,FINESTEERING,2427,544328.890,00000000,036c,797;WAITING_AZIMUTH,NONE,0.00000000000,0.00000000000,0.0000,0.0000,0.0000,0.0000,0.0000,0.000000000,0.000000000,-0.000000000,0.0000,0.0000,0.0000,0.0000,0.0000,0.0000,0.0000,0.0000,0.0000,00000000,544329*745a3a2c
#RAWIMUA,ICOM3,0,93.0,FINESTEERING,2427,544328.886,00000000,0000,797;2427,544328.886069000,1b0200c7,1163218,290644,-519789,-17494,-6532,-5147*efb4f8c5
#INSPVAXA,ICOM3,0,93.0,FINESTEERING,2427,544328.900,00000000,0376,797;WAITING_AZIMUTH,NONE,0.00000000000,0.00000000000,0.0000,0.0000,0.0000,0.0000,0.0000,0.000000000,0.000000000,-0.000000000,0.0000,0.0000,0.0000,0.0000,0.0000,0.0000,0.0000,0.0000,0.0000,00000000,544329*aa216a2a
#RAWIMUA,ICOM3,0,93.0,FINESTEERING,2427,544328.896,00000000,0000,797;2427,544328.896062000,1b0100c8,1163344,291370,-519305,-18707,-5743,-11779*9fc1b172
#INSPVAXA,ICOM3,0,93.0,FINESTEERING,2427,544328.910,00000000,0380,797;WAITING_AZIMUTH,NONE,0.00000000000,0.00000000000,0.0000,0.0000,0.0000,0.0000,0.0000,0.000000000,0.000000000,-0.000000000,0.0000,0.0000,0.0000,0.0000,0.0000,0.0000,0.0000,0.0000,0.0000,00000000,544329*c27d4e4d
#RAWIMUA,ICOM3,0,93.0,FINESTEERING,2427,544328.906,00000000,0000,797;2427,544328.906116000,1b0100c9,1163546,293425,-519920,-19625,5414,-14752*d3aebae5
#INSPVAXA,ICOM3,0,93.0,FINESTEERING,2427,544328.920,00000000,038a,797;WAITING_AZIMUTH,NONE,0.00000000000,0.00000000000,0.0000,0.0000,0.0000,0.0000,0.0000,0.000000000,0.000000000,-0.000000000,0.0000,0.0000,0.0000,0.0000,0.0000,0.0000,0.0000,0.0000,0.0000,00000000,544329*98694f2a
#RAWIMUA,ICOM3,0,93.0,FINESTEERING,2427,544328.916,00000000,0000,797;2427,544328.916127000,1b0400ca,1162358,293140,-519292,-19461,7455,-18750*3baf0979
#INSPVAXA,ICOM3,0,93.0,FINESTEERING,2427,544328.930,00000000,0394,797;WAITING_AZIMUTH,NONE,0.00000000000,0.00000000000,0.0000,0.0000,0.0000,0.0000,0.0000,0.000000000,0.000000000,-0.000000000,0.0000,0.0000,0.0000,0.0000,0.0000,0.0000,0.0000,0.0000,0.0000,00000000,544329*7e1689d2
#RAWIMUA,ICOM3,0,93.0,FINESTEERING,2427,544328.926,00000000,0000,797;2427,544328.926070000,1b0500cb,1164690,292154,-519283,-16379,-5412,-12893*9b41dad8
#INSPVAXA,ICOM3,0,93.0,FINESTEERING,2427,544328.940,00000000,039e,797;WAITING_AZIMUTH,NONE,0.00000000000,0.00000000000,0.0000,0.0000,0.0000,0.0000,0.0000,0.000000000,0.000000000,-0.000000000,0.0000,0.0000,0.0000,0.0000,0.0000,0.0000,0.0000,0.0000,0.0000,00000000,544329*ca09deaf
#RAWIMUA,ICOM3,0,93.0,FINESTEERING,2427,544328.936,00000000,0000,797;2427,544328.936060000,1b0200cc,1163468,291444,-518551,-18117,-5282,-12302*d8f89138
#INSPVAXA,ICOM3,0,93.0,FINESTEERING,2427,544328.950,00000000,03a8,797;WAITING_AZIMUTH,NONE,0.00000000000,0.00000000000,0.0000,0.0000,0.0000,0.0000,0.0000,0.000000000,0.000000000,-0.000000000,0.0000,0.0000,0.0000,0.0000,0.0000,0.0000,0.0000,0.0000,0.0000,00000000,544329*8d992653
#RAWIMUA,ICOM3,0,93.0,FINESTEERING,2427,544328.946,00000000,0000,797;2427,544328.946081000,1b0000cd,1162553,291637,-519012,-15429,5582,-23026*27ad6057
#INSPVAXA,ICOM3,0,93.0,FINESTEERING,2427,544328.960,00000000,03b2,797;WAITING_AZIMUTH,NONE,0.00000000000,0.00000000000,0.0000,0.0000,0.0000,0.0000,0.0000,0.000000000,0.000000000,-0.000000000,0.0000,0.0000,0.0000,0.0000,0.0000,0.0000,0.0000,0.0000,0.0000,00000000,544329*555dfccb
#RAWIMUA,ICOM3,0,93.0,FINESTEERING,2427,544328.956,00000000,0000,797;2427,544328.956072000,1afd00ce,1163041,292098,-518657,-16346,85,-11193*c4d66e5e
#INSPVAXA,ICOM3,0,93.0,FINESTEERING,2427,544328.970,00000000,03bc,797;WAITING_AZIMUTH,NONE,0.00000000000,0.00000000000,0.0000,0.0000,0.0000,0.0000,0.0000,0.000000000,0.000000000,-0.000000000,0.0000,0.0000,0.0000,0.0000,0.0000,0.0000,0.0000,0.0000,0.0000,00000000,544329*784c56a1
#RAWIMUA,ICOM3,0,93.0,FINESTEERING,2427,544328.966,00000000,0000,797;2427,544328.966066000,1afe00cf,1164008,292408,-520040,-24772,-6604,-13495*f669a426
#INSPVAXA,ICOM3,0,93.0,FINESTEERING,2427,544328.980,00000000,03c6,797;WAITING_AZIMUTH,NONE,0.00000000000,0.00000000000,0.0000,0.0000,0.0000,0.0000,0.0000,0.000000000,0.000000000,-0.000000000,0.0000,0.0000,0.0000,0.0000,0.0000,0.0000,0.0000,0.0000,0.0000,00000000,544329*005ac73b
#RAWIMUA,ICOM3,0,93.0,FINESTEERING,2427,544328.976,00000000,0000,797;2427,544328.976062000,1b0300d0,1162367,291754,-520162,-16609,1599,-13617*a3e8cd12
#INSPVAXA,ICOM3,0,93.0,FINESTEERING,2427,544328.990,00000000,03d0,797;WAITING_AZIMUTH,NONE,0.00000000000,0.00000000000,0.0000,0.0000,0.0000,0.0000,0.0000,0.000000000,0.000000000,-0.000000000,0.0000,0.0000,0.0000,0.0000,0.0000,0.0000,0.0000,0.0000,0.0000,00000000,544329*623fb2b1
#RAWIMUA,ICOM3,0,93.0,FINESTEERING,2427,544328.986,00000000,0000,797;2427,544328.986080000,1b0200d1,1161258,293024,-520930,-16969,-212,-21147*81342b42
#INSPVAXA,ICOM3,0,93.0,FINESTEERING,2427,544329.000,00000000,03da,797;WAITING_AZIMUTH,NONE,0.00000000000,0.00000000000,0.0000,0.0000,0.0000,0.0000,0.0000,0.000000000,0.000000000,-0.000000000,0.0000,0.0000,0.0000,0.0000,0.0000,0.0000,0.0000,0.0000,0.0000,00000000,544330*c09de7bd
#INSCALSTATUSA,ICOM3,0,93.0,FINESTEERING,2427,544329.000,00000000,0000,797;RBV,0.0000,0.0000,0.0000,45.0000,45.0000,45.0000,CALIBRATED,0*957d049f
#RAWIMUA,ICOM3,0,93.0,FINESTEERING,2427,544328.996,00000000,0000,797;2427,544328.996072000,1b0000d2,1161238,292295,-518920,-21100,4788,-15183*5b988a8d
#INSPVAXA,ICOM3,0,93.0,FINESTEERING,2427,544329.010,00000000,03e4,797;WAITING_AZIMUTH,NONE,0.00000000000,0.00000000000,0.0000,0.0000,0.0000,0.0000,0.0000,0.000000000,0.000000000,-0.000000000,0.0000,0.0000,0.0000,0.0000,0.0000,0.0000,0.0000,0.0000,0.0000,00000000,544330*26e22145
#RAWIMUA,ICOM3,0,93.0,FINESTEERING,2427,544329.006,00000000,0000,797;2427,544329.006082237,1b0400d3,1163406,292389,-518956,-18642,2519,-15914*01805c9b
#INSPVAXA,ICOM3,0,93.0,FINESTEERING,2427,544329.020,00000000,0006,797;WAITING_AZIMUTH,NONE,0.00000000000,0.00000000000,0.0000,0.0000,0.0000,0.0000,0.0000,0.000000000,0.000000000,-0.000000000,0.0000,0.0000,0.0000,0.0000,0.0000,0.0000,0.0000,0.0000,0.0000,00000000,544330*df55fdeb
#RAWIMUA,ICOM3,0,93.0,FINESTEERING,2427,544329.016,00000000,0000,797;2427,544329.016074000,1b0700d4,1164530,291528,-519603,-20773,2780,-16703*86e7a9de
#INSPVAXA,ICOM3,0,93.0,FINESTEERING,2427,544329.030,00000000,0010,797;WAITING_AZIMUTH,NONE,0.00000000000,0.00000000000,0.0000,0.0000,0.0000,0.0000,0.0000,0.000000000,0.000000000,-0.000000000,0.0000,0.0000,0.0000,0.0000,0.0000,0.0000,0.0000,0.0000,0.0000,00000000,544330*21c6b65c
#RAWIMUA,ICOM3,0,93.0,FINESTEERING,2427,544329.026,00000000,0000,797;2427,544329.026104000,1b0800d5,1161743,293131,-520177,-23789,-2028,-10716*545c1f99
#BESTPOSA,ICOM3,0,93.0,FINESTEERING,2427,544329.000,03e1c006,0001,797;SOL_COMPUTED,NARROW_INT,31.16378110421,121.45380072208,6.0888,11.0314,WGS84,0.0129,0.0115,0.0257,"1793",1.000,0.020,37,34,34,34,0F,00,30,37*84bb0926
$GPGGA,071151.00,3109.8268663,N,12127.2280433,E,4,34,0.7,6.089,M,11.031,M,1.000,1793*4B
#BESTGNSSPOSA,ICOM3,0,93.0,FINESTEERING,2427,544329.000,03e1c006,0001,797;SOL_COMPUTED,NARROW_INT,31.16378110421,121.45380072208,6.0888,11.0314,WGS84,0.0129,0.0115,0.0257,"1793",1.000,0.020,37,34,34,34,0F,00,30,37*a40f9f54
#HEADINGA,ICOM3,0,93.0,FINESTEERING,2427,544329.000,00000000,0000,797;SOL_COMPUTED,NONE,0.000000000,0.000000000,0.000000000,0.0,0.000000000,0.000000000,"1793",0,0,0,0,0,00,30,37*33ead2d0
$GPGSV,2,1,05,12,18,142,27,18,50,220,42,20,15,066,38,24,69,049,44*74
$GPGSV,2,2,05,32,10,270,39,,,,,,,,,,,,*43
$GLGSV,3,1,09,70,18,070,44,72,22,303,41,73,48,103,47,74,24,161,37*69
$GLGSV,3,2,09,85,05,190,37,86,39,247,47,87,33,298,43,90,00,000,36*68
$GLGSV,3,3,09,91,00,000,32,,,,,,,,,,,,*55
$GAGSV,2,1,06,03,24,264,46,05,63,319,31,11,09,161,38,31,13,075,40*61
$GAGSV,2,2,06,34,54,291,43,36,51,190,47,,,,,,,,*6F
$GQGSV,1,1,02,03,44,169,44,07,53,169,39,,,,,,,,*72
$GBGSV,4,1,15,01,48,147,49,02,35,242,46,03,55,202,48,04,37,120,42*60
$GBGSV,4,2,15,06,69,040,44,07,57,190,48,10,46,191,45,11,24,271,44*6C
$GBGSV,4,3,15,12,11,294,44,20,28,304,45,23,49,089,48,27,00,000,25*69
$GBGSV,4,4,15,30,24,240,42,37,38,167,47,41,24,084,47,,,,*5A
$GPGSA,M,3,12,18,20,24,32,,,,,,,,1.4,0.7,1.2,1*2D
ªD*   H   º´{	(Íq Àá     2   –KöŽí)?@i/]^@6SòëZ@Ì€0A=   îS<±;<-^Ò<1793  €?rþ¦<%""" 07cþ³ªD7  0   º´{	(Íq                                           1793      07M4kù#INSPVAXA,ICOM3,0,93.0,FINESTEERING,2427,544329.040,00000000,001a,797;WAITING_AZIMUTH,NONE,0.00000000000,0.00000000000,0.0000,0.0000,0.0000,0.0000,0.0000,0.000000000,0.000000000,-0.000000000,0.0000,0.0000,0.0000,0.0000,0.0000,0.0000,0.0000,0.0000,0.0000,00000000,544330*95d9e121
#RAWIMUA,ICOM3,0,93.0,FINESTEERING,2427,544329.036,00000000,0000,797;2427,544329.036066000,1b0800d6,1163072,290923,-518348,-23494,-448,-9132*65e21d02
#TRACKSTATA,ICOM3,0,93.0,FINESTEERING,2427,544329.000,00000000,0000,797;SOL_COMPUTED,NARROW_INT,0.0,102,12,0,00181544,24286513.117,2717.251,26.500,0.000,0.000,GOOD,0.000,12,0,02381564,24286526.309,2117.042,29.500,0.000,0.000,GOOD,0.000,18,0,10101cc4,21410175.519,-2144.187,42.250,80.900,0.000,GOOD,0.000,18,0,02301ce4,21410176.959,-1670.673,45.750,77.500,0.000,GOOD,0.000,18,0,01d01d04,21410197.132,-1601.176,46.500,79.900,0.000,GOOD,0.000,20,0,10101e44,24289027.779,-2500.584,38.250,80.000,0.000,GOOD,0.000,20,0,12301e64,24289031.415,-1948.335,45.500,77.500,0.000,GOOD,0.000,20,0,11d01e84,24289048.455,-1867.163,44.250,79.000,0.000,GOOD,0.000,24,0,10101ec4,20111788.002,-1320.936,44.250,79.400,0.000,GOOD,0.000,24,0,12301ee4,20111790.171,-1029.407,42.750,75.900,0.000,GOOD,0.000,24,0,01d01f04,20111806.056,-986.440,45.250,78.300,0.000,GOOD,0.000,32,0,10101dc4,24894072.439,1906.871,38.750,77.000,0.000,GOOD,0.000,32,0,02301de4,24894079.383,1486.166,35.000,74.100,0.000,GOOD,0.000,32,0,11d01e04,24894094.617,1423.954,36.500,75.600,0.000,GOOD,0.000,43,3,10111d44,22928036.437,-2049.070,43.500,84.600,0.000,GOOD,0.000,43,3,10311d64,22928048.488,-1593.638,46.750,83.800,0.000,GOOD,0.000,45,13,00111e44,22558184.818,1682.337,41.000,80.600,0.000,GOOD,0.000,45,13,00311e64,22558193.395,1308.307,44.750,79.800,0.000,GOOD,0.000,46,5,10111dc4,20491989.460,1213.629,46.750,83.900,0.000,GOOD,0.000,46,5,10311de4,20491995.523,943.813,47.500,82.900,0.000,GOOD,0.000,47,0,10191cc4,22415750.550,3902.298,37.000,1.700,0.000,GOOD,0.000,58,11,10111ec4,24288591.785,-4399.413,37.000,34.700,0.000,GOOD,0.000,58,11,10311ee4,24288645.330,-3421.444,34.750,2.700,0.000,GOOD,0.000,59,4,10111d84,21117666.841,-2417.514,46.500,84.100,0.000,GOOD,0.000,59,4,10311da4,21117673.990,-1880.340,43.500,83.300,0.000,GOOD,0.000,60,10,00111e04,21594040.595,306.156,43.250,82.700,0.000,GOOD,0.000,63,1,10191d04,21906577.520,1453.458,36.000,7.000,0.000,GOOD,0.000,63,1,00391524,21906585.997,1130.109,34.500,0.000,0.000,GOOD,0.000,64,2,00191684,21931059.958,-1623.274,31.750,0.000,0.000,GOOD,0.000,3,0,00331fc4,26546219.739,1369.762,45.500,85.300,0.000,GOOD,0.000,3,0,02331c24,26546226.718,1049.343,46.750,84.500,0.000,GOOD,0.000,3,0,01931fe4,26546227.257,1022.637,42.250,82.300,0.000,GOOD,0.000,3,0,00d31c04,26546395.778,1111.720,42.000,81.500,0.000,GOOD,0.000,5,0,00331644,23884657.367,-204.170,30.750,0.000,0.000,GOOD,0.000,5,0,12331ea4,23884663.412,-156.671,37.500,6.300,0.000,GOOD,0.000,5,0,01931664,23884661.241,-152.666,28.250,3.600,0.000,GOOD,0.000,5,0,00d31684,23884829.433,-165.646,34.250,1.100,0.000,GOOD,0.000,11,0,00331cc4,26398877.198,-3302.111,38.250,30.100,0.000,GOOD,0.000,11,0,12331d24,26398890.751,-2530.188,42.500,69.300,0.000,GOOD,0.000,11,0,11931ce4,26398892.546,-2465.990,38.000,77.000,0.000,GOOD,0.000,11,0,10d31d04,26399057.971,-2680.177,34.750,42.400,0.000,GOOD,0.000,31,0,00331c44,27626319.456,750.714,40.000,78.300,0.000,GOOD,0.000,31,0,12331ca4,27626328.720,575.215,45.750,77.300,0.000,GOOD,0.000,31,0,01931c64,27626330.011,560.490,40.000,74.100,0.000,GOOD,0.000,31,0,00d31484,27626490.203,609.031,33.250,0.600,0.000,GOOD,0.000,34,0,10331dc4,24368284.652,398.936,42.500,60.100,0.000,GOOD,0.000,34,0,02331e24,24368291.549,305.695,47.500,58.700,0.000,GOOD,0.000,34,0,01931de4,24368292.020,297.696,43.000,56.000,0.000,GOOD,0.000,34,0,00d31e04,24368460.174,323.656,45.000,56.200,0.000,GOOD,0.000,36,0,10331d44,24633467.277,-2324.778,47.250,77.000,0.000,GOOD,0.000,36,0,12331da4,24633477.541,-1781.470,49.500,76.100,0.000,GOOD,0.000,36,0,11931d64,24633477.454,-1735.969,45.000,73.100,0.000,GOOD,0.000,36,0,00d31d84,24633642.299,-1887.066,44.250,73.200,0.000,GOOD,0.000,195,0,10151f44,36628107.053,-83.509,43.750,85.200,0.000,GOOD,0.000,195,0,02351f64,36628104.970,-65.120,47.000,77.500,0.000,GOOD,0.000,195,0,11d51f84,36628122.129,-62.431,44.500,84.000,0.000,GOOD,0.000,199,0,10151ec4,36982796.683,-165.592,39.000,83.800,0.000,GOOD,0.000,199,0,02351ee4,36982793.096,-128.999,44.250,77.100,0.000,GOOD,0.000,199,0,11d51f04,36982813.047,-123.513,46.750,82.300,0.000,GOOD,0.000,1,0,10941c04,37278042.562,-176.399,48.750,85.300,0.000,GOOD,0.000,1,0,00d41c24,37278041.165,-143.186,46.750,85.300,0.000,GOOD,0.000,2,0,00941c64,38310217.688,-144.218,46.000,85.300,0.000,GOOD,0.000,2,0,00d41c84,38310210.122,-116.897,43.750,85.300,0.000,GOOD,0.000,3,0,00941cc4,36917752.337,-161.016,48.000,85.300,0.000,GOOD,0.000,3,0,00d41ce4,36917747.518,-130.931,47.500,85.300,0.000,GOOD,0.000,4,0,109c1d24,38142884.796,-196.226,41.750,85.300,0.000,GOOD,0.000,4,0,10dc1d44,38142888.520,-159.239,45.500,84.600,0.000,GOOD,0.000,6,0,00141e44,36188556.529,271.407,44.250,83.600,0.000,GOOD,0.000,6,0,10541e64,36188561.841,220.496,42.750,82.300,0.000,GOOD,0.000,7,0,00141de4,36918552.076,776.334,47.750,84.800,0.000,GOOD,0.000,7,0,10541e04,36918557.007,630.887,47.500,83.700,0.000,GOOD,0.000,10,0,10141d84,37848791.775,899.771,44.500,83.800,0.000,GOOD,0.000,10,0,10341dc4,37848796.590,695.755,46.250,82.900,0.000,GOOD,0.000,10,0,10541da4,37848800.323,731.151,41.500,82.400,0.000,GOOD,0.000,11,0,10141ea4,25018870.653,-1185.452,43.500,83.500,0.000,GOOD,0.000,11,0,10541ec4,25018877.238,-963.277,44.500,81.700,0.000,GOOD,0.000,12,0,00141f04,25868204.710,1949.399,44.000,83.200,0.000,GOOD,0.000,12,0,00541f24,25868212.025,1583.862,40.500,81.900,0.000,GOOD,0.000,20,0,00141e84,24731646.904,1673.855,44.500,83.400,0.000,GOOD,0.000,20,0,01341ea4,24731651.955,1261.632,45.250,82.800,0.000,GOOD,0.000,20,0,10541ec4,24731649.419,1360.085,43.750,82.000,0.000,GOOD,0.000,20,0,10f41ee4,24731640.239,1689.205,41.750,82.200,0.000,GOOD,0.000,23,0,10141d44,23029843.307,1.404,48.250,84.500,0.000,GOOD,0.000,23,0,01341d64,23029845.102,0.702,50.250,83.900,0.000,GOOD,0.000,23,0,10541d84,23029841.908,1.086,47.750,83.400,0.000,GOOD,0.000,23,0,10f41da4,23029834.986,1.295,43.250,83.500,0.000,GOOD,0.000,27,0,001c1724,26332919.996,-2894.177,24.750,0.200,0.000,GOOD,0.000,27,0,113c1f44,26332819.998,-2181.515,41.500,75.300,0.000,GOOD,0.000,27,0,105c1f64,26332815.769,-2352.219,37.250,76.400,0.000,GOOD,0.000,27,0,00fc1784,26332781.794,-2921.465,32.250,1.900,0.000,GOOD,0.000,30,0,00141de4,24700987.586,-2254.073,41.500,82.300,0.000,GOOD,0.000,30,0,01341e04,24701004.527,-1698.707,45.750,81.600,0.000,GOOD,0.000,30,0,10541e24,24701001.717,-1831.701,44.750,81.200,0.000,GOOD,0.000,30,0,00f41e44,24700985.173,-2274.855,42.000,81.200,0.000,GOOD,0.000,37,0,00141fc4,23873842.504,2580.385,46.500,75.500,0.000,GOOD,0.000,37,0,01341fe4,23873854.421,1944.538,47.500,74.800,0.000,GOOD,0.000,37,0,00541c04,23873853.701,2096.722,44.250,73.800,0.000,GOOD,0.000,37,0,00f41c24,23873827.111,2603.964,39.500,74.400,0.000,GOOD,0.000,41,0,00141c64,25175069.591,-1801.648,46.500,72.700,0.000,GOOD,0.000,41,0,01341c84,25175088.184,-1357.825,46.250,71.600,0.000,GOOD,0.000,41,0,10541ca4,25175084.876,-1464.024,42.750,71.300,0.000,GOOD,0.000,41,0,00f41cc4,25175067.360,-1818.227,42.500,71.700,0.000,GOOD,0.000*41645a61
#INSPVAXA,ICOM3,0,93.0,FINESTEERING,2427,544329.050,00000000,0024,797;WAITING_AZIMUTH,NONE,0.00000000000,0.00000000000,0.0000,0.0000,0.0000,0.0000,0.0000,0.000000000,0.000000000,-0.000000000,0.0000,0.0000,0.0000,0.0000,0.0000,0.0000,0.0000,0.0000,0.0000,00000000,544330*07f43232
#RAWIMUA,ICOM3,0,93.0,FINESTEERING,2427,544329.046,00000000,0000,797;2427,544329.046081000,1b0600d7,1163666,290003,-518535,-19593,2551,-14338*55ff9971
#INSPVAXA,ICOM3,0,93.0,FINESTEERING,2427,544329.060,00000000,002e,797;WAITING_AZIMUTH,NONE,0.00000000000,0.00000000000,0.0000,0.0000,0.0000,0.0000,0.0000,0.000000000,0.000000000,-0.000000000,0.0000,0.0000,0.0000,0.0000,0.0000,0.0000,0.0000,0.0000,0.0000,00000000,544330*5de03355
#RAWIMUA,ICOM3,0,93.0,FINESTEERING,2427,544329.056,00000000,0000,797;2427,544329.056094000,1b0600d8,1164401,292016,-519937,-22215,-1533,-15442*676a5e00
#INSPVAXA,ICOM3,0,93.0,FINESTEERING,2427,544329.070,00000000,0038,797;WAITING_AZIMUTH,NONE,0.00000000000,0.00000000000,0.0000,0.0000,0.0000,0.0000,0.0000,0.000000000,0.000000000,-0.000000000,0.0000,0.0000,0.0000,0.0000,0.0000,0.0000,0.0000,0.0000,0.0000,00000000,544330*82603f23
#RAWIMUA,ICOM3,0,93.0,FINESTEERING,2427,544329.066,00000000,0000,797;2427,544329.066074000,1b0700d9,1161998,291797,-519342,-23330,-3081,-12987*3411ceb4
#INSPVAXA,ICOM3,0,93.0,FINESTEERING,2427,544329.080,00000000,0042,797;WAITING_AZIMUTH,NONE,0.00000000000,0.00000000000,0.0000,0.0000,0.0000,0.0000,0.0000,0.000000000,0.000000000,-0.000000000,0.0000,0.0000,0.0000,0.0000,0.0000,0.0000,0.0000,0.0000,0.0000,00000000,544330*5b6c3202
#RAWIMUA,ICOM3,0,93.0,FINESTEERING,2427,544329.076,00000000,0000,797;2427,544329.076056000,1b0700da,1164657,291631,-519211,-23953,6662,-12616*201da570
#INSPVAXA,ICOM3,0,93.0,FINESTEERING,2427,544329.090,00000000,004c,797;WAITING_AZIMUTH,NONE,0.00000000000,0.00000000000,0.0000,0.0000,0.0000,0.0000,0.0000,0.000000000,0.000000000,-0.000000000,0.0000,0.0000,0.0000,0.0000,0.0000,0.0000,0.0000,0.0000,0.0000,00000000,544330*767d9868
#RAWIMUA,ICOM3,0,93.0,FINESTEERING,2427,544329.086,00000000,0000,797;2427,544329.086040000,1b0400db,1164464,291725,-519573,-32805,-5886,-12021*6e445622
#INSPVAXA,ICOM3,0,93.0,FINESTEERING,2427,544329.100,00000000,0056,797;WAITING_AZIMUTH,NONE,0.00000000000,0.00000000000,0.0000,0.0000,0.0000,0.0000,0.0000,0.000000000,0.000000000,-0.000000000,0.0000,0.0000,0.0000,0.0000,0.0000,0.0000,0.0000,0.0000,0.0000,00000000,544330*a806c86e
#RAWIMUA,ICOM3,0,93.0,FINESTEERING,2427,544329.096,00000000,0000,797;2427,544329.096030000,1b0400dc,1162527,291694,-519702,-18511,6403,-17146*50062d4c
