#TRACKSTATA,ICOM3,0,90.1,FINESTEERING,2427,544641.000,00000000,0000,797;SOL_COMPUTED,NARROW_INT,0.0,108,10,0,00181444,23519113.251,2818.766,27.500,0.200,0.000,GOOD,0.000,10,0,01d81484,23519524.927,2104.918,29.500,1.800,0.000,GOOD,0.000,13,0,10181d44,23211279.930,2562.588,40.000,15.100,0.000,GOOD,0.000,15,0,00101f44,21734022.346,-2097.018,40.250,16.300,0.000,GOOD,0.000,15,0,12301f64,21734026.952,-1634.016,42.500,14.200,0.000,GOOD,0.000,18,0,00101cc4,21542550.875,-2310.931,44.500,15.100,0.000,GOOD,0.000,18,0,12301ce4,21542549.167,-1800.672,45.250,13.900,0.000,GOOD,0.000,18,0,01d01d04,21542570.914,-1725.688,47.000,13.700,0.000,GOOD,0.000,20,0,00101e44,24437380.547,-2494.671,35.250,3.800,0.000,GOOD,0.000,20,0,02301e64,24437383.794,-1943.792,37.500,9.300,0.000,GOOD,0.000,24,0,00101ec4,20195964.369,-1510.897,44.500,15.100,0.000,GOOD,0.000,24,0,02301ee4,20195965.465,-1177.333,42.750,13.300,0.000,GOOD,0.000,24,0,01d01f04,20195983.464,-1128.222,47.750,14.500,0.000,GOOD,0.000,32,0,10101dc4,24781664.988,1882.491,38.000,14.900,0.000,GOOD,0.000,32,0,12301de4,24781672.715,1466.789,37.750,13.000,0.000,GOOD,0.000,32,0,01d01e04,24781690.381,1405.795,38.500,13.100,0.000,GOOD,0.000,43,3,00111d44,23048516.838,-2069.862,44.000,15.500,0.000,GOOD,0.000,43,3,10311d64,23048517.698,-1609.866,42.750,16.100,0.000,GOOD,0.000,45,13,10111e44,22460287.564,1681.339,39.250,13.200,0.000,GOOD,0.000,45,13,10311e64,22460286.079,1307.660,41.250,12.600,0.000,GOOD,0.000,46,5,10111dc4,20428460.744,962.235,46.500,15.900,0.000,GOOD,0.000,46,5,00311de4,20428465.026,748.410,47.000,16.300,0.000,GOOD,0.000,47,0,00191cc4,22189508.352,3828.313,35.000,2.900,0.000,GOOD,0.000,58,11,001916c4,24543710.212,-4344.497,22.750,0.000,0.000,GOOD,0.000,59,4,10111d84,21264899.941,-2615.463,46.500,14.400,0.000,GOOD,0.000,59,4,10311da4,21264898.013,-2034.268,43.500,14.600,0.000,GOOD,0.000,60,10,00111e04,21584203.176,34.036,46.500,14.600,0.000,GOOD,0.000,63,1,00191d04,21821901.406,1443.616,38.250,13.900,0.000,GOOD,0.000,63,1,00391524,21821927.832,1122.856,30.250,0.200,0.000,GOOD,0.000,64,2,00191e84,22027088.653,-1657.858,35.500,5.800,0.000,GOOD,0.000,3,0,00331fc4,26466221.367,1327.553,46.250,15.100,0.000,GOOD,0.000,3,0,12331c24,26466231.618,1017.337,45.500,13.600,0.000,GOOD,0.000,3,0,11931fe4,26466230.565,991.575,37.000,13.600,0.000,GOOD,0.000,3,0,10d31c04,26466398.106,1077.827,43.000,13.400,0.000,GOOD,0.000,11,0,00331cc4,26594972.910,-3300.542,35.250,1.100,0.000,GOOD,0.000,11,0,02331d24,26594983.572,-2528.684,40.250,12.300,0.000,GOOD,0.000,11,0,11931ce4,26594984.853,-2464.420,33.250,12.900,0.000,GOOD,0.000,11,0,00d31d04,26595150.301,-2678.597,38.000,13.000,0.000,GOOD,0.000,16,0,00331f44,27231686.517,2117.437,40.000,15.100,0.000,GOOD,0.000,16,0,11931f64,27231696.046,1581.305,37.500,13.900,0.000,GOOD,0.000,31,0,10331c44,27585117.559,639.051,36.500,7.500,0.000,GOOD,0.000,31,0,12331ca4,27585127.927,489.193,46.000,14.300,0.000,GOOD,0.000,31,0,11931c64,27585128.794,476.630,38.000,13.800,0.000,GOOD,0.000,31,0,10d31c84,27585294.851,518.445,43.250,12.700,0.000,GOOD,0.000,34,0,00331dc4,24349098.478,249.627,46.000,15.900,0.000,GOOD,0.000,34,0,02331e24,24349104.886,191.113,49.500,15.000,0.000,GOOD,0.000,34,0,01931de4,24349106.651,186.494,41.750,13.000,0.000,GOOD,0.000,34,0,00d31e04,24349274.766,202.579,44.250,14.900,0.000,GOOD,0.000,36,0,10331d44,24774728.990,-2430.297,46.750,16.800,0.000,GOOD,0.000,36,0,02331da4,24774735.922,-1861.951,50.250,15.300,0.000,GOOD,0.000,36,0,01931d64,24774736.494,-1814.804,42.500,14.400,0.000,GOOD,0.000,36,0,00d31d84,24774904.197,-1972.594,46.500,14.500,0.000,GOOD,0.000,194,0,001d17c4,37848727.156,-22.438,31.750,1.600,0.000,GOOD,0.000,195,0,10151f44,36634059.619,-114.352,44.000,14.800,0.000,GOOD,0.000,195,0,02351f64,36634053.037,-89.247,45.500,14.700,0.000,GOOD,0.000,195,0,01d51f84,36634072.913,-85.418,43.500,14.500,0.000,GOOD,0.000,199,0,00151ec4,36992703.580,-165.943,37.750,14.700,0.000,GOOD,0.000,199,0,12351ee4,36992699.806,-129.153,44.250,14.800,0.000,GOOD,0.000,199,0,11d51f04,36992720.199,-123.919,47.250,14.700,0.000,GOOD,0.000,1,0,00941c04,37288676.234,-176.246,48.750,16.200,0.000,GOOD,0.000,1,0,00d41c24,37288675.989,-143.428,47.250,15.900,0.000,GOOD,0.000,2,0,00941c64,38318960.050,-145.831,45.500,16.000,0.000,GOOD,0.000,2,0,00d41c84,38318951.850,-118.444,44.250,15.600,0.000,GOOD,0.000,3,0,00941cc4,36927508.977,-162.267,48.750,15.900,0.000,GOOD,0.000,3,0,00d41ce4,36927503.904,-131.929,47.750,14.900,0.000,GOOD,0.000,4,0,10941d24,38154735.388,-197.499,43.750,14.500,0.000,GOOD,0.000,4,0,10d41d44,38154736.833,-160.336,45.500,15.600,0.000,GOOD,0.000,6,0,00141e44,36172640.681,262.190,42.250,15.900,0.000,GOOD,0.000,6,0,10541e64,36172647.006,213.057,44.500,15.800,0.000,GOOD,0.000,7,0,00141de4,36873471.057,730.909,49.250,14.800,0.000,GOOD,0.000,7,0,00541e04,36873474.106,593.889,46.500,13.700,0.000,GOOD,0.000,10,0,00141d84,37796139.374,860.315,45.000,15.400,0.000,GOOD,0.000,10,0,00341dc4,37796141.806,665.428,46.000,15.400,0.000,GOOD,0.000,10,0,10541da4,37796146.036,699.101,42.500,13.900,0.000,GOOD,0.000,11,0,00141ea4,25093788.821,-1311.522,42.750,14.700,0.000,GOOD,0.000,11,0,10541ec4,25093795.646,-1065.626,42.750,15.700,0.000,GOOD,0.000,12,0,00141f04,25751029.275,1964.519,39.500,14.400,0.000,GOOD,0.000,12,0,10541f24,25751037.175,1596.293,41.250,12.900,0.000,GOOD,0.000,20,0,10141e84,24631386.280,1675.183,44.500,15.800,0.000,GOOD,0.000,20,0,01341ea4,24631390.967,1262.268,45.500,13.800,0.000,GOOD,0.000,20,0,00541ec4,24631389.817,1361.358,43.000,13.700,0.000,GOOD,0.000,20,0,10f41ee4,24631381.880,1690.621,43.750,15.000,0.000,GOOD,0.000,23,0,10141d44,23034900.927,-167.665,48.250,16.300,0.000,GOOD,0.000,23,0,11341d64,23034900.730,-126.169,50.500,14.800,0.000,GOOD,0.000,23,0,00541d84,23034898.010,-136.131,47.250,14.400,0.000,GOOD,0.000,23,0,10f41da4,23034896.911,-169.256,48.250,15.000,0.000,GOOD,0.000,27,0,101c1f24,26504530.561,-2832.898,28.000,2.800,0.000,GOOD,0.000,27,0,00fc1784,26504493.929,-2859.845,18.750,0.000,0.000,GOOD,0.000,29,0,10141d04,25411867.816,-456.518,44.250,15.100,0.000,GOOD,0.000,29,0,01341d24,25411874.969,-344.328,40.250,13.700,0.000,GOOD,0.000,29,0,00541d44,25411875.430,-370.793,40.750,13.300,0.000,GOOD,0.000,29,0,10f41d64,25411865.725,-460.655,43.500,14.700,0.000,GOOD,0.000,30,0,00141de4,24837977.093,-2314.585,44.500,15.600,0.000,GOOD,0.000,30,0,01341e04,24837990.569,-1744.220,44.500,14.700,0.000,GOOD,0.000,30,0,10541e24,24837988.921,-1880.702,42.250,14.900,0.000,GOOD,0.000,30,0,10f41e44,24837975.079,-2335.695,42.500,15.100,0.000,GOOD,0.000,32,0,001c1644,22654406.331,-94.514,36.250,3.300,0.000,GOOD,0.000,32,0,113c1e64,22654412.399,-71.275,40.500,2.000,0.000,GOOD,0.000,32,0,005c1684,22654409.174,-76.575,38.500,1.600,0.000,GOOD,0.000,32,0,00fc16a4,22654397.656,-95.238,31.750,0.500,0.000,GOOD,0.000,37,0,00141fc4,23721767.862,2496.920,44.750,15.100,0.000,GOOD,0.000,37,0,11341fe4,23721779.891,1881.602,46.750,15.200,0.000,GOOD,0.000,37,0,00541c04,23721780.432,2029.013,47.000,14.700,0.000,GOOD,0.000,37,0,10f41c24,23721768.622,2520.016,43.750,15.600,0.000,GOOD,0.000,41,0,10141c64,25284064.199,-1834.268,43.750,15.900,0.000,GOOD,0.000,41,0,11341c84,25284087.902,-1382.391,48.500,14.900,0.000,GOOD,0.000,41,0,00541ca4,25284082.922,-1490.544,46.500,14.500,0.000,GOOD,0.000,41,0,10f41cc4,25284062.862,-1851.198,44.750,16.500,0.000,GOOD,0.000*3b1ebb30
#INSPVAXA,ICOM3,0,90.1,FINESTEERING,2427,544641.050,00000000,0023,797;WAITING_AZIMUTH,NONE,0.00000000000,0.00000000000,0.0000,0.0000,0.0000,0.0000,0.0000,0.000000000,0.000000000,-0.000000000,0.0000,0.0000,0.0000,0.0000,0.0000,0.0000,0.0000,0.0000,0.0000,00000000,15*99141c9a
#RAWIMUA,ICOM3,0,90.1,FINESTEERING,2427,544641.046,00000000,0000,797;2427,544641.045953000,1a2500b7,1167657,271010,-518677,-22918,-2949,-17126*cb0d7a82
#INSPVAXA,ICOM3,0,90.1,FINESTEERING,2427,544641.060,00000000,002d,797;WAITING_AZIMUTH,NONE,0.00000000000,0.00000000000,0.0000,0.0000,0.0000,0.0000,0.0000,0.000000000,0.000000000,-0.000000000,0.0000,0.0000,0.0000,0.0000,0.0000,0.0000,0.0000,0.0000,0.0000,00000000,15*c931e031
#RAWIMUA,ICOM3,0,90.1,FINESTEERING,2427,544641.056,00000000,0000,797;2427,544641.055984000,1a2500b8,1169436,270248,-519195,-27934,-287,-10580*793c9030
#INSPVAXA,ICOM3,0,90.1,FINESTEERING,2427,544641.070,00000000,0037,797;WAITING_AZIMUTH,NONE,0.00000000000,0.00000000000,0.0000,0.0000,0.0000,0.0000,0.0000,0.000000000,0.000000000,-0.000000000,0.0000,0.0000,0.0000,0.0000,0.0000,0.0000,0.0000,0.0000,0.0000,00000000,15*dc4c9330
#RAWIMUA,ICOM3,0,90.1,FINESTEERING,2427,544641.066,00000000,0000,797;2427,544641.065927000,1a2700b9,1168600,269154,-517606,-22426,836,-15729*c6b61c90
#INSPVAXA,ICOM3,0,90.1,FINESTEERING,2427,544641.080,00000000,0041,797;WAITING_AZIMUTH,NONE,0.00000000000,0.00000000000,0.0000,0.0000,0.0000,0.0000,0.0000,0.000000000,0.000000000,-0.000000000,0.0000,0.0000,0.0000,0.0000,0.0000,0.0000,0.0000,0.0000,0.0000,00000000,15*82d7f79e
#RAWIMUA,ICOM3,0,90.1,FINESTEERING,2427,544641.076,00000000,0000,797;2427,544641.075914000,1a2b00ba,1170344,269508,-517940,-19016,-8344,-16950*f6cea272
#INSPVAXA,ICOM3,0,90.1,FINESTEERING,2427,544641.090,00000000,004b,797;WAITING_AZIMUTH,NONE,0.00000000000,0.00000000000,0.0000,0.0000,0.0000,0.0000,0.0000,0.000000000,0.000000000,-0.000000000,0.0000,0.0000,0.0000,0.0000,0.0000,0.0000,0.0000,0.0000,0.0000,00000000,15*387e1828
#RAWIMUA,ICOM3,0,90.1,FINESTEERING,2427,544641.086,00000000,0000,797;2427,544641.085968000,1a2800bb,1170881,271685,-519278,-22065,1791,-17991*bd1efa56
#INSPVAXA,ICOM3,0,90.1,FINESTEERING,2427,544641.100,00000000,0055,797;WAITING_AZIMUTH,NONE,0.00000000000,0.00000000000,0.0000,0.0000,0.0000,0.0000,0.0000,0.000000000,0.000000000,-0.000000000,0.0000,0.0000,0.0000,0.0000,0.0000,0.0000,0.0000,0.0000,0.0000,00000000,15*cd1702a9
#RAWIMUA,ICOM3,0,90.1,FINESTEERING,2427,544641.096,00000000,0000,797;2427,544641.095958000,1a2200bc,1169036,270092,-518602,-11114,6111,-21742*cd511046
#INSPVAXA,ICOM3,0,90.1,FINESTEERING,2427,544641.110,00000000,005f,797;WAITING_AZIMUTH,NONE,0.00000000000,0.00000000000,0.0000,0.0000,0.0000,0.0000,0.0000,0.000000000,0.000000000,-0.000000000,0.0000,0.0000,0.0000,0.0000,0.0000,0.0000,0.0000,0.0000,0.0000,00000000,15*77beed1f
#RAWIMUA,ICOM3,0,90.1,FINESTEERING,2427,544641.106,00000000,0000,797;2427,544641.106035000,1a2100bd,1168668,270623,-517984,-15705,-903,-18196*340ac4c6
#INSPVAXA,ICOM3,0,90.1,FINESTEERING,2427,544641.120,00000000,006a,797;WAITING_AZIMUTH,NONE,0.00000000000,0.00000000000,0.0000,0.0000,0.0000,0.0000,0.0000,0.000000000,0.000000000,-0.000000000,0.0000,0.0000,0.0000,0.0000,0.0000,0.0000,0.0000,0.0000,0.0000,00000000,15*f0472c9d
#RAWIMUA,ICOM3,0,90.1,FINESTEERING,2427,544641.116,00000000,0000,797;2427,544641.115996000,1a2300be,1169543,271285,-520093,-18196,3900,-17848*6e6b2abb
#INSPVAXA,ICOM3,0,90.1,FINESTEERING,2427,544641.130,00000000,0073,797;WAITING_AZIMUTH,NONE,0.00000000000,0.00000000000,0.0000,0.0000,0.0000,0.0000,0.0000,0.000000000,0.000000000,-0.000000000,0.0000,0.0000,0.0000,0.0000,0.0000,0.0000,0.0000,0.0000,0.0000,00000000,15*3bbda435
#RAWIMUA,ICOM3,0,90.1,FINESTEERING,2427,544641.126,00000000,0000,797;2427,544641.126043000,1a2500bf,1166524,269427,-517017,-19180,-3539,-6285*a7c5534a
#INSPVAXA,ICOM3,0,90.1,FINESTEERING,2427,544641.140,00000000,007e,797;WAITING_AZIMUTH,NONE,0.00000000000,0.00000000000,0.0000,0.0000,0.0000,0.0000,0.0000,0.000000000,0.000000000,-0.000000000,0.0000,0.0000,0.0000,0.0000,0.0000,0.0000,0.0000,0.0000,0.0000,00000000,15*f9fc4141
#RAWIMUA,ICOM3,0,90.1,FINESTEERING,2427,544641.136,00000000,0000,797;2427,544641.136015000,1a2500c0,1170668,268922,-517540,-19901,-8049,-1904*adb023de
#INSPVAXA,ICOM3,0,90.1,FINESTEERING,2427,544641.150,00000000,0088,797;WAITING_AZIMUTH,NONE,0.00000000000,0.00000000000,0.0000,0.0000,0.0000,0.0000,0.0000,0.000000000,0.000000000,-0.000000000,0.0000,0.0000,0.0000,0.0000,0.0000,0.0000,0.0000,0.0000,0.0000,00000000,15*2c625237
#RAWIMUA,ICOM3,0,90.1,FINESTEERING,2427,544641.146,00000000,0000,797;2427,544641.145967000,1a2500c1,1173704,269458,-518927,-22098,3404,-13089*6a6e1963
#INSPVAXA,ICOM3,0,90.1,FINESTEERING,2427,544641.160,00000000,0091,797;WAITING_AZIMUTH,NONE,0.00000000000,0.00000000000,0.0000,0.0000,0.0000,0.0000,0.0000,0.000000000,0.000000000,-0.000000000,0.0000,0.0000,0.0000,0.0000,0.0000,0.0000,0.0000,0.0000,0.0000,00000000,15*c74a7da2
#RAWIMUA,ICOM3,0,90.1,FINESTEERING,2427,544641.156,00000000,0000,797;2427,544641.155958000,1a2400c2,1167515,268994,-517472,-20983,6136,-22439*33c69b4b
#INSPVAXA,ICOM3,0,90.1,FINESTEERING,2427,544641.170,00000000,009b,797;WAITING_AZIMUTH,NONE,0.00000000000,0.00000000000,0.0000,0.0000,0.0000,0.0000,0.0000,0.000000000,0.000000000,-0.000000000,0.0000,0.0000,0.0000,0.0000,0.0000,0.0000,0.0000,0.0000,0.0000,00000000,15*7de39214
#RAWIMUA,ICOM3,0,90.1,FINESTEERING,2427,544641.166,00000000,0000,797;2427,544641.165950000,1a2400c3,1168868,270261,-518177,-20623,-841,-14520*990c6c7c
#INSPVAXA,ICOM3,0,90.1,FINESTEERING,2427,544641.180,00000000,00a5,797;WAITING_AZIMUTH,NONE,0.00000000000,0.00000000000,0.0000,0.0000,0.0000,0.0000,0.0000,0.000000000,0.000000000,-0.000000000,0.0000,0.0000,0.0000,0.0000,0.0000,0.0000,0.0000,0.0000,0.0000,00000000,15*3a8bedde
#RAWIMUA,ICOM3,0,90.1,FINESTEERING,2427,544641.176,00000000,0000,797;2427,544641.175972000,1a2600c4,1171357,271868,-517575,-19016,2748,-21533*11465d10
#INSPVAXA,ICOM3,0,90.1,FINESTEERING,2427,544641.190,00000000,00af,797;WAITING_AZIMUTH,NONE,0.00000000000,0.00000000000,0.0000,0.0000,0.0000,0.0000,0.0000,0.000000000,0.000000000,-0.000000000,0.0000,0.0000,0.0000,0.0000,0.0000,0.0000,0.0000,0.0000,0.0000,00000000,15*80220268
#RAWIMUA,ICOM3,0,90.1,FINESTEERING,2427,544641.186,00000000,0000,797;2427,544641.185966000,1a2800c5,1167415,268144,-517331,-16327,-871,-21580*7ac6d3e0
#INSPVAXA,ICOM3,0,90.1,FINESTEERING,2427,544641.200,00000000,00b9,797;WAITING_AZIMUTH,NONE,0.00000000000,0.00000000000,0.0000,0.0000,0.0000,0.0000,0.0000,0.000000000,0.000000000,-0.000000000,0.0000,0.0000,0.0000,0.0000,0.0000,0.0000,0.0000,0.0000,0.0000,00000000,15*02347d1e
#RAWIMUA,ICOM3,0,90.1,FINESTEERING,2427,544641.196,00000000,0000,797;2427,544641.195958000,1a2700c6,1168093,271882,-519639,-17737,-2945,-28916*cb4acb28
#INSPVAXA,ICOM3,0,90.1,FINESTEERING,2427,544641.210,00000000,00c3,797;WAITING_AZIMUTH,NONE,0.00000000000,0.00000000000,0.0000,0.0000,0.0000,0.0000,0.0000,0.000000000,0.000000000,-0.000000000,0.0000,0.0000,0.0000,0.0000,0.0000,0.0000,0.0000,0.0000,0.0000,00000000,15*7794a90a
#RAWIMUA,ICOM3,0,90.1,FINESTEERING,2427,544641.206,00000000,0000,797;2427,544641.205977000,1a2600c7,1168318,268713,-518979,-9541,-1195,-24434*446ef784
#INSPVAXA,ICOM3,0,90.1,FINESTEERING,2427,544641.220,00000000,00cd,797;WAITING_AZIMUTH,NONE,0.00000000000,0.00000000000,0.0000,0.0000,0.0000,0.0000,0.0000,0.000000000,0.000000000,-0.000000000,0.0000,0.0000,0.0000,0.0000,0.0000,0.0000,0.0000,0.0000,0.0000,00000000,15*27b155a1
#RAWIMUA,ICOM3,0,90.1,FINESTEERING,2427,544641.216,00000000,0000,797;2427,544641.216010000,1a2400c8,1167426,272316,-521842,-21311,8736,-23840*70dc8c3b
$GPGGA,071703.20,3109.8268698,N,12127.2280439,E,4,34,0.6,6.033,M,11.031,M,1.200,1793*44
#BESTGNSSPOSA,ICOM3,0,88.2,FINESTEERING,2427,544641.200,03e1c005,a600,797;SOL_COMPUTED,NARROW_INT,31.16378116337,121.45380073093,6.0327,11.0314,WGS84,0.0124,0.0105,0.0235,"1793",1.200,0.017,42,34,34,34,01,00,30,37*d067dbc7
#HEADINGA,ICOM3,0,88.2,FINESTEERING,2427,544641.200,00000000,0000,797;SOL_COMPUTED,NONE,0.000000000,0.000000000,0.000000000,0.0,0.000000000,0.000000000,"1793",0,0,0,0,0,00,30,37*4c786dca
#INSPVAXA,ICOM3,0,88.2,FINESTEERING,2427,544641.230,00000000,00d8,797;WAITING_AZIMUTH,NONE,0.00000000000,0.00000000000,0.0000,0.0000,0.0000,0.0000,0.0000,0.000000000,0.000000000,-0.000000000,0.0000,0.0000,0.0000,0.0000,0.0000,0.0000,0.0000,0.0000,0.0000,00000000,15*178a1e73
$GPGSV,2,1,07,10,00,000,28,13,00,000,40,15,39,058,40,18,48,218,45*78
$GPGSV,2,2,07,20,13,068,36,24,67,047,45,32,11,272,38,,,,*4D
$GLGSV,3,1,09,70,17,072,44,72,24,306,39,73,49,099,47,74,27,160,35*6B
$GLGSV,3,2,09,85,00,000,22,86,37,244,47,87,33,295,47,90,00,000,38*6B
$GLGSV,3,3,09,91,00,000,36,,,,,,,,,,,,*51
$GAGSV,2,1,06,03,25,266,46,11,07,161,35,16,17,127,40,31,14,073,37*68
$GAGSV,2,2,06,34,55,287,46,36,49,190,47,,,,,,,,*65
$GQGSV,1,1,03,02,00,000,32,03,43,170,44,07,53,169,38,,,,*4E
$GBGSV,5,1,17,01,48,147,49,02,35,243,46,03,55,202,49,04,37,120,44*65
$GBGSV,5,2,17,06,70,042,42,07,58,191,49,10,47,193,45,11,24,268,43*60
$GBGSV,5,3,17,12,13,296,40,20,29,306,45,23,49,086,48,27,00,000,28*6F
$GBGSV,5,4,17,29,16,290,44,30,22,238,45,32,00,000,36,37,40,166,45*64
$GBGSV,5,5,17,41,22,086,44,,,,,,,,,,,,*56
$GPGSA,M,3,15,18,20,24,32,,,,,,,,1.3,0.6,1.1,1*2F
#RAWIMUA,ICOM3,0,88.2,FINESTEERING,2427,544641.226,00000000,0000,797;2427,544641.226011000,1a2500c9,1166940,269509,-512688,-20328,-9991,-5263*2b7be295
#INSPVAXA,ICOM3,0,88.2,FINESTEERING,2427,544641.240,00000000,00e2,797;WAITING_AZIMUTH,NONE,0.00000000000,0.00000000000,0.0000,0.0000,0.0000,0.0000,0.0000,0.000000000,0.000000000,-0.000000000,0.0000,0.0000,0.0000,0.0000,0.0000,0.0000,0.0000,0.0000,0.0000,00000000,15*08b8d92a
#RAWIMUA,ICOM3,0,88.2,FINESTEERING,2427,544641.236,00000000,0000,797;2427,544641.235958000,1a2800ca,1172778,267465,-521429,-14885,-935,-11494*2ad5b059
#INSPVAXA,ICOM3,0,88.2,FINESTEERING,2427,544641.250,00000000,00eb,797;WAITING_AZIMUTH,NONE,0.00000000000,0.00000000000,0.0000,0.0000,0.0000,0.0000,0.0000,0.000000000,0.000000000,-0.000000000,0.0000,0.0000,0.0000,0.0000,0.0000,0.0000,0.0000,0.0000,0.0000,00000000,15*0ae83c26
#RAWIMUA,ICOM3,0,88.2,FINESTEERING,2427,544641.246,00000000,0000,797;2427,544641.245950000,1a2700cb,1167668,273490,-516639,-19016,9923,-2316*2c83a1d6
#INSPVAXA,ICOM3,0,88.2,FINESTEERING,2427,544641.260,00000000,00f5,797;WAITING_AZIMUTH,NONE,0.00000000000,0.00000000000,0.0000,0.0000,0.0000,0.0000,0.0000,0.000000000,0.000000000,-0.000000000,0.0000,0.0000,0.0000,0.0000,0.0000,0.0000,0.0000,0.0000,0.0000,00000000,15*71c16315
#RAWIMUA,ICOM3,0,88.2,FINESTEERING,2427,544641.256,00000000,0000,797;2427,544641.255943000,1a2200cc,1165850,266268,-518358,-18000,-1662,5714*8f97aeba
#INSPVAXA,ICOM3,0,88.2,FINESTEERING,2427,544641.270,00000000,00ff,797;WAITING_AZIMUTH,NONE,0.00000000000,0.00000000000,0.0000,0.0000,0.0000,0.0000,0.0000,0.000000000,0.000000000,-0.000000000,0.0000,0.0000,0.0000,0.0000,0.0000,0.0000,0.0000,0.0000,0.0000,00000000,15*cb688ca3
#RAWIMUA,ICOM3,0,88.2,FINESTEERING,2427,544641.266,00000000,0000,797;2427,544641.265965000,1a2500cd,1173973,266701,-519354,-20655,-1631,-20207*ea480251
#INSPVAXA,ICOM3,0,88.2,FINESTEERING,2427,544641.280,00000000,0109,797;WAITING_AZIMUTH,NONE,0.00000000000,0.00000000000,0.0000,0.0000,0.0000,0.0000,0.0000,0.000000000,0.000000000,-0.000000000,0.0000,0.0000,0.0000,0.0000,0.0000,0.0000,0.0000,0.0000,0.0000,00000000,15*b3ca7298
#RAWIMUA,ICOM3,0,88.2,FINESTEERING,2427,544641.276,00000000,0000,797;2427,544641.275957000,1a2a00ce,1168556,269985,-516566,-22098,3074,-24195*461077f6
#INSPVAXA,ICOM3,0,88.2,FINESTEERING,2427,544641.290,00000000,0113,797;WAITING_AZIMUTH,NONE,0.00000000000,0.00000000000,0.0000,0.0000,0.0000,0.0000,0.0000,0.000000000,0.000000000,-0.000000000,0.0000,0.0000,0.0000,0.0000,0.0000,0.0000,0.0000,0.0000,0.0000,00000000,15*c66aa68c
#RAWIMUA,ICOM3,0,88.2,FINESTEERING,2427,544641.286,00000000,0000,797;2427,544641.285950000,1a2600cf,1166740,272024,-518951,-25180,-4630,-18712*6c35a090
#INSPVAXA,ICOM3,0,88.2,FINESTEERING,2427,544641.300,00000000,011d,797;WAITING_AZIMUTH,NONE,0.00000000000,0.00000000000,0.0000,0.0000,0.0000,0.0000,0.0000,0.000000000,0.000000000,-0.000000000,0.0000,0.0000,0.0000,0.0000,0.0000,0.0000,0.0000,0.0000,0.0000,00000000,15*9cd720ba
#RAWIMUA,ICOM3,0,88.2,FINESTEERING,2427,544641.296,00000000,0000,797;2427,544641.295942000,1a2400d0,1169191,270588,-520937,-30000,2180,-8009*ce36b372
#INSPVAXA,ICOM3,0,88.2,FINESTEERING,2427,544641.310,00000000,0127,797;WAITING_AZIMUTH,NONE,0.00000000000,0.00000000000,0.0000,0.0000,0.0000,0.0000,0.0000,0.000000000,0.000000000,-0.000000000,0.0000,0.0000,0.0000,0.0000,0.0000,0.0000,0.0000,0.0000,0.0000,00000000,15*0d726c94
#RAWIMUA,ICOM3,0,88.2,FINESTEERING,2427,544641.306,00000000,0000,797;2427,544641.305996000,1a2800d1,1170462,270766,-516774,-23508,8833,-6332*5b283d63
#INSPVAXA,ICOM3,0,88.2,FINESTEERING,2427,544641.320,00000000,0131,797;WAITING_AZIMUTH,NONE,0.00000000000,0.00000000000,0.0000,0.0000,0.0000,0.0000,0.0000,0.000000000,0.000000000,-0.000000000,0.0000,0.0000,0.0000,0.0000,0.0000,0.0000,0.0000,0.0000,0.0000,00000000,15*d0d46990
#RAWIMUA,ICOM3,0,88.2,FINESTEERING,2427,544641.316,00000000,0000,797;2427,544641.315987000,1a2b00d2,1169716,266731,-517415,-22164,-447,-8606*4ba33eae
#INSPVAXA,ICOM3,0,88.2,FINESTEERING,2427,544641.330,00000000,013b,797;WAITING_AZIMUTH,NONE,0.00000000000,0.00000000000,0.0000,0.0000,0.0000,0.0000,0.0000,0.000000000,0.000000000,-0.000000000,0.0000,0.0000,0.0000,0.0000,0.0000,0.0000,0.0000,0.0000,0.0000,00000000,15*6a7d8626
#RAWIMUA,ICOM3,0,88.2,FINESTEERING,2427,544641.326,00000000,0000,797;2427,544641.325953000,1a2400d3,1170347,268816,-518260,-19377,3439,-24684*4e45b811
#INSPVAXA,ICOM3,0,88.2,FINESTEERING,2427,544641.340,00000000,0145,797;WAITING_AZIMUTH,NONE,0.00000000000,0.00000000000,0.0000,0.0000,0.0000,0.0000,0.0000,0.000000000,0.000000000,-0.000000000,0.0000,0.0000,0.0000,0.0000,0.0000,0.0000,0.0000,0.0000,0.0000,00000000,15*8f76437c
#RAWIMUA,ICOM3,0,88.2,FINESTEERING,2427,544641.336,00000000,0000,797;2427,544641.335943000,1a2200d4,1169061,269741,-517778,-18000,3045,-29612*01678e33
#INSPVAXA,ICOM3,0,88.2,FINESTEERING,2427,544641.350,00000000,014f,797;WAITING_AZIMUTH,NONE,0.00000000000,0.00000000000,0.0000,0.0000,0.0000,0.0000,0.0000,0.000000000,0.000000000,-0.000000000,0.0000,0.0000,0.0000,0.0000,0.0000,0.0000,0.0000,0.0000,0.0000,00000000,15*35dfacca
#RAWIMUA,ICOM3,0,88.2,FINESTEERING,2427,544641.346,00000000,0000,797;2427,544641.345966000,1a2200d5,1167987,271237,-518811,-21410,1298,-19504*7b9519fd
#INSPVAXA,ICOM3,0,88.2,FINESTEERING,2427,544641.360,00000000,0159,797;WAITING_AZIMUTH,NONE,0.00000000000,0.00000000000,0.0000,0.0000,0.0000,0.0000,0.0000,0.000000000,0.000000000,-0.000000000,0.0000,0.0000,0.0000,0.0000,0.0000,0.0000,0.0000,0.0000,0.0000,00000000,15*88a40edb
#RAWIMUA,ICOM3,0,88.2,FINESTEERING,2427,544641.356,00000000,0000,797;2427,544641.355958000,1a2200d6,1169197,271077,-518318,-17508,2749,-11118*77743040
#INSPVAXA,ICOM3,0,88.2,FINESTEERING,2427,544641.370,00000000,0163,797;WAITING_AZIMUTH,NONE,0.00000000000,0.00000000000,0.0000,0.0000,0.0000,0.0000,0.0000,0.000000000,0.000000000,-0.000000000,0.0000,0.0000,0.0000,0.0000,0.0000,0.0000,0.0000,0.0000,0.0000,00000000,15*79dce5e0
#RAWIMUA,ICOM3,0,88.2,FINESTEERING,2427,544641.366,00000000,0000,797;2427,544641.365951000,1a2500d7,1169584,269678,-517515,-15442,-7519,-11326*5b221e70
#INSPVAXA,ICOM3,0,88.2,FINESTEERING,2427,544641.380,00000000,016d,797;WAITING_AZIMUTH,NONE,0.00000000000,0.00000000000,0.0000,0.0000,0.0000,0.0000,0.0000,0.000000000,0.000000000,-0.000000000,0.0000,0.0000,0.0000,0.0000,0.0000,0.0000,0.0000,0.0000,0.0000,00000000,15*fcdd3fd1
#RAWIMUA,ICOM3,0,88.2,FINESTEERING,2427,544641.376,00000000,0000,797;2427,544641.375944000,1a2800d8,1170448,268191,-518483,-19869,-8674,-26019*0b1edb6f
#INSPVAXA,ICOM3,0,88.2,FINESTEERING,2427,544641.390,00000000,0177,797;WAITING_AZIMUTH,NONE,0.00000000000,0.00000000000,0.0000,0.0000,0.0000,0.0000,0.0000,0.000000000,0.000000000,-0.000000000,0.0000,0.0000,0.0000,0.0000,0.0000,0.0000,0.0000,0.0000,0.0000,00000000,15*e9a04cd0
#RAWIMUA,ICOM3,0,88.2,FINESTEERING,2427,544641.386,00000000,0000,797;2427,544641.385966000,1a2500d9,1168866,270818,-518085,-22754,-4957,-17726*a4238c9d
#INSPVAXA,ICOM3,0,88.2,FINESTEERING,2427,544641.400,00000000,0181,797;WAITING_AZIMUTH,NONE,0.00000000000,0.00000000000,0.0000,0.0000,0.0000,0.0000,0.0000,0.000000000,0.000000000,-0.000000000,0.0000,0.0000,0.0000,0.0000,0.0000,0.0000,0.0000,0.0000,0.0000,00000000,15*1e732d38
#RAWIMUA,ICOM3,0,88.2,FINESTEERING,2427,544641.396,00000000,0000,797;2427,544641.395959000,1a2900da,1169429,272417,-518564,-25869,1130,-14449*1116cdf0
#INSPVAXA,ICOM3,0,88.2,FINESTEERING,2427,544641.410,00000000,018b,797;WAITING_AZIMUTH,NONE,0.00000000000,0.00000000000,0.0000,0.0000,0.0000,0.0000,0.0000,0.000000000,0.000000000,-0.000000000,0.0000,0.0000,0.0000,0.0000,0.0000,0.0000,0.0000,0.0000,0.0000,00000000,15*a4dac28e
#RAWIMUA,ICOM3,0,88.2,FINESTEERING,2427,544641.406,00000000,0000,797;2427,544641.405972000,1a2c00db,1167718,269903,-518139,-22983,5575,-3915*3962da87
#INSPVAXA,ICOM3,0,88.2,FINESTEERING,2427,544641.420,00000000,0195,797;WAITING_AZIMUTH,NONE,0.00000000000,0.00000000000,0.0000,0.0000,0.0000,0.0000,0.0000,0.000000000,0.000000000,-0.000000000,0.0000,0.0000,0.0000,0.0000,0.0000,0.0000,0.0000,0.0000,0.0000,00000000,15*5b2ba292
#RAWIMUA,ICOM3,0,88.2,FINESTEERING,2427,544641.416,00000000,0000,797;2427,544641.415966000,1a2800dc,1169620,268822,-517833,-16000,874,-6724*9cf019f9
$GPGGA,071703.40,3109.8268685,N,12127.2280436,E,4,34,0.6,6.032,M,11.031,M,1.400,1793*46
#BESTGNSSPOSA,ICOM3,0,88.2,FINESTEERING,2427,544641.400,03e1c005,a600,797;SOL_COMPUTED,NARROW_INT,31.16378114236,121.45380072712,6.0319,11.0314,WGS84,0.0131,0.0110,0.0241,"1793",1.400,0.016,42,34,34,34,01,00,30,37*69fb4789
#HEADINGA,ICOM3,0,88.2,FINESTEERING,2427,544641.400,00000000,0000,797;SOL_COMPUTED,NONE,0.000000000,0.000000000,0.000000000,0.0,0.000000000,0.000000000,"1793",0,0,0,0,0,00,30,37*7ad32702
#INSPVAXA,ICOM3,0,88.2,FINESTEERING,2427,544641.430,00000000,019f,797;WAITING_AZIMUTH,NONE,0.00000000000,0.00000000000,0.0000,0.0000,0.0000,0.0000,0.0000,0.000000000,0.000000000,-0.000000000,0.0000,0.0000,0.0000,0.0000,0.0000,0.0000,0.0000,0.0000,0.0000,00000000,15*e1824d24
$GPGSV,2,1,07,10,00,000,28,13,00,000,40,15,39,058,40,18,48,218,45*78
$GPGSV,2,2,07,20,13,068,36,24,67,047,45,32,11,272,39,,,,*4C
$GLGSV,3,1,09,70,17,072,44,72,24,306,40,73,49,099,47,74,27,160,35*65
$GLGSV,3,2,09,85,00,000,22,86,37,244,47,87,33,295,47,90,00,000,38*6B
$GLGSV,3,3,09,91,00,000,36,,,,,,,,,,,,*51
$GAGSV,2,1,06,03,25,266,46,11,07,161,35,16,17,127,40,31,14,073,37*68
$GAGSV,2,2,06,34,55,287,46,36,49,190,47,,,,,,,,*65
$GQGSV,1,1,03,02,00,000,32,03,43,170,44,07,53,169,38,,,,*4E
$GBGSV,5,1,17,01,48,147,49,02,35,243,46,03,55,202,49,04,37,120,44*65
$GBGSV,5,2,17,06,70,042,42,07,58,191,49,10,47,193,45,11,24,268,42*61
$GBGSV,5,3,17,12,13,296,40,20,29,306,45,23,49,086,48,27,00,000,28*6F
$GBGSV,5,4,17,29,16,290,44,30,22,238,45,32,00,000,36,37,40,166,45*64
$GBGSV,5,5,17,41,22,086,44,,,,,,,,,,,,*56
$GPGSA,M,3,15,18,20,24,32,,,,,,,,1.3,0.6,1.1,1*2F
#RAWIMUA,ICOM3,0,88.2,FINESTEERING,2427,544641.426,00000000,0000,797;2427,544641.425948000,1a2500dd,1169853,270063,-518143,-16426,150,-15564*cbdc968f
#INSPVAXA,ICOM3,0,88.2,FINESTEERING,2427,544641.440,00000000,01a9,797;WAITING_AZIMUTH,NONE,0.00000000000,0.00000000000,0.0000,0.0000,0.0000,0.0000,0.0000,0.000000000,0.000000000,-0.000000000,0.0000,0.0000,0.0000,0.0000,0.0000,0.0000,0.0000,0.0000,0.0000,00000000,15*7da7340f
#RAWIMUA,ICOM3,0,88.2,FINESTEERING,2427,544641.436,00000000,0000,797;2427,544641.435961000,1a2b00de,1168156,270085,-519257,-26426,4157,-22058*e7324aa1
#INSPVAXA,ICOM3,0,88.2,FINESTEERING,2427,544641.450,00000000,01b3,797;WAITING_AZIMUTH,NONE,0.00000000000,0.00000000000,0.0000,0.0000,0.0000,0.0000,0.0000,0.000000000,0.000000000,-0.000000000,0.0000,0.0000,0.0000,0.0000,0.0000,0.0000,0.0000,0.0000,0.0000,00000000,15*8cdfdf34
#RAWIMUA,ICOM3,0,88.2,FINESTEERING,2427,544641.446,00000000,0000,797;2427,544641.445953000,1a2700df,1169619,270657,-517756,-14688,-2252,-13044*a29f639f
#INSPVAXA,ICOM3,0,88.2,FINESTEERING,2427,544641.460,00000000,01bd,797;WAITING_AZIMUTH,NONE,0.00000000000,0.00000000000,0.0000,0.0000,0.0000,0.0000,0.0000,0.000000000,0.000000000,-0.000000000,0.0000,0.0000,0.0000,0.0000,0.0000,0.0000,0.0000,0.0000,0.0000,00000000,15*dcfa239f
#RAWIMUA,ICOM3,0,88.2,FINESTEERING,2427,544641.456,00000000,0000,797;2427,544641.455944000,1a2200e0,1170054,271726,-518687,-19836,1661,-4128*e6f66e54
#INSPVAXA,ICOM3,0,88.2,FINESTEERING,2427,544641.470,00000000,01c7,797;WAITING_AZIMUTH,NONE,0.00000000000,0.00000000000,0.0000,0.0000,0.0000,0.0000,0.0000,0.000000000,0.000000000,-0.000000000,0.0000,0.0000,0.0000,0.0000,0.0000,0.0000,0.0000,0.0000,0.0000,00000000,15*c987509e
#RAWIMUA,ICOM3,0,88.2,FINESTEERING,2427,544641.466,00000000,0000,797;2427,544641.465938000,1a1d00e1,1167720,269966,-518370,-18590,1596,-10007*1d17559c
#INSPVAXA,ICOM3,0,88.2,FINESTEERING,2427,544641.480,00000000,01d1,797;WAITING_AZIMUTH,NONE,0.00000000000,0.00000000000,0.0000,0.0000,0.0000,0.0000,0.0000,0.000000000,0.000000000,-0.000000000,0.0000,0.0000,0.0000,0.0000,0.0000,0.0000,0.0000,0.0000,0.0000,00000000,15*971c3430
#RAWIMUA,ICOM3,0,88.2,FINESTEERING,2427,544641.476,00000000,0000,797;2427,544641.475961000,1a1f00e2,1168084,271434,-518748,-26393,-7231,-1970*56c3a9c3
#INSPVAXA,ICOM3,0,88.2,FINESTEERING,2427,544641.490,00000000,01db,797;WAITING_AZIMUTH,NONE,0.00000000000,0.00000000000,0.0000,0.0000,0.0000,0.0000,0.0000,0.000000000,0.000000000,-0.000000000,0.0000,0.0000,0.0000,0.0000,0.0000,0.0000,0.0000,0.0000,0.0000,00000000,15*2db5db86
#RAWIMUA,ICOM3,0,88.2,FINESTEERING,2427,544641.486,00000000,0000,797;2427,544641.485952000,1a1f00e3,1170247,268492,-518027,-16950,6666,-10411*2207145e
#INSPVAXA,ICOM3,0,88.2,FINESTEERING,2427,544641.500,00000000,01e5,797;WAITING_AZIMUTH,NONE,0.00000000000,0.00000000000,0.0000,0.0000,0.0000,0.0000,0.0000,0.000000000,0.000000000,-0.000000000,0.0000,0.0000,0.0000,0.0000,0.0000,0.0000,0.0000,0.0000,0.0000,00000000,15*d8dcc107
#RAWIMUA,ICOM3,0,88.2,FINESTEERING,2427,544641.496,00000000,0000,797;2427,544641.495945000,1a2000e4,1169925,269565,-518728,-25410,-812,-30981*eb518185
#INSPVAXA,ICOM3,0,88.2,FINESTEERING,2427,544641.510,00000000,01ef,797;WAITING_AZIMUTH,NONE,0.00000000000,0.00000000000,0.0000,0.0000,0.0000,0.0000,0.0000,0.000000000,0.000000000,-0.000000000,0.0000,0.0000,0.0000,0.0000,0.0000,0.0000,0.0000,0.0000,0.0000,00000000,15*62752eb1
#RAWIMUA,ICOM3,0,88.2,FINESTEERING,2427,544641.506,00000000,0000,797;2427,544641.505965000,1a2300e5,1169924,271594,-518784,-19344,-412,-24372*330606ac
#INSPVAXA,ICOM3,0,88.2,FINESTEERING,2427,544641.520,00000000,01f9,797;WAITING_AZIMUTH,NONE,0.00000000000,0.00000000000,0.0000,0.0000,0.0000,0.0000,0.0000,0.000000000,0.000000000,-0.000000000,0.0000,0.0000,0.0000,0.0000,0.0000,0.0000,0.0000,0.0000,0.0000,00000000,15*5bd6b38f
#RAWIMUA,ICOM3,0,88.2,FINESTEERING,2427,544641.516,00000000,0000,797;2427,544641.516044000,1a2000e6,1169095,270591,-517919,-25836,3796,-15653*e67f337a
#INSPVAXA,ICOM3,0,88.2,FINESTEERING,2427,544641.530,00000000,0204,797;WAITING_AZIMUTH,NONE,0.00000000000,0.00000000000,0.0000,0.0000,0.0000,0.0000,0.0000,0.000000000,0.000000000,-0.000000000,0.0000,0.0000,0.0000,0.0000,0.0000,0.0000,0.0000,0.0000,0.0000,00000000,15*e1da10d1
#RAWIMUA,ICOM3,0,88.2,FINESTEERING,2427,544641.526,00000000,0000,797;2427,544641.525957000,1a1c00e7,1170071,268178,-516875,-18557,1859,-26727*682d20bc
#INSPVAXA,ICOM3,0,88.2,FINESTEERING,2427,544641.540,00000000,020d,797;WAITING_AZIMUTH,NONE,0.00000000000,0.00000000000,0.0000,0.0000,0.0000,0.0000,0.0000,0.000000000,0.000000000,-0.000000000,0.0000,0.0000,0.0000,0.0000,0.0000,0.0000,0.0000,0.0000,0.0000,00000000,15*8918e690
#RAWIMUA,ICOM3,0,88.2,FINESTEERING,2427,544641.536,00000000,0000,797;2427,544641.535945000,1a2100e8,1168876,271528,-519045,-15344,-6169,-31556*0a073ecf
#INSPVAXA,ICOM3,0,88.2,FINESTEERING,2427,544641.550,00000000,0217,797;WAITING_AZIMUTH,NONE,0.00000000000,0.00000000000,0.0000,0.0000,0.0000,0.0000,0.0000,0.000000000,0.000000000,-0.000000000,0.0000,0.0000,0.0000,0.0000,0.0000,0.0000,0.0000,0.0000,0.0000,00000000,15*9c659591
#RAWIMUA,ICOM3,0,88.2,FINESTEERING,2427,544641.546,00000000,0000,797;2427,544641.545937000,1a2200e9,1167920,270714,-518739,-16622,-2253,-22243*def9aa71
#INSPVAXA,ICOM3,0,88.2,FINESTEERING,2427,544641.560,00000000,0221,797;WAITING_AZIMUTH,NONE,0.00000000000,0.00000000000,0.0000,0.0000,0.0000,0.0000,0.0000,0.000000000,0.000000000,-0.000000000,0.0000,0.0000,0.0000,0.0000,0.0000,0.0000,0.0000,0.0000,0.0000,00000000,15*c51bafba
#RAWIMUA,ICOM3,0,88.2,FINESTEERING,2427,544641.556,00000000,0000,797;2427,544641.555960000,1a1f00ea,1168637,270197,-518078,-28918,1753,-5776*d4ed84a3
#INSPVAXA,ICOM3,0,88.2,FINESTEERING,2427,544641.570,00000000,022b,797;WAITING_AZIMUTH,NONE,0.00000000000,0.00000000000,0.0000,0.0000,0.0000,0.0000,0.0000,0.000000000,0.000000000,-0.000000000,0.0000,0.0000,0.0000,0.0000,0.0000,0.0000,0.0000,0.0000,0.0000,00000000,15*7fb2400c
#RAWIMUA,ICOM3,0,88.2,FINESTEERING,2427,544641.566,00000000,0000,797;2427,544641.565955000,1a2100eb,1170045,268137,-517530,-29114,-6443,-13466*c8c31089
#INSPVAXA,ICOM3,0,88.2,FINESTEERING,2427,544641.580,00000000,0235,797;WAITING_AZIMUTH,NONE,0.00000000000,0.00000000000,0.0000,0.0000,0.0000,0.0000,0.0000,0.000000000,0.000000000,-0.000000000,0.0000,0.0000,0.0000,0.0000,0.0000,0.0000,0.0000,0.0000,0.0000,00000000,15*5567068a
#RAWIMUA,ICOM3,0,88.2,FINESTEERING,2427,544641.576,00000000,0000,797;2427,544641.575947000,1a2000ec,1168871,268980,-518458,-30393,4780,-12957*c5f8ab2a
#INSPVAXA,ICOM3,0,88.2,FINESTEERING,2427,544641.590,00000000,023f,797;WAITING_AZIMUTH,NONE,0.00000000000,0.00000000000,0.0000,0.0000,0.0000,0.0000,0.0000,0.000000000,0.000000000,-0.000000000,0.0000,0.0000,0.0000,0.0000,0.0000,0.0000,0.0000,0.0000,0.0000,00000000,15*efcee93c
#RAWIMUA,ICOM3,0,88.2,FINESTEERING,2427,544641.586,00000000,0000,797;2427,544641.585942000,1a1f00ed,1168610,267571,-518572,-26819,-1932,-18733*9519f872
#INSPVAXA,ICOM3,0,88.2,FINESTEERING,2427,544641.600,00000000,0249,797;WAITING_AZIMUTH,NONE,0.00000000000,0.00000000000,0.0000,0.0000,0.0000,0.0000,0.0000,0.000000000,0.000000000,-0.000000000,0.0000,0.0000,0.0000,0.0000,0.0000,0.0000,0.0000,0.0000,0.0000,00000000,15*bf19ee55
#RAWIMUA,ICOM3,0,88.2,FINESTEERING,2427,544641.596,00000000,0000,797;2427,544641.595933000,1a1d00ee,1168653,269626,-516464,-16065,5581,-24737*64dc231b
#INSPVAXA,ICOM3,0,88.2,FINESTEERING,2427,544641.610,00000000,0253,797;WAITING_AZIMUTH,NONE,0.00000000000,0.00000000000,0.0000,0.0000,0.0000,0.0000,0.0000,0.000000000,0.000000000,-0.000000000,0.0000,0.0000,0.0000,0.0000,0.0000,0.0000,0.0000,0.0000,0.0000,00000000,15*cab93a41
#RAWIMUA,ICOM3,0,88.2,FINESTEERING,2427,544641.606,00000000,0000,797;2427,544641.605972000,1a1900ef,1169099,269964,-518305,-14032,-5378,-15060*0578545a
#INSPVAXA,ICOM3,0,88.2,FINESTEERING,2427,544641.620,00000000,025d,797;WAITING_AZIMUTH,NONE,0.00000000000,0.00000000000,0.0000,0.0000,0.0000,0.0000,0.0000,0.000000000,0.000000000,-0.000000000,0.0000,0.0000,0.0000,0.0000,0.0000,0.0000,0.0000,0.0000,0.0000,00000000,15*9a9cc6ea
#RAWIMUA,ICOM3,0,88.2,FINESTEERING,2427,544641.616,00000000,0000,797;2427,544641.615964000,1a2100f0,1171231,268949,-518000,-15704,-2318,-21716*4ec7f4eb
#INSPVAXA,ICOM3,0,88.2,FINESTEERING,2427,544641.630,00000000,0267,797;WAITING_AZIMUTH,NONE,0.00000000000,0.00000000000,0.0000,0.0000,0.0000,0.0000,0.0000,0.000000000,0.000000000,-0.000000000,0.0000,0.0000,0.0000,0.0000,0.0000,0.0000,0.0000,0.0000,0.0000,00000000,15*0b398ac4
$GPGGA,071703.60,3109.8268697,N,12127.2280445,E,4,34,0.6,6.034,M,11.031,M,1.600,1793*47
#BESTGNSSPOSA,ICOM3,0,88.2,FINESTEERING,2427,544641.600,03e1c005,a600,797;SOL_COMPUTED,NARROW_INT,31.16378116182,121.45380074139,6.0344,11.0314,WGS84,0.0141,0.0121,0.0250,"1793",1.600,0.020,42,34,34,34,01,00,30,37*1215a0fc
#HEADINGA,ICOM3,0,88.2,FINESTEERING,2427,544641.600,00000000,0000,797;SOL_COMPUTED,NONE,0.000000000,0.000000000,0.000000000,0.0,0.000000000,0.000000000,"1793",0,0,0,0,0,00,30,37*de651c85
#RAWIMUA,ICOM3,0,88.2,FINESTEERING,2427,544641.626,00000000,0000,797;2427,544641.625948000,1a2300f1,1170869,270582,-521201,-19802,-8542,-23981*4cec9e5c
$GPGSV,2,1,07,10,00,000,28,13,00,000,40,15,39,058,40,18,48,218,45*78
$GPGSV,2,2,07,20,13,068,36,24,67,047,45,32,11,272,39,,,,*4C
$GLGSV,3,1,09,70,17,072,44,72,24,306,40,73,49,099,47,74,27,160,35*65
$GLGSV,3,2,09,85,00,000,21,86,37,244,47,87,33,295,47,90,00,000,38*68
$GLGSV,3,3,09,91,00,000,36,,,,,,,,,,,,*51
$GAGSV,2,1,06,03,25,266,46,11,07,161,35,16,17,127,40,31,14,073,37*68
$GAGSV,2,2,06,34,55,287,46,36,49,190,47,,,,,,,,*65
$GQGSV,1,1,03,02,00,000,32,03,43,170,44,07,53,169,38,,,,*4E
$GBGSV,5,1,17,01,48,147,49,02,35,243,46,03,55,202,49,04,37,120,44*65
$GBGSV,5,2,17,06,70,042,43,07,58,191,49,10,47,193,45,11,24,268,42*60
$GBGSV,5,3,17,12,13,296,40,20,29,306,45,23,49,086,48,27,00,000,27*60
$GBGSV,5,4,17,29,16,290,44,30,22,238,45,32,00,000,36,37,40,166,45*64
$GBGSV,5,5,17,41,22,086,44,,,,,,,,,,,,*56
$GPGSA,M,3,15,18,20,24,32,,,,,,,,1.3,0.6,1.1,1*2F
#INSPVAXA,ICOM3,0,88.2,FINESTEERING,2427,544641.640,00000000,0271,797;WAITING_AZIMUTH,NONE,0.00000000000,0.00000000000,0.0000,0.0000,0.0000,0.0000,0.0000,0.000000000,0.000000000,-0.000000000,0.0000,0.0000,0.0000,0.0000,0.0000,0.0000,0.0000,0.0000,0.0000,00000000,15*9a7c6db6
#RAWIMUA,ICOM3,0,88.2,FINESTEERING,2427,544641.636,00000000,0000,797;2427,544641.635982000,1a1f00f2,1167696,272769,-519452,-22884,2547,-11845*5a3ece05
#INSPVAXA,ICOM3,0,88.2,FINESTEERING,2427,544641.650,00000000,027b,797;WAITING_AZIMUTH,NONE,0.00000000000,0.00000000000,0.0000,0.0000,0.0000,0.0000,0.0000,0.000000000,0.000000000,-0.000000000,0.0000,0.0000,0.0000,0.0000,0.0000,0.0000,0.0000,0.0000,0.0000,00000000,15*20d58200
#RAWIMUA,ICOM3,0,88.2,FINESTEERING,2427,544641.646,00000000,0000,797;2427,544641.645956000,1a2400f3,1167846,269054,-517834,-27180,-2163,4852*a81b62f4
#INSPVAXA,ICOM3,0,88.2,FINESTEERING,2427,544641.660,00000000,0285,797;WAITING_AZIMUTH,NONE,0.00000000000,0.00000000000,0.0000,0.0000,0.0000,0.0000,0.0000,0.000000000,0.000000000,-0.000000000,0.0000,0.0000,0.0000,0.0000,0.0000,0.0000,0.0000,0.0000,0.0000,00000000,15*f7ce5353
#RAWIMUA,ICOM3,0,88.2,FINESTEERING,2427,544641.656,00000000,0000,797;2427,544641.655946000,1a2400f4,1172740,268588,-517800,-22098,804,-14348*3761bb4a
#INSPVAXA,ICOM3,0,88.2,FINESTEERING,2427,544641.670,00000000,028f,797;WAITING_AZIMUTH,NONE,0.00000000000,0.00000000000,0.0000,0.0000,0.0000,0.0000,0.0000,0.000000000,0.000000000,-0.000000000,0.0000,0.0000,0.0000,0.0000,0.0000,0.0000,0.0000,0.0000,0.0000,00000000,15*4d67bce5
#RAWIMUA,ICOM3,0,88.2,FINESTEERING,2427,544641.666,00000000,0000,797;2427,544641.665939000,1a2400f5,1168886,268477,-516647,-17343,2716,-29777*b2f26b28
#INSPVAXA,ICOM3,0,88.2,FINESTEERING,2427,544641.680,00000000,0299,797;WAITING_AZIMUTH,NONE,0.00000000000,0.00000000000,0.0000,0.0000,0.0000,0.0000,0.0000,0.000000000,0.000000000,-0.000000000,0.0000,0.0000,0.0000,0.0000,0.0000,0.0000,0.0000,0.0000,0.0000,00000000,15*2538386e
#RAWIMUA,ICOM3,0,88.2,FINESTEERING,2427,544641.676,00000000,0000,797;2427,544641.675932000,1a2a00f6,1165544,270174,-517616,-20884,-8740,-26085*7bd2d2c8
#INSPVAXA,ICOM3,0,88.2,FINESTEERING,2427,544641.690,00000000,02a3,797;WAITING_AZIMUTH,NONE,0.00000000000,0.00000000000,0.0000,0.0000,0.0000,0.0000,0.0000,0.000000000,0.000000000,-0.000000000,0.0000,0.0000,0.0000,0.0000,0.0000,0.0000,0.0000,0.0000,0.0000,00000000,15*3d25d536
#RAWIMUA,ICOM3,0,88.2,FINESTEERING,2427,544641.686,00000000,0000,797;2427,544641.685953000,1a2800f7,1168563,271836,-520689,-20393,-2783,-18108*e9c85f12
#INSPVAXA,ICOM3,0,88.2,FINESTEERING,2427,544641.700,00000000,02ad,797;WAITING_AZIMUTH,NONE,0.00000000000,0.00000000000,0.0000,0.0000,0.0000,0.0000,0.0000,0.000000000,0.000000000,-0.000000000,0.0000,0.0000,0.0000,0.0000,0.0000,0.0000,0.0000,0.0000,0.0000,00000000,15*67985300
#RAWIMUA,ICOM3,0,88.2,FINESTEERING,2427,544641.696,00000000,0000,797;2427,544641.695947000,1a2400f8,1168467,270726,-517592,-29048,-847,-3947*c57d2eed
#INSPVAXA,ICOM3,0,88.2,FINESTEERING,2427,544641.710,00000000,02b7,797;WAITING_AZIMUTH,NONE,0.00000000000,0.00000000000,0.0000,0.0000,0.0000,0.0000,0.0000,0.000000000,0.000000000,-0.000000000,0.0000,0.0000,0.0000,0.0000,0.0000,0.0000,0.0000,0.0000,0.0000,00000000,15*f63d1f2e
#RAWIMUA,ICOM3,0,88.2,FINESTEERING,2427,544641.706,00000000,0000,797;2427,544641.705963000,1a2600f9,1166917,269493,-516854,-18557,-7060,4147*743eb034
#INSPVAXA,ICOM3,0,88.2,FINESTEERING,2427,544641.720,00000000,02c1,797;WAITING_AZIMUTH,NONE,0.00000000000,0.00000000000,0.0000,0.0000,0.0000,0.0000,0.0000,0.000000000,0.000000000,-0.000000000,0.0000,0.0000,0.0000,0.0000,0.0000,0.0000,0.0000,0.0000,0.0000,00000000,15*2b9b1a2a
#RAWIMUA,ICOM3,0,88.2,FINESTEERING,2427,544641.716,00000000,0000,797;2427,544641.715960000,1a2400fa,1169989,269206,-518592,-22163,2054,-7642*590cdc7a
#INSPVAXA,ICOM3,0,88.2,FINESTEERING,2427,544641.730,00000000,02cb,797;WAITING_AZIMUTH,NONE,0.00000000000,0.00000000000,0.0000,0.0000,0.0000,0.0000,0.0000,0.000000000,0.000000000,-0.000000000,0.0000,0.0000,0.0000,0.0000,0.0000,0.0000,0.0000,0.0000,0.0000,00000000,15*9132f59c
#RAWIMUA,ICOM3,0,88.2,FINESTEERING,2427,544641.726,00000000,0000,797;2427,544641.725960000,1a2200fb,1170273,267615,-517393,-17442,1400,-26662*73f7ade2
#INSPVAXA,ICOM3,0,88.2,FINESTEERING,2427,544641.740,00000000,02d5,797;WAITING_AZIMUTH,NONE,0.00000000000,0.00000000000,0.0000,0.0000,0.0000,0.0000,0.0000,0.000000000,0.000000000,-0.000000000,0.0000,0.0000,0.0000,0.0000,0.0000,0.0000,0.0000,0.0000,0.0000,00000000,15*743930c6
#RAWIMUA,ICOM3,0,88.2,FINESTEERING,2427,544641.736,00000000,0000,797;2427,544641.735949000,1a2200fc,1169447,269422,-516954,-17835,116,-33336*a92693d7
#INSPVAXA,ICOM3,0,88.2,FINESTEERING,2427,544641.750,00000000,02df,797;WAITING_AZIMUTH,NONE,0.00000000000,0.00000000000,0.0000,0.0000,0.0000,0.0000,0.0000,0.000000000,0.000000000,-0.000000000,0.0000,0.0000,0.0000,0.0000,0.0000,0.0000,0.0000,0.0000,0.0000,00000000,15*ce90df70
#RAWIMUA,ICOM3,0,88.2,FINESTEERING,2427,544641.746,00000000,0000,797;2427,544641.745941000,1a2300fd,1171019,270401,-519821,-16688,-4722,-35295*c76f1ae2
#INSPVAXA,ICOM3,0,88.2,FINESTEERING,2427,544641.760,00000000,02e9,797;WAITING_AZIMUTH,NONE,0.00000000000,0.00000000000,0.0000,0.0000,0.0000,0.0000,0.0000,0.000000000,0.000000000,-0.000000000,0.0000,0.0000,0.0000,0.0000,0.0000,0.0000,0.0000,0.0000,0.0000,00000000,15*73eb7d61
#RAWIMUA,ICOM3,0,88.2,FINESTEERING,2427,544641.756,00000000,0000,797;2427,544641.755934000,1a2900fe,1169438,271293,-519404,-13770,1896,-29942*5c5e94b0
#INSPVAXA,ICOM3,0,88.2,FINESTEERING,2427,544641.770,00000000,02f3,797;WAITING_AZIMUTH,NONE,0.00000000000,0.00000000000,0.0000,0.0000,0.0000,0.0000,0.0000,0.000000000,0.000000000,-0.000000000,0.0000,0.0000,0.0000,0.0000,0.0000,0.0000,0.0000,0.0000,0.0000,00000000,15*8293965a
#RAWIMUA,ICOM3,0,88.2,FINESTEERING,2427,544641.766,00000000,0000,797;2427,544641.765927000,1a2200ff,1168546,270645,-518936,-17606,2354,-14569*7a478198
#INSPVAXA,ICOM3,0,88.2,FINESTEERING,2427,544641.780,00000000,02fd,797;WAITING_AZIMUTH,NONE,0.00000000000,0.00000000000,0.0000,0.0000,0.0000,0.0000,0.0000,0.000000000,0.000000000,-0.000000000,0.0000,0.0000,0.0000,0.0000,0.0000,0.0000,0.0000,0.0000,0.0000,00000000,15*07924c6b
#RAWIMUA,ICOM3,0,88.2,FINESTEERING,2427,544641.776,00000000,0000,797;2427,544641.775950000,1a220000,1168089,271199,-519205,-16065,-2746,2525*1691a1fe
#INSPVAXA,ICOM3,0,88.2,FINESTEERING,2427,544641.790,00000000,0307,797;WAITING_AZIMUTH,NONE,0.00000000000,0.00000000000,0.0000,0.0000,0.0000,0.0000,0.0000,0.000000000,0.000000000,-0.000000000,0.0000,0.0000,0.0000,0.0000,0.0000,0.0000,0.0000,0.0000,0.0000,00000000,15*021245da
#RAWIMUA,ICOM3,0,88.2,FINESTEERING,2427,544641.786,00000000,0000,797;2427,544641.785942000,1a220001,1168938,268291,-518515,-23639,-8018,6110*5ab25b2b
#INSPVAXA,ICOM3,0,88.2,FINESTEERING,2427,544641.800,00000000,0311,797;WAITING_AZIMUTH,NONE,0.00000000000,0.00000000000,0.0000,0.0000,0.0000,0.0000,0.0000,0.000000000,0.000000000,-0.000000000,0.0000,0.0000,0.0000,0.0000,0.0000,0.0000,0.0000,0.0000,0.0000,00000000,15*740efcea
#RAWIMUA,ICOM3,0,88.2,FINESTEERING,2427,544641.796,00000000,0000,797;2427,544641.795935000,1a1f0002,1172359,269463,-515874,-22852,-3574,-1031*e67f1bd6
#INSPVAXA,ICOM3,0,88.2,FINESTEERING,2427,544641.810,00000000,031b,797;WAITING_AZIMUTH,NONE,0.00000000000,0.00000000000,0.0000,0.0000,0.0000,0.0000,0.0000,0.000000000,0.000000000,-0.000000000,0.0000,0.0000,0.0000,0.0000,0.0000,0.0000,0.0000,0.0000,0.0000,00000000,15*cea7135c
#RAWIMUA,ICOM3,0,88.2,FINESTEERING,2427,544641.806,00000000,0000,797;2427,544641.805953000,1a1e0003,1169412,268541,-516747,-17015,-2451,-7625*106aa08b
#INSPVAXA,ICOM3,0,88.2,FINESTEERING,2427,544641.820,00000000,0325,797;WAITING_AZIMUTH,NONE,0.00000000000,0.00000000000,0.0000,0.0000,0.0000,0.0000,0.0000,0.000000000,0.000000000,-0.000000000,0.0000,0.0000,0.0000,0.0000,0.0000,0.0000,0.0000,0.0000,0.0000,00000000,15*b58e4c6f
#RAWIMUA,ICOM3,0,88.2,FINESTEERING,2427,544641.816,00000000,0000,797;2427,544641.816013000,1a1f0004,1169329,268589,-518224,-12524,2951,-14332*b60de5b8
$GPGGA,071703.80,3109.8268714,N,12127.2280440,E,4,34,0.6,6.035,M,11.031,M,0.800,1793*48
#BESTGNSSPOSA,ICOM3,0,88.2,FINESTEERING,2427,544641.800,03e1c005,a600,797;SOL_COMPUTED,NARROW_INT,31.16378118919,121.45380073359,6.0353,11.0314,WGS84,0.0149,0.0128,0.0258,"1793",0.800,0.015,42,34,34,34,01,00,30,37*17d6d5b9
#HEADINGA,ICOM3,0,88.2,FINESTEERING,2427,544641.800,00000000,0000,797;SOL_COMPUTED,NONE,0.000000000,0.000000000,0.000000000,0.0,0.000000000,0.000000000,"1793",0,0,0,0,0,00,30,37*1785b292
$GPGSV,2,1,07,10,00,000,28,13,00,000,40,15,39,058,40,18,48,218,45*78
$GPGSV,2,2,07,20,13,068,36,24,67,047,45,32,11,272,39,,,,*4C
$GLGSV,3,1,09,70,17,072,44,72,24,306,40,73,49,099,47,74,27,160,36*66
$GLGSV,3,2,09,85,00,000,20,86,37,244,47,87,33,295,47,90,00,000,37*66
$GLGSV,3,3,09,91,00,000,36,,,,,,,,,,,,*51
$GAGSV,2,1,06,03,25,266,46,11,07,161,35,16,17,127,40,31,14,073,37*68
$GAGSV,2,2,06,34,55,287,46,36,49,190,47,,,,,,,,*65
$GQGSV,1,1,03,02,00,000,32,03,43,170,44,07,53,169,38,,,,*4E
$GBGSV,5,1,17,01,48,147,49,02,35,243,46,03,55,202,49,04,37,120,44*65
$GBGSV,5,2,17,06,70,042,43,07,58,191,49,10,47,193,45,11,24,268,42*60
$GBGSV,5,3,17,12,13,296,40,20,29,306,45,23,49,086,49,27,00,000,27*61
$GBGSV,5,4,17,29,16,290,44,30,22,238,45,32,00,000,36,37,40,166,45*64
$GBGSV,5,5,17,41,22,086,44,,,,,,,,,,,,*56
$GPGSA,M,3,15,18,20,24,32,,,,,,,,1.3,0.6,1.1,1*2F
#INSPVAXA,ICOM3,0,88.2,FINESTEERING,2427,544641.830,00000000,0330,797;WAITING_AZIMUTH,NONE,0.00000000000,0.00000000000,0.0000,0.0000,0.0000,0.0000,0.0000,0.000000000,0.000000000,-0.000000000,0.0000,0.0000,0.0000,0.0000,0.0000,0.0000,0.0000,0.0000,0.0000,00000000,15*f6a0b2ea
#RAWIMUA,ICOM3,0,88.2,FINESTEERING,2427,544641.826,00000000,0000,797;2427,544641.825950000,1a230005,1170423,271979,-519445,-17442,-7981,-10048*4b2d41a7
#INSPVAXA,ICOM3,0,88.2,FINESTEERING,2427,544641.840,00000000,0339,797;WAITING_AZIMUTH,NONE,0.00000000000,0.00000000000,0.0000,0.0000,0.0000,0.0000,0.0000,0.000000000,0.000000000,-0.000000000,0.0000,0.0000,0.0000,0.0000,0.0000,0.0000,0.0000,0.0000,0.0000,00000000,15*febfe3be
#RAWIMUA,ICOM3,0,88.2,FINESTEERING,2427,544641.836,00000000,0000,797;2427,544641.835935000,1a240006,1167940,269388,-517346,-14753,2225,-12136*6a9dcb5a
#INSPVAXA,ICOM3,0,88.2,FINESTEERING,2427,544641.850,00000000,0343,797;WAITING_AZIMUTH,NONE,0.00000000000,0.00000000000,0.0000,0.0000,0.0000,0.0000,0.0000,0.000000000,0.000000000,-0.000000000,0.0000,0.0000,0.0000,0.0000,0.0000,0.0000,0.0000,0.0000,0.0000,00000000,15*dd06709a
#RAWIMUA,ICOM3,0,88.2,FINESTEERING,2427,544641.846,00000000,0000,797;2427,544641.845930000,1a250007,1169683,269938,-517616,-26097,-4729,-20420*4fd7380f
#INSPVAXA,ICOM3,0,88.2,FINESTEERING,2427,544641.860,00000000,034d,797;WAITING_AZIMUTH,NONE,0.00000000000,0.00000000000,0.0000,0.0000,0.0000,0.0000,0.0000,0.000000000,0.000000000,-0.000000000,0.0000,0.0000,0.0000,0.0000,0.0000,0.0000,0.0000,0.0000,0.0000,00000000,15*8d238c31
#RAWIMUA,ICOM3,0,88.2,FINESTEERING,2427,544641.856,00000000,0000,797;2427,544641.855951000,1a240008,1169944,268893,-517375,-15671,2882,-19722*9dbc0712
#INSPVAXA,ICOM3,0,88.2,FINESTEERING,2427,544641.870,00000000,0357,797;WAITING_AZIMUTH,NONE,0.00000000000,0.00000000000,0.0000,0.0000,0.0000,0.0000,0.0000,0.000000000,0.000000000,-0.000000000,0.0000,0.0000,0.0000,0.0000,0.0000,0.0000,0.0000,0.0000,0.0000,00000000,15*985eff30
#RAWIMUA,ICOM3,0,88.2,FINESTEERING,2427,544641.866,00000000,0000,797;2427,544641.865945000,1a240009,1168088,271594,-519111,-17540,3177,-23927*102fa8db
#INSPVAXA,ICOM3,0,88.2,FINESTEERING,2427,544641.880,00000000,0361,797;WAITING_AZIMUTH,NONE,0.00000000000,0.00000000000,0.0000,0.0000,0.0000,0.0000,0.0000,0.000000000,0.000000000,-0.000000000,0.0000,0.0000,0.0000,0.0000,0.0000,0.0000,0.0000,0.0000,0.0000,00000000,15*1404e381
#RAWIMUA,ICOM3,0,88.2,FINESTEERING,2427,544641.876,00000000,0000,797;2427,544641.875937000,1a26000a,1168339,269970,-517878,-12294,-10379,-4569*389e68e4
#INSPVAXA,ICOM3,0,88.2,FINESTEERING,2427,544641.890,00000000,036b,797;WAITING_AZIMUTH,NONE,0.00000000000,0.00000000000,0.0000,0.0000,0.0000,0.0000,0.0000,0.000000000,0.000000000,-0.000000000,0.0000,0.0000,0.0000,0.0000,0.0000,0.0000,0.0000,0.0000,0.0000,00000000,15*aead0c37
#RAWIMUA,ICOM3,0,88.2,FINESTEERING,2427,544641.886,00000000,0000,797;2427,544641.885929000,1a27000b,1170286,270055,-518767,-14917,-10546,-15412*9ff4e599
#INSPVAXA,ICOM3,0,88.2,FINESTEERING,2427,544641.900,00000000,0375,797;WAITING_AZIMUTH,NONE,0.00000000000,0.00000000000,0.0000,0.0000,0.0000,0.0000,0.0000,0.000000000,0.000000000,-0.000000000,0.0000,0.0000,0.0000,0.0000,0.0000,0.0000,0.0000,0.0000,0.0000,00000000,15*5bc416b6
#RAWIMUA,ICOM3,0,88.2,FINESTEERING,2427,544641.896,00000000,0000,797;2427,544641.895922000,1a25000c,1170049,269671,-518040,-12852,2391,-23172*89d78c89
#INSPVAXA,ICOM3,0,88.2,FINESTEERING,2427,544641.910,00000000,037f,797;WAITING_AZIMUTH,NONE,0.00000000000,0.00000000000,0.0000,0.0000,0.0000,0.0000,0.0000,0.000000000,0.000000000,-0.000000000,0.0000,0.0000,0.0000,0.0000,0.0000,0.0000,0.0000,0.0000,0.0000,00000000,15*e16df900
#RAWIMUA,ICOM3,0,88.2,FINESTEERING,2427,544641.906,00000000,0000,797;2427,544641.905973000,1a23000d,1168947,269660,-516300,-17835,5481,-30520*74cf8b0d
#INSPVAXA,ICOM3,0,88.2,FINESTEERING,2427,544641.920,00000000,0389,797;WAITING_AZIMUTH,NONE,0.00000000000,0.00000000000,0.0000,0.0000,0.0000,0.0000,0.0000,0.000000000,0.000000000,-0.000000000,0.0000,0.0000,0.0000,0.0000,0.0000,0.0000,0.0000,0.0000,0.0000,00000000,15*74fcea5e
#RAWIMUA,ICOM3,0,88.2,FINESTEERING,2427,544641.916,00000000,0000,797;2427,544641.916010000,1a21000e,1168895,270724,-517756,-17999,-2748,-35320*4f001ce5
#INSPVAXA,ICOM3,0,88.2,FINESTEERING,2427,544641.930,00000000,0394,797;WAITING_AZIMUTH,NONE,0.00000000000,0.00000000000,0.0000,0.0000,0.0000,0.0000,0.0000,0.000000000,0.000000000,-0.000000000,0.0000,0.0000,0.0000,0.0000,0.0000,0.0000,0.0000,0.0000,0.0000,00000000,15*7558d6d6
#RAWIMUA,ICOM3,0,88.2,FINESTEERING,2427,544641.926,00000000,0000,797;2427,544641.925932000,1a20000f,1169276,270603,-519592,-11802,-2940,-26217*4bd0f6b2
#INSPVAXA,ICOM3,0,88.2,FINESTEERING,2427,544641.940,00000000,039d,797;WAITING_AZIMUTH,NONE,0.00000000000,0.00000000000,0.0000,0.0000,0.0000,0.0000,0.0000,0.000000000,0.000000000,-0.000000000,0.0000,0.0000,0.0000,0.0000,0.0000,0.0000,0.0000,0.0000,0.0000,00000000,15*1d9a2097
#RAWIMUA,ICOM3,0,88.2,FINESTEERING,2427,544641.936,00000000,0000,797;2427,544641.935923000,1a200010,1169699,271098,-519238,-11310,-472,-24070*f5325347
#INSPVAXA,ICOM3,0,88.2,FINESTEERING,2427,544641.950,00000000,03a7,797;WAITING_AZIMUTH,NONE,0.00000000000,0.00000000000,0.0000,0.0000,0.0000,0.0000,0.0000,0.000000000,0.000000000,-0.000000000,0.0000,0.0000,0.0000,0.0000,0.0000,0.0000,0.0000,0.0000,0.0000,00000000,15*655a6ada
#RAWIMUA,ICOM3,0,88.2,FINESTEERING,2427,544641.946,00000000,0000,797;2427,544641.945946000,1a200011,1169296,268195,-518285,-13671,-5345,-25506*836869b1
#INSPVAXA,ICOM3,0,88.2,FINESTEERING,2427,544641.960,00000000,03b1,797;WAITING_AZIMUTH,NONE,0.00000000000,0.00000000000,0.0000,0.0000,0.0000,0.0000,0.0000,0.000000000,0.000000000,-0.000000000,0.0000,0.0000,0.0000,0.0000,0.0000,0.0000,0.0000,0.0000,0.0000,00000000,15*3c2450f1
#RAWIMUA,ICOM3,0,88.2,FINESTEERING,2427,544641.956,00000000,0000,797;2427,544641.955938000,1a1d0012,1171500,270708,-518710,-10196,-5770,-25768*0845758b
#INSPVAXA,ICOM3,0,88.2,FINESTEERING,2427,544641.970,00000000,03bb,797;WAITING_AZIMUTH,NONE,0.00000000000,0.00000000000,0.0000,0.0000,0.0000,0.0000,0.0000,0.000000000,0.000000000,-0.000000000,0.0000,0.0000,0.0000,0.0000,0.0000,0.0000,0.0000,0.0000,0.0000,00000000,15*868dbf47
#RAWIMUA,ICOM3,0,88.2,FINESTEERING,2427,544641.966,00000000,0000,797;2427,544641.965932000,1a1d0013,1169154,269480,-520465,-19802,-3309,-21526*7868070f
#INSPVAXA,ICOM3,0,88.2,FINESTEERING,2427,544641.980,00000000,03c5,797;WAITING_AZIMUTH,NONE,0.00000000000,0.00000000000,0.0000,0.0000,0.0000,0.0000,0.0000,0.000000000,0.000000000,-0.000000000,0.0000,0.0000,0.0000,0.0000,0.0000,0.0000,0.0000,0.0000,0.0000,00000000,15*ac58f9c1
#RAWIMUA,ICOM3,0,88.2,FINESTEERING,2427,544641.976,00000000,0000,797;2427,544641.975926000,1a1e0014,1167251,272627,-517646,-15769,-804,-10211*f93a7874
#INSPVAXA,ICOM3,0,88.2,FINESTEERING,2427,544641.990,00000000,03cf,797;WAITING_AZIMUTH,NONE,0.00000000000,0.00000000000,0.0000,0.0000,0.0000,0.0000,0.0000,0.000000000,0.000000000,-0.000000000,0.0000,0.0000,0.0000,0.0000,0.0000,0.0000,0.0000,0.0000,0.0000,00000000,15*16f11677
#RAWIMUA,ICOM3,0,88.2,FINESTEERING,2427,544641.986,00000000,0000,797;2427,544641.985918000,1a1e0015,1172255,267958,-518580,-23605,-3871,807*d6682fb5
#INSPVAXA,ICOM3,0,88.2,FINESTEERING,2427,544642.000,00000000,03d9,797;WAITING_AZIMUTH,NONE,0.00000000000,0.00000000000,0.0000,0.0000,0.0000,0.0000,0.0000,0.000000000,0.000000000,-0.000000000,0.0000,0.0000,0.0000,0.0000,0.0000,0.0000,0.0000,0.0000,0.0000,00000000,16*29496447
#INSCALSTATUSA,ICOM3,0,88.2,FINESTEERING,2427,544642.000,00000000,0000,797;RBV,0.0000,0.0000,0.0000,45.0000,45.0000,45.0000,CALIBRATED,0*4e5fa7ad
#RAWIMUA,ICOM3,0,88.2,FINESTEERING,2427,544641.996,00000000,0000,797;2427,544641.995941000,1a200016,1170592,267130,-519619,-14392,283,-32971*307badb8
#INSPVAXA,ICOM3,0,88.2,FINESTEERING,2427,544642.010,00000000,0000,797;WAITING_AZIMUTH,NONE,0.00000000000,0.00000000000,0.0000,0.0000,0.0000,0.0000,0.0000,0.000000000,0.000000000,-0.000000000,0.0000,0.0000,0.0000,0.0000,0.0000,0.0000,0.0000,0.0000,0.0000,00000000,16*db601a10
#RAWIMUA,ICOM3,0,88.2,FINESTEERING,2427,544642.006,00000000,0000,797;2427,544642.005977134,1a200017,1168638,273434,-518476,-14491,-2251,-44546*92ee890a
#INSPVAXA,ICOM3,0,88.2,FINESTEERING,2427,544642.020,00000000,0005,797;WAITING_AZIMUTH,NONE,0.00000000000,0.00000000000,0.0000,0.0000,0.0000,0.0000,0.0000,0.000000000,0.000000000,-0.000000000,0.0000,0.0000,0.0000,0.0000,0.0000,0.0000,0.0000,0.0000,0.0000,00000000,16*11eb8919
#RAWIMUA,ICOM3,0,88.2,FINESTEERING,2427,544642.016,00000000,0000,797;2427,544642.015978000,1a1b0018,1165924,272444,-519545,-23802,-3575,-7174*ac7cd88f
#INSPVAXA,ICOM3,0,88.2,FINESTEERING,2427,544642.030,00000000,000f,797;WAITING_AZIMUTH,NONE,0.00000000000,0.00000000000,0.0000,0.0000,0.0000,0.0000,0.0000,0.000000000,0.000000000,-0.000000000,0.0000,0.0000,0.0000,0.0000,0.0000,0.0000,0.0000,0.0000,0.0000,00000000,16*ab4266af
#RAWIMUA,ICOM3,0,88.2,FINESTEERING,2427,544642.026,00000000,0000,797;2427,544642.025987000,1a1a0019,1168430,269286,-520331,-29212,4913,-997*4dccee94
#BESTPOSA,ICOM3,0,88.2,FINESTEERING,2427,544642.000,03e1c005,a601,797;SOL_COMPUTED,NARROW_INT,31.16378115808,121.45380077410,6.0367,11.0314,WGS84,0.0122,0.0104,0.0236,"1793",1.000,0.023,42,34,34,34,01,00,30,37*23efa965
$GPGGA,071704.00,3109.8268695,N,12127.2280464,E,4,34,0.6,6.037,M,11.031,M,1.000,1793*42
#BESTGNSSPOSA,ICOM3,0,88.2,FINESTEERING,2427,544642.000,03e1c005,a601,797;SOL_COMPUTED,NARROW_INT,31.16378115808,121.45380077410,6.0367,11.0314,WGS84,0.0122,0.0104,0.0236,"1793",1.000,0.023,42,34,34,34,01,00,30,37*035b3f17
#HEADINGA,ICOM3,0,88.2,FINESTEERING,2427,544642.000,00000000,0000,797;SOL_COMPUTED,NONE,0.000000000,0.000000000,0.000000000,0.0,0.000000000,0.000000000,"1793",0,0,0,0,0,00,30,37*4fe3b4dc
#INSPVAXA,ICOM3,0,88.2,FINESTEERING,2427,544642.040,00000000,0019,797;WAITING_AZIMUTH,NONE,0.00000000000,0.00000000000,0.0000,0.0000,0.0000,0.0000,0.0000,0.000000000,0.000000000,-0.000000000,0.0000,0.0000,0.0000,0.0000,0.0000,0.0000,0.0000,0.0000,0.0000,00000000,16*5ada26c8
$GPGSV,2,1,07,10,00,000,28,13,00,000,40,15,39,058,40,18,48,218,45*78
$GPGSV,2,2,07,20,13,068,36,24,67,047,45,32,11,272,39,,,,*4C
$GLGSV,3,1,09,70,17,072,44,72,24,306,40,73,49,099,47,74,27,160,36*66
$GLGSV,3,2,09,85,00,000,20,86,37,244,47,87,33,295,47,90,00,000,37*66
$GLGSV,3,3,09,91,00,000,36,,,,,,,,,,,,*51
$GAGSV,2,1,06,03,25,266,46,11,07,161,35,16,17,127,40,31,14,073,37*68
$GAGSV,2,2,06,34,55,287,46,36,49,190,47,,,,,,,,*65
$GQGSV,1,1,03,02,00,000,32,03,43,170,44,07,53,169,38,,,,*4E
$GBGSV,5,1,17,01,48,147,49,02,35,243,46,03,55,202,49,04,37,120,44*65
$GBGSV,5,2,17,06,70,042,43,07,58,191,49,10,47,193,45,11,24,268,42*60
$GBGSV,5,3,17,12,13,296,40,20,29,306,45,23,49,086,49,27,00,000,26*60
$GBGSV,5,4,17,29,16,290,45,30,22,238,45,32,00,000,36,37,40,166,45*65
$GBGSV,5,5,17,41,22,086,44,,,,,,,,,,,,*56
$GPGSA,M,3,15,18,20,24,32,,,,,,,,1.3,0.6,1.1,1*2F
™D*  †H   ∞¥{	–ìv ¿·¶    2   O©›èÌ)?@|Íf]^@™◊€û%@ÃÄ0A=   ¨G<ÑT*<ug¡<1793  Ä?ÀHΩ<*""" 07ˇ‘?™D7 †0   ∞¥{	–ìv                                           1793      07òö¸2#RAWIMUA,ICOM3,0,88.2,FINESTEERING,2427,544642.036,00000000,0000,797;2427,544642.035971000,1a19001a,1169657,268134,-515036,-14851,-4884,-2180*1cbbc679
#TRACKSTATA,ICOM3,0,88.2,FINESTEERING,2427,544642.000,00000000,0000,797;SOL_COMPUTED,NARROW_INT,0.0,108,10,0,00181444,23518581.257,2818.184,27.750,0.400,0.000,GOOD,0.000,10,0,01d81484,23518987.221,2104.567,29.500,2.800,0.000,GOOD,0.000,13,0,10181d44,23210792.219,2561.765,40.000,16.100,0.000,GOOD,0.000,15,0,00101f44,21734421.635,-2097.523,40.250,17.300,0.000,GOOD,0.000,15,0,12301f64,21734426.116,-1634.575,42.500,15.200,0.000,GOOD,0.000,18,0,00101cc4,21542990.910,-2311.918,44.750,16.100,0.000,GOOD,0.000,18,0,12301ce4,21542989.045,-1801.418,45.250,14.900,0.000,GOOD,0.000,18,0,01d01d04,21543010.870,-1726.335,47.250,14.700,0.000,GOOD,0.000,20,0,00101e44,24437855.469,-2494.956,35.750,4.800,0.000,GOOD,0.000,20,0,02301e64,24437858.680,-1944.121,37.750,10.300,0.000,GOOD,0.000,24,0,00101ec4,20196252.055,-1511.929,44.500,16.100,0.000,GOOD,0.000,24,0,02301ee4,20196253.214,-1178.101,42.750,14.300,0.000,GOOD,0.000,24,0,01d01f04,20196271.190,-1128.990,47.750,15.500,0.000,GOOD,0.000,32,0,10101dc4,24781307.030,1881.865,38.750,15.900,0.000,GOOD,0.000,32,0,12301de4,24781314.645,1466.405,37.750,14.000,0.000,GOOD,0.000,32,0,01d01e04,24781332.085,1405.345,38.750,14.100,0.000,GOOD,0.000,43,3,00111d44,23048904.853,-2070.586,43.750,16.500,0.000,GOOD,0.000,43,3,10311d64,23048905.731,-1610.360,43.000,17.100,0.000,GOOD,0.000,45,13,10111e44,22459973.635,1680.669,39.750,14.200,0.000,GOOD,0.000,45,13,10311e64,22459972.114,1307.210,41.500,13.600,0.000,GOOD,0.000,46,5,10111dc4,20428280.764,960.929,46.500,16.900,0.000,GOOD,0.000,46,5,00311de4,20428285.431,747.346,47.000,17.300,0.000,GOOD,0.000,47,0,00191cc4,22188790.581,3827.589,35.500,3.900,0.000,GOOD,0.000,58,11,001916c4,24544524.101,-4345.803,20.250,0.000,0.000,GOOD,0.000,59,4,10111d84,21265389.937,-2616.549,46.500,15.400,0.000,GOOD,0.000,59,4,10311da4,21265388.528,-2035.026,44.000,15.600,0.000,GOOD,0.000,60,10,00111e04,21584196.990,32.598,46.500,15.600,0.000,GOOD,0.000,63,1,00191d04,21821630.241,1443.265,37.250,14.900,0.000,GOOD,0.000,63,1,00391524,21821658.296,1122.253,27.000,0.000,0.000,GOOD,0.000,64,2,00191e84,22027399.976,-1658.132,36.000,6.800,0.000,GOOD,0.000,3,0,00331fc4,26465968.830,1327.103,46.250,16.100,0.000,GOOD,0.000,3,0,12331c24,26465979.007,1016.986,45.500,14.600,0.000,GOOD,0.000,3,0,11931fe4,26465978.164,991.015,37.000,14.600,0.000,GOOD,0.000,3,0,10d31c04,26466145.492,1077.289,42.750,14.400,0.000,GOOD,0.000,11,0,00331cc4,26595600.893,-3300.607,35.250,2.100,0.000,GOOD,0.000,11,0,02331d24,26595611.742,-2529.112,40.000,13.300,0.000,GOOD,0.000,11,0,11931ce4,26595613.024,-2464.223,33.000,13.900,0.000,GOOD,0.000,11,0,00d31d04,26595778.509,-2678.553,38.000,14.000,0.000,GOOD,0.000,16,0,00331f44,27231283.819,2117.009,40.000,16.100,0.000,GOOD,0.000,16,0,11931f64,27231293.295,1580.614,37.500,14.900,0.000,GOOD,0.000,31,0,10331c44,27584996.566,637.866,36.750,8.500,0.000,GOOD,0.000,31,0,12331ca4,27585006.444,488.568,46.000,15.300,0.000,GOOD,0.000,31,0,11931c64,27585007.391,475.972,38.500,14.800,0.000,GOOD,0.000,31,0,10d31c84,27585173.456,517.786,43.250,13.700,0.000,GOOD,0.000,34,0,00331dc4,24349051.155,248.519,46.000,16.900,0.000,GOOD,0.000,34,0,02331e24,24349057.580,190.334,49.500,16.000,0.000,GOOD,0.000,34,0,01931de4,24349059.463,185.649,42.000,14.000,0.000,GOOD,0.000,34,0,00d31e04,24349227.398,201.811,44.750,15.900,0.000,GOOD,0.000,36,0,10331d44,24775191.853,-2431.076,46.500,17.800,0.000,GOOD,0.000,36,0,02331da4,24775198.524,-1862.642,50.250,16.300,0.000,GOOD,0.000,36,0,01931d64,24775199.220,-1815.583,42.250,15.400,0.000,GOOD,0.000,36,0,00d31d84,24775366.766,-1973.307,46.500,15.500,0.000,GOOD,0.000,194,0,001d17c4,37848733.725,-22.855,31.500,2.600,0.000,GOOD,0.000,195,0,10151f44,36634081.485,-114.889,44.000,15.800,0.000,GOOD,0.000,195,0,02351f64,36634074.961,-89.631,45.500,15.700,0.000,GOOD,0.000,195,0,01d51f84,36634094.824,-85.879,43.500,15.500,0.000,GOOD,0.000,199,0,00151ec4,36992735.199,-166.436,37.750,15.700,0.000,GOOD,0.000,199,0,12351ee4,36992731.483,-129.548,44.500,15.800,0.000,GOOD,0.000,199,0,11d51f04,36992751.927,-124.249,47.000,15.700,0.000,GOOD,0.000,1,0,00941c04,37288710.223,-176.630,48.500,17.200,0.000,GOOD,0.000,1,0,00d41c24,37288709.984,-143.812,47.250,16.900,0.000,GOOD,0.000,2,0,00941c64,38318988.188,-145.984,45.500,17.000,0.000,GOOD,0.000,2,0,00d41c84,38318979.866,-118.587,44.250,16.600,0.000,GOOD,0.000,3,0,00941cc4,36927540.249,-162.728,48.500,16.900,0.000,GOOD,0.000,3,0,00d41ce4,36927535.230,-132.083,47.750,15.900,0.000,GOOD,0.000,4,0,10941d24,38154773.410,-197.762,43.500,15.500,0.000,GOOD,0.000,4,0,10d41d44,38154774.826,-160.610,45.500,16.600,0.000,GOOD,0.000,6,0,00141e44,36172590.504,261.620,42.500,16.900,0.000,GOOD,0.000,6,0,10541e64,36172596.827,212.640,44.250,16.800,0.000,GOOD,0.000,7,0,00141de4,36873330.758,730.317,49.250,15.800,0.000,GOOD,0.000,7,0,00541e04,36873333.929,593.417,46.250,14.700,0.000,GOOD,0.000,10,0,00141d84,37795974.328,859.635,45.250,16.400,0.000,GOOD,0.000,10,0,00341dc4,37795976.729,664.890,46.000,16.400,0.000,GOOD,0.000,10,0,10541da4,37795980.968,698.563,42.500,14.900,0.000,GOOD,0.000,11,0,00141ea4,25094040.703,-1312.115,42.000,15.700,0.000,GOOD,0.000,11,0,10541ec4,25094047.503,-1066.273,42.750,16.700,0.000,GOOD,0.000,12,0,00141f04,25750652.205,1964.014,39.750,15.400,0.000,GOOD,0.000,12,0,10541f24,25750659.978,1596.217,40.500,13.900,0.000,GOOD,0.000,20,0,10141e84,24631064.697,1674.755,44.500,16.800,0.000,GOOD,0.000,20,0,01341ea4,24631069.376,1262.027,45.250,14.800,0.000,GOOD,0.000,20,0,00541ec4,24631068.154,1360.930,43.000,14.700,0.000,GOOD,0.000,20,0,10f41ee4,24631060.357,1690.116,44.000,16.000,0.000,GOOD,0.000,23,0,10141d44,23034933.324,-168.730,48.500,17.300,0.000,GOOD,0.000,23,0,11341d64,23034933.170,-126.915,50.500,15.800,0.000,GOOD,0.000,23,0,00541d84,23034930.272,-137.075,47.000,15.400,0.000,GOOD,0.000,23,0,10f41da4,23034929.179,-170.255,47.500,16.000,0.000,GOOD,0.000,27,0,001c1724,26505044.634,-2833.962,26.250,0.000,0.000,GOOD,0.000,27,0,00fc1784,26505038.490,-2859.066,22.500,0.000,0.000,GOOD,0.000,29,0,10141d04,25411955.623,-457.593,44.500,16.100,0.000,GOOD,0.000,29,0,01341d24,25411962.969,-344.525,40.500,14.700,0.000,GOOD,0.000,29,0,00541d44,25411963.264,-371.780,40.750,14.300,0.000,GOOD,0.000,29,0,10f41d64,25411953.597,-461.697,43.500,15.700,0.000,GOOD,0.000,30,0,00141de4,24838421.691,-2315.177,44.750,16.600,0.000,GOOD,0.000,30,0,01341e04,24838435.187,-1744.779,44.750,15.700,0.000,GOOD,0.000,30,0,10541e24,24838433.565,-1881.141,42.250,15.900,0.000,GOOD,0.000,30,0,10f41e44,24838419.726,-2336.354,42.750,16.100,0.000,GOOD,0.000,32,0,101c1e44,22654420.937,-95.085,36.000,4.300,0.000,GOOD,0.000,32,0,113c1e64,22654430.637,-71.725,40.500,3.000,0.000,GOOD,0.000,32,0,005c1684,22654427.518,-77.288,39.000,2.600,0.000,GOOD,0.000,32,0,00fc16a4,22654415.721,-96.215,31.500,1.500,0.000,GOOD,0.000,37,0,00141fc4,23721288.350,2496.130,44.750,16.100,0.000,GOOD,0.000,37,0,11341fe4,23721300.525,1881.141,46.750,16.200,0.000,GOOD,0.000,37,0,00541c04,23721301.025,2028.398,47.000,15.700,0.000,GOOD,0.000,37,0,10f41c24,23721289.349,2519.138,43.750,16.600,0.000,GOOD,0.000,41,0,10141c64,25284416.594,-1835.047,43.500,16.900,0.000,GOOD,0.000,41,0,11341c84,25284440.179,-1382.841,48.250,15.900,0.000,GOOD,0.000,41,0,00541ca4,25284435.410,-1491.027,46.500,15.500,0.000,GOOD,0.000,41,0,10f41cc4,25284415.363,-1851.813,44.500,17.500,0.000,GOOD,0.000*7da1b0af
#INSPVAXA,ICOM3,0,88.2,FINESTEERING,2427,544642.050,00000000,0023,797;WAITING_AZIMUTH,NONE,0.00000000000,0.00000000000,0.0000,0.0000,0.0000,0.0000,0.0000,0.000000000,0.000000000,-0.000000000,0.0000,0.0000,0.0000,0.0000,0.0000,0.0000,0.0000,0.0000,0.0000,00000000,16*aba2cdf3
#RAWIMUA,ICOM3,0,88.2,FINESTEERING,2427,544642.046,00000000,0000,797;2427,544642.045979000,1a20001b,1170021,268060,-518514,-20326,2253,-20976*ad0afde0
#INSPVAXA,ICOM3,0,88.2,FINESTEERING,2427,544642.060,00000000,002d,797;WAITING_AZIMUTH,NONE,0.00000000000,0.00000000000,0.0000,0.0000,0.0000,0.0000,0.0000,0.000000000,0.000000000,-0.000000000,0.0000,0.0000,0.0000,0.0000,0.0000,0.0000,0.0000,0.0000,0.0000,00000000,16*fb873158
#RAWIMUA,ICOM3,0,88.2,FINESTEERING,2427,544642.056,00000000,0000,797;2427,544642.055966000,1a19001c,1168813,270547,-516113,-18949,-9627,-23162*8b4f2845
#INSPVAXA,ICOM3,0,88.2,FINESTEERING,2427,544642.070,00000000,0037,797;WAITING_AZIMUTH,NONE,0.00000000000,0.00000000000,0.0000,0.0000,0.0000,0.0000,0.0000,0.000000000,0.000000000,-0.000000000,0.0000,0.0000,0.0000,0.0000,0.0000,0.0000,0.0000,0.0000,0.0000,00000000,16*eefa4259
#RAWIMUA,ICOM3,0,88.2,FINESTEERING,2427,544642.066,00000000,0000,797;2427,544642.065993000,1a20001d,1170251,271917,-521971,-19605,1333,-27845*76b85c31
#INSPVAXA,ICOM3,0,88.2,FINESTEERING,2427,544642.080,00000000,0041,797;WAITING_AZIMUTH,NONE,0.00000000000,0.00000000000,0.0000,0.0000,0.0000,0.0000,0.0000,0.000000000,0.000000000,-0.000000000,0.0000,0.0000,0.0000,0.0000,0.0000,0.0000,0.0000,0.0000,0.0000,00000000,16*b06126f7
#RAWIMUA,ICOM3,0,88.2,FINESTEERING,2427,544642.076,00000000,0000,797;2427,544642.075970000,1a23001e,1165230,271341,-515890,-24228,7583,1088*51be4d8a
#INSPVAXA,ICOM3,0,88.2,FINESTEERING,2427,544642.090,00000000,004b,797;WAITING_AZIMUTH,NONE,0.00000000000,0.00000000000,0.0000,0.0000,0.0000,0.0000,0.0000,0.000000000,0.000000000,-0.000000000,0.0000,0.0000,0.0000,0.0000,0.0000,0.0000,0.0000,0.0000,0.0000,00000000,16*0ac8c941
#RAWIMUA,ICOM3,0,88.2,FINESTEERING,2427,544642.086,00000000,0000,797;2427,544642.085983000,1a21001f,1170078,266631,-517546,-26130,-11246,1956*5013a81a
#INSPVAXA,ICOM3,0,88.2,FINESTEERING,2427,544642.100,00000000,0055,797;WAITING_AZIMUTH,NONE,0.00000000000,0.00000000000,0.0000,0.0000,0.0000,0.0000,0.0000,0.000000000,0.000000000,-0.000000000,0.0000,0.0000,0.0000,0.0000,0.0000,0.0000,0.0000,0.0000,0.0000,00000000,16*ffa1d3c0
#RAWIMUA,ICOM3,0,88.2,FINESTEERING,2427,544642.096,00000000,0000,797;2427,544642.095977000,1a1c0020,1171388,269349,-517316,-12720,3708,-34794*b358e98e
#INSPVAXA,ICOM3,0,88.2,FINESTEERING,2427,544642.110,00000000,005f,797;WAITING_AZIMUTH,NONE,0.00000000000,0.00000000000,0.0000,0.0000,0.0000,0.0000,0.0000,0.000000000,0.000000000,-0.000000000,0.0000,0.0000,0.0000,0.0000,0.0000,0.0000,0.0000,0.0000,0.0000,00000000,16*45083c76
#RAWIMUA,ICOM3,0,88.2,FINESTEERING,2427,544642.106,00000000,0000,797;2427,544642.106011000,1a1c0021,1166253,270123,-516271,-15113,-5082,-25997*a402da9e
#INSPVAXA,ICOM3,0,88.2,FINESTEERING,2427,544642.120,00000000,006a,797;WAITING_AZIMUTH,NONE,0.00000000000,0.00000000000,0.0000,0.0000,0.0000,0.0000,0.0000,0.000000000,0.000000000,-0.000000000,0.0000,0.0000,0.0000,0.0000,0.0000,0.0000,0.0000,0.0000,0.0000,00000000,16*c2f1fdf4
#RAWIMUA,ICOM3,0,88.2,FINESTEERING,2427,544642.116,00000000,0000,797;2427,544642.116054000,1a1c0022,1169151,268921,-523477,-16556,-7585,-18519*e63e52e8
#INSPVAXA,ICOM3,0,88.2,FINESTEERING,2427,544642.130,00000000,0074,797;WAITING_AZIMUTH,NONE,0.00000000000,0.00000000000,0.0000,0.0000,0.0000,0.0000,0.0000,0.000000000,0.000000000,-0.000000000,0.0000,0.0000,0.0000,0.0000,0.0000,0.0000,0.0000,0.0000,0.0000,00000000,16*7d0f9dc0
#RAWIMUA,ICOM3,0,88.2,FINESTEERING,2427,544642.126,00000000,0000,797;2427,544642.126050000,1a1d0023,1168603,270917,-518086,-17769,8015,-11224*3b41565c
#INSPVAXA,ICOM3,0,88.2,FINESTEERING,2427,544642.140,00000000,007e,797;WAITING_AZIMUTH,NONE,0.00000000000,0.00000000000,0.0000,0.0000,0.0000,0.0000,0.0000,0.000000000,0.000000000,-0.000000000,0.0000,0.0000,0.0000,0.0000,0.0000,0.0000,0.0000,0.0000,0.0000,00000000,16*cb4a9028
#RAWIMUA,ICOM3,0,88.2,FINESTEERING,2427,544642.136,00000000,0000,797;2427,544642.136028000,1a1d0024,1168364,267917,-517034,-20195,-2025,-10646*f94d4bd9
#INSPVAXA,ICOM3,0,88.2,FINESTEERING,2427,544642.150,00000000,0088,797;WAITING_AZIMUTH,NONE,0.00000000000,0.00000000000,0.0000,0.0000,0.0000,0.0000,0.0000,0.000000000,0.000000000,-0.000000000,0.0000,0.0000,0.0000,0.0000,0.0000,0.0000,0.0000,0.0000,0.0000,00000000,16*1ed4835e
#RAWIMUA,ICOM3,0,88.2,FINESTEERING,2427,544642.146,00000000,0000,797;2427,544642.146020000,1a200025,1171539,270046,-519358,-16424,-3273,-30721*aaacee1c
#INSPVAXA,ICOM3,0,88.2,FINESTEERING,2427,544642.160,00000000,0092,797;WAITING_AZIMUTH,NONE,0.00000000000,0.00000000000,0.0000,0.0000,0.0000,0.0000,0.0000,0.000000000,0.000000000,-0.000000000,0.0000,0.0000,0.0000,0.0000,0.0000,0.0000,0.0000,0.0000,0.0000,00000000,16*4d05a671
#RAWIMUA,ICOM3,0,88.2,FINESTEERING,2427,544642.156,00000000,0000,797;2427,544642.155983000,1a200026,1166717,272179,-516820,-14621,2423,-19328*787196dd
#INSPVAXA,ICOM3,0,88.2,FINESTEERING,2427,544642.170,00000000,009b,797;WAITING_AZIMUTH,NONE,0.00000000000,0.00000000000,0.0000,0.0000,0.0000,0.0000,0.0000,0.000000000,0.000000000,-0.000000000,0.0000,0.0000,0.0000,0.0000,0.0000,0.0000,0.0000,0.0000,0.0000,00000000,16*4f55437d
#RAWIMUA,ICOM3,0,88.2,FINESTEERING,2427,544642.166,00000000,0000,797;2427,544642.166005000,1a200027,1168516,270772,-519298,-14982,-9394,-14912*a97da84c
#INSPVAXA,ICOM3,0,88.2,FINESTEERING,2427,544642.180,00000000,00a6,797;WAITING_AZIMUTH,NONE,0.00000000000,0.00000000000,0.0000,0.0000,0.0000,0.0000,0.0000,0.000000000,0.000000000,-0.000000000,0.0000,0.0000,0.0000,0.0000,0.0000,0.0000,0.0000,0.0000,0.0000,00000000,16*b0c4360d
#RAWIMUA,ICOM3,0,88.2,FINESTEERING,2427,544642.176,00000000,0000,797;2427,544642.175996000,1a220028,1168506,272845,-518404,-17703,2552,-11412*891137d9
#INSPVAXA,ICOM3,0,88.2,FINESTEERING,2427,544642.190,00000000,00af,797;WAITING_AZIMUTH,NONE,0.00000000000,0.00000000000,0.0000,0.0000,0.0000,0.0000,0.0000,0.000000000,0.000000000,-0.000000000,0.0000,0.0000,0.0000,0.0000,0.0000,0.0000,0.0000,0.0000,0.0000,00000000,16*b294d301
#RAWIMUA,ICOM3,0,88.2,FINESTEERING,2427,544642.186,00000000,0000,797;2427,544642.185990000,1a210029,1168484,271884,-519410,-27834,3169,5633*b481b9d5
#INSPVAXA,ICOM3,0,88.2,FINESTEERING,2427,544642.200,00000000,00b9,797;WAITING_AZIMUTH,NONE,0.00000000000,0.00000000000,0.0000,0.0000,0.0000,0.0000,0.0000,0.000000000,0.000000000,-0.000000000,0.0000,0.0000,0.0000,0.0000,0.0000,0.0000,0.0000,0.0000,0.0000,00000000,16*3082ac77
#RAWIMUA,ICOM3,0,88.2,FINESTEERING,2427,544642.196,00000000,0000,797;2427,544642.195982000,1a1d002a,1171241,268347,-519043,-24851,-5517,5925*e95c6baf
#INSPVAXA,ICOM3,0,88.2,FINESTEERING,2427,544642.210,00000000,00c3,797;WAITING_AZIMUTH,NONE,0.00000000000,0.00000000000,0.0000,0.0000,0.0000,0.0000,0.0000,0.000000000,0.000000000,-0.000000000,0.0000,0.0000,0.0000,0.0000,0.0000,0.0000,0.0000,0.0000,0.0000,00000000,16*45227863
#RAWIMUA,ICOM3,0,88.2,FINESTEERING,2427,544642.206,00000000,0000,797;2427,544642.206039000,1a21002b,1170898,267743,-517526,-19539,-4658,-15453*db5576d6
#INSPVAXA,ICOM3,0,88.2,FINESTEERING,2427,544642.220,00000000,00ce,797;WAITING_AZIMUTH,NONE,0.00000000000,0.00000000000,0.0000,0.0000,0.0000,0.0000,0.0000,0.000000000,0.000000000,-0.000000000,0.0000,0.0000,0.0000,0.0000,0.0000,0.0000,0.0000,0.0000,0.0000,00000000,16*cb807f61
#RAWIMUA,ICOM3,0,87.2,FINESTEERING,2427,544642.216,00000000,0000,797;2427,544642.216025000,1a26002c,1168364,267851,-517066,-15506,-7682,-30838*cc685010
$GPGGA,071704.20,3109.8268696,N,12127.2280467,E,4,34,0.6,6.039,M,11.031,M,1.200,1793*4C
#BESTGNSSPOSA,ICOM3,0,87.2,FINESTEERING,2427,544642.200,03e1c006,0000,797;SOL_COMPUTED,NARROW_INT,31.16378115991,121.45380077823,6.0385,11.0314,WGS84,0.0129,0.0110,0.0243,"1793",1.200,0.016,42,34,34,34,0F,00,30,37*a2763bdc
#HEADINGA,ICOM3,0,87.2,FINESTEERING,2427,544642.200,00000000,0000,797;SOL_COMPUTED,NONE,0.000000000,0.000000000,0.000000000,0.0,0.000000000,0.000000000,"1793",0,0,0,0,0,00,30,37*37373155
$GPGSV,2,1,07,10,00,000,27,13,00,000,40,15,39,058,40,18,48,218,45*77
$GPGSV,2,2,07,20,13,068,36,24,67,047,45,32,11,272,39,,,,*4C
$GLGSV,3,1,09,70,17,072,44,72,24,306,40,73,49,099,47,74,27,160,36*66
$GLGSV,3,2,09,85,00,000,19,86,37,244,47,87,33,295,47,90,00,000,37*6C
$GLGSV,3,3,09,91,00,000,36,,,,,,,,,,,,*51
$GAGSV,2,1,06,03,25,266,46,11,07,161,36,16,17,127,40,31,14,073,37*6B
$GAGSV,2,2,06,34,55,287,46,36,49,190,47,,,,,,,,*65
$GQGSV,1,1,03,02,00,000,32,03,43,170,44,07,53,169,38,,,,*4E
$GBGSV,5,1,17,01,48,147,49,02,35,243,46,03,55,202,49,04,37,120,44*65
$GBGSV,5,2,17,06,70,042,43,07,58,191,49,10,47,193,45,11,24,268,42*60
$GBGSV,5,3,17,12,13,296,40,20,29,306,45,23,49,086,49,27,00,000,26*60
$GBGSV,5,4,17,29,16,290,45,30,22,238,45,32,00,000,36,37,40,166,45*65
$GBGSV,5,5,17,41,22,086,44,,,,,,,,,,,,*56
#INSPVAXA,ICOM3,0,87.2,FINESTEERING,2427,544642.230,00000000,00d8,797;WAITING_AZIMUTH,NONE,0.00000000000,0.00000000000,0.0000,0.0000,0.0000,0.0000,0.0000,0.000000000,0.000000000,-0.000000000,0.0000,0.0000,0.0000,0.0000,0.0000,0.0000,0.0000,0.0000,0.0000,00000000,16*7d37452a
$GPGSA,M,3,15,18,20,24,32,,,,,,,,1.3,0.6,1.1,1*2F
#RAWIMUA,ICOM3,0,87.2,FINESTEERING,2427,544642.226,00000000,0000,797;2427,544642.226004000,1a24002d,1165949,269867,-518662,-28359,-846,-19220*0ff43b86
#INSPVAXA,ICOM3,0,87.2,FINESTEERING,2427,544642.240,00000000,00e2,797;WAITING_AZIMUTH,NONE,0.00000000000,0.00000000000,0.0000,0.0000,0.0000,0.0000,0.0000,0.000000000,0.000000000,-0.000000000,0.0000,0.0000,0.0000,0.0000,0.0000,0.0000,0.0000,0.0000,0.0000,00000000,16*62058273
#RAWIMUA,ICOM3,0,87.2,FINESTEERING,2427,544642.236,00000000,0000,797;2427,544642.235983000,1a21002e,1168438,269870,-518041,-19506,-445,-24238*b31c63b0
#INSPVAXA,ICOM3,0,87.2,FINESTEERING,2427,544642.250,00000000,00eb,797;WAITING_AZIMUTH,NONE,0.00000000000,0.00000000000,0.0000,0.0000,0.0000,0.0000,0.0000,0.000000000,0.000000000,-0.000000000,0.0000,0.0000,0.0000,0.0000,0.0000,0.0000,0.0000,0.0000,0.0000,00000000,16*6055677f
#RAWIMUA,ICOM3,0,87.2,FINESTEERING,2427,544642.246,00000000,0000,797;2427,544642.246007000,1a20002f,1170807,268422,-518289,-13736,4135,-22046*b51cf9e0
#INSPVAXA,ICOM3,0,87.2,FINESTEERING,2427,544642.260,00000000,00f6,797;WAITING_AZIMUTH,NONE,0.00000000000,0.00000000000,0.0000,0.0000,0.0000,0.0000,0.0000,0.000000000,0.000000000,-0.000000000,0.0000,0.0000,0.0000,0.0000,0.0000,0.0000,0.0000,0.0000,0.0000,00000000,16*a38532f6
#RAWIMUA,ICOM3,0,87.2,FINESTEERING,2427,544642.256,00000000,0000,797;2427,544642.255999000,1a1f0030,1167600,272078,-519706,-14523,5681,-18393*cf49e16d
#INSPVAXA,ICOM3,0,87.2,FINESTEERING,2427,544642.270,00000000,00ff,797;WAITING_AZIMUTH,NONE,0.00000000000,0.00000000000,0.0000,0.0000,0.0000,0.0000,0.0000,0.000000000,0.000000000,-0.000000000,0.0000,0.0000,0.0000,0.0000,0.0000,0.0000,0.0000,0.0000,0.0000,00000000,16*a1d5d7fa
#RAWIMUA,ICOM3,0,87.2,FINESTEERING,2427,544642.266,00000000,0000,797;2427,544642.265990000,1a210031,1169440,272566,-519746,-21834,-3112,-2307*ff035021
#INSPVAXA,ICOM3,0,87.2,FINESTEERING,2427,544642.280,00000000,0109,797;WAITING_AZIMUTH,NONE,0.00000000000,0.00000000000,0.0000,0.0000,0.0000,0.0000,0.0000,0.000000000,0.000000000,-0.000000000,0.0000,0.0000,0.0000,0.0000,0.0000,0.0000,0.0000,0.0000,0.0000,00000000,16*d97729c1
#RAWIMUA,ICOM3,0,87.2,FINESTEERING,2427,544642.276,00000000,0000,797;2427,544642.275983000,1a240032,1168674,269961,-518600,-26424,-7855,12845*799ae4f3
#INSPVAXA,ICOM3,0,87.2,FINESTEERING,2427,544642.290,00000000,0113,797;WAITING_AZIMUTH,NONE,0.00000000000,0.00000000000,0.0000,0.0000,0.0000,0.0000,0.0000,0.000000000,0.000000000,-0.000000000,0.0000,0.0000,0.0000,0.0000,0.0000,0.0000,0.0000,0.0000,0.0000,00000000,16*acd7fdd5
#RAWIMUA,ICOM3,0,87.2,FINESTEERING,2427,544642.286,00000000,0000,797;2427,544642.286006000,1a220033,1169898,268215,-519335,-17736,1466,-8197*dcff4ca2
#INSPVAXA,ICOM3,0,87.2,FINESTEERING,2427,544642.300,00000000,011e,797;WAITING_AZIMUTH,NONE,0.00000000000,0.00000000000,0.0000,0.0000,0.0000,0.0000,0.0000,0.000000000,0.000000000,-0.000000000,0.0000,0.0000,0.0000,0.0000,0.0000,0.0000,0.0000,0.0000,0.0000,00000000,16*28ed804a
#RAWIMUA,ICOM3,0,87.2,FINESTEERING,2427,544642.296,00000000,0000,797;2427,544642.295999000,1a1f0034,1170502,268695,-517406,-15834,-442,-10241*1547b20d
#INSPVAXA,ICOM3,0,87.2,FINESTEERING,2427,544642.310,00000000,0127,797;WAITING_AZIMUTH,NONE,0.00000000000,0.00000000000,0.0000,0.0000,0.0000,0.0000,0.0000,0.000000000,0.000000000,-0.000000000,0.0000,0.0000,0.0000,0.0000,0.0000,0.0000,0.0000,0.0000,0.0000,00000000,16*67cf37cd
#RAWIMUA,ICOM3,0,87.2,FINESTEERING,2427,544642.306,00000000,0000,797;2427,544642.306011000,1a1f0035,1168992,268466,-517533,-26195,-1338,-19057*688b1e72
#INSPVAXA,ICOM3,0,87.2,FINESTEERING,2427,544642.320,00000000,0132,797;WAITING_AZIMUTH,NONE,0.00000000000,0.00000000000,0.0000,0.0000,0.0000,0.0000,0.0000,0.000000000,0.000000000,-0.000000000,0.0000,0.0000,0.0000,0.0000,0.0000,0.0000,0.0000,0.0000,0.0000,00000000,16*02903873
#RAWIMUA,ICOM3,0,87.2,FINESTEERING,2427,544642.316,00000000,0000,797;2427,544642.316042000,1a240036,1168601,269609,-517874,-20555,-1433,-17345*465838b3
#INSPVAXA,ICOM3,0,87.2,FINESTEERING,2427,544642.330,00000000,013c,797;WAITING_AZIMUTH,NONE,0.00000000000,0.00000000000,0.0000,0.0000,0.0000,0.0000,0.0000,0.000000000,0.000000000,-0.000000000,0.0000,0.0000,0.0000,0.0000,0.0000,0.0000,0.0000,0.0000,0.0000,00000000,16*de4726d6
#RAWIMUA,ICOM3,0,87.2,FINESTEERING,2427,544642.326,00000000,0000,797;2427,544642.325980000,1a270037,1169002,269339,-518528,-22752,-1369,-27760*9dc87fe4
#INSPVAXA,ICOM3,0,87.2,FINESTEERING,2427,544642.340,00000000,0145,797;WAITING_AZIMUTH,NONE,0.00000000000,0.00000000000,0.0000,0.0000,0.0000,0.0000,0.0000,0.000000000,0.000000000,-0.000000000,0.0000,0.0000,0.0000,0.0000,0.0000,0.0000,0.0000,0.0000,0.0000,00000000,16*e5cb1825
#RAWIMUA,ICOM3,0,87.2,FINESTEERING,2427,544642.336,00000000,0000,797;2427,544642.336001000,1a260038,1169143,271095,-519598,-16228,-2680,-25659*b3e0453a
#INSPVAXA,ICOM3,0,87.2,FINESTEERING,2427,544642.350,00000000,0150,797;WAITING_AZIMUTH,NONE,0.00000000000,0.00000000000,0.0000,0.0000,0.0000,0.0000,0.0000,0.000000000,0.000000000,-0.000000000,0.0000,0.0000,0.0000,0.0000,0.0000,0.0000,0.0000,0.0000,0.0000,00000000,16*a6e5e6a0
#RAWIMUA,ICOM3,0,87.2,FINESTEERING,2427,544642.346,00000000,0000,797;2427,544642.345994000,1a200039,1166609,272119,-519148,-16096,-771,-16386*739d09ee
#INSPVAXA,ICOM3,0,87.2,FINESTEERING,2427,544642.360,00000000,0159,797;WAITING_AZIMUTH,NONE,0.00000000000,0.00000000000,0.0000,0.0000,0.0000,0.0000,0.0000,0.000000000,0.000000000,-0.000000000,0.0000,0.0000,0.0000,0.0000,0.0000,0.0000,0.0000,0.0000,0.0000,00000000,16*e2195582
#RAWIMUA,ICOM3,0,87.2,FINESTEERING,2427,544642.356,00000000,0000,797;2427,544642.355986000,1a1f003a,1166236,270988,-517921,-25736,-1009,3941*47f165af
#INSPVAXA,ICOM3,0,87.2,FINESTEERING,2427,544642.370,00000000,0163,797;WAITING_AZIMUTH,NONE,0.00000000000,0.00000000000,0.0000,0.0000,0.0000,0.0000,0.0000,0.000000000,0.000000000,-0.000000000,0.0000,0.0000,0.0000,0.0000,0.0000,0.0000,0.0000,0.0000,0.0000,00000000,16*1361beb9
#RAWIMUA,ICOM3,0,87.2,FINESTEERING,2427,544642.366,00000000,0000,797;2427,544642.365979000,1a20003b,1170987,269189,-519905,-21769,1134,-13261*f1786ea2
#INSPVAXA,ICOM3,0,87.2,FINESTEERING,2427,544642.380,00000000,016d,797;WAITING_AZIMUTH,NONE,0.00000000000,0.00000000000,0.0000,0.0000,0.0000,0.0000,0.0000,0.000000000,0.000000000,-0.000000000,0.0000,0.0000,0.0000,0.0000,0.0000,0.0000,0.0000,0.0000,0.0000,00000000,16*96606488
#RAWIMUA,ICOM3,0,87.2,FINESTEERING,2427,544642.376,00000000,0000,797;2427,544642.376002000,1a1e003c,1168217,270384,-518933,-21014,1595,-18843*6ecc6fbc
#INSPVAXA,ICOM3,0,87.2,FINESTEERING,2427,544642.390,00000000,0178,797;WAITING_AZIMUTH,NONE,0.00000000000,0.00000000000,0.0000,0.0000,0.0000,0.0000,0.0000,0.000000000,0.000000000,-0.000000000,0.0000,0.0000,0.0000,0.0000,0.0000,0.0000,0.0000,0.0000,0.0000,00000000,16*b5933d18
#RAWIMUA,ICOM3,0,87.2,FINESTEERING,2427,544642.386,00000000,0000,797;2427,544642.385995000,1a1e003d,1168697,269809,-517614,-18523,-4723,-9736*6ecaddef
#INSPVAXA,ICOM3,0,87.2,FINESTEERING,2427,544642.400,00000000,0181,797;WAITING_AZIMUTH,NONE,0.00000000000,0.00000000000,0.0000,0.0000,0.0000,0.0000,0.0000,0.000000000,0.000000000,-0.000000000,0.0000,0.0000,0.0000,0.0000,0.0000,0.0000,0.0000,0.0000,0.0000,00000000,16*74ce7661
#RAWIMUA,ICOM3,0,87.2,FINESTEERING,2427,544642.396,00000000,0000,797;2427,544642.395986000,1a1e003e,1170459,271156,-519764,-22588,8868,-8201*aad06c71
#INSPVAXA,ICOM3,0,87.2,FINESTEERING,2427,544642.410,00000000,018b,797;WAITING_AZIMUTH,NONE,0.00000000000,0.00000000000,0.0000,0.0000,0.0000,0.0000,0.0000,0.000000000,0.000000000,-0.000000000,0.0000,0.0000,0.0000,0.0000,0.0000,0.0000,0.0000,0.0000,0.0000,00000000,16*ce6799d7
#RAWIMUA,ICOM3,0,87.2,FINESTEERING,2427,544642.406,00000000,0000,797;2427,544642.406014000,1a1e003f,1167971,270207,-517290,-29244,-7463,-7292*a8cba32f
#INSPVAXA,ICOM3,0,87.2,FINESTEERING,2427,544642.420,00000000,0196,797;WAITING_AZIMUTH,NONE,0.00000000000,0.00000000000,0.0000,0.0000,0.0000,0.0000,0.0000,0.000000000,0.000000000,-0.000000000,0.0000,0.0000,0.0000,0.0000,0.0000,0.0000,0.0000,0.0000,0.0000,00000000,16*896ff371
#RAWIMUA,ICOM3,0,87.2,FINESTEERING,2427,544642.416,00000000,0000,797;2427,544642.416030000,1a220040,1169229,272254,-518463,-21080,-4264,2255*d37c72be
$GPGGA,071704.40,3109.8268696,N,12127.2280459,E,4,34,0.6,6.037,M,11.031,M,1.400,1793*4F
#BESTGNSSPOSA,ICOM3,0,87.2,FINESTEERING,2427,544642.400,03e1c006,0000,797;SOL_COMPUTED,NARROW_INT,31.16378115941,121.45380076507,6.0373,11.0314,WGS84,0.0133,0.0114,0.0248,"1793",1.400,0.016,42,34,34,34,0F,00,30,37*95dc26ed
#HEADINGA,ICOM3,0,87.2,FINESTEERING,2427,544642.400,00000000,0000,797;SOL_COMPUTED,NONE,0.000000000,0.000000000,0.000000000,0.0,0.000000000,0.000000000,"1793",0,0,0,0,0,00,30,37*019c7b9d
$GPGSV,2,1,07,10,00,000,27,13,00,000,40,15,39,058,40,18,48,218,45*77
$GPGSV,2,2,07,20,13,068,36,24,67,047,45,32,11,272,39,,,,*4C
$GLGSV,3,1,09,70,17,072,44,72,24,306,40,73,49,099,47,74,27,160,36*66
$GLGSV,3,2,09,85,00,000,20,86,37,244,47,87,33,295,47,90,00,000,37*66
$GLGSV,3,3,09,91,00,000,36,,,,,,,,,,,,*51
$GAGSV,2,1,06,03,25,266,46,11,07,161,35,16,17,127,40,31,14,073,37*68
$GAGSV,2,2,06,34,55,287,46,36,49,190,47,,,,,,,,*65
$GQGSV,1,1,03,02,00,000,31,03,43,170,44,07,53,169,38,,,,*4D
$GBGSV,5,1,17,01,48,147,49,02,35,243,46,03,55,202,49,04,37,120,44*65
$GBGSV,5,2,17,06,70,042,43,07,58,191,49,10,47,193,45,11,24,268,42*60
$GBGSV,5,3,17,12,13,296,40,20,29,306,45,23,49,086,49,27,00,000,25*63
$GBGSV,5,4,17,29,16,290,45,30,22,238,45,32,00,000,36,37,40,166,45*65
$GBGSV,5,5,17,41,22,086,44,,,,,,,,,,,,*56
#INSPVAXA,ICOM3,0,87.2,FINESTEERING,2427,544642.430,00000000,01a0,797;WAITING_AZIMUTH,NONE,0.00000000000,0.00000000000,0.0000,0.0000,0.0000,0.0000,0.0000,0.000000000,0.000000000,-0.000000000,0.0000,0.0000,0.0000,0.0000,0.0000,0.0000,0.0000,0.0000,0.0000,00000000,16*1f053e02
$GPGSA,M,3,15,18,20,24,32,,,,,,,,1.3,0.6,1.1,1*2F
#RAWIMUA,ICOM3,0,87.2,FINESTEERING,2427,544642.426,00000000,0000,797;2427,544642.426026000,1a220041,1169661,269892,-518764,-22490,-2520,-4112*d5a54659
#INSPVAXA,ICOM3,0,87.2,FINESTEERING,2427,544642.440,00000000,01aa,797;WAITING_AZIMUTH,NONE,0.00000000000,0.00000000000,0.0000,0.0000,0.0000,0.0000,0.0000,0.000000000,0.000000000,-0.000000000,0.0000,0.0000,0.0000,0.0000,0.0000,0.0000,0.0000,0.0000,0.0000,00000000,16*a94033ea
#RAWIMUA,ICOM3,0,87.2,FINESTEERING,2427,544642.436,00000000,0000,797;2427,544642.435989000,1a1f0042,1169550,269088,-517475,-13572,-1724,-19476*2e064410
#INSPVAXA,ICOM3,0,87.2,FINESTEERING,2427,544642.450,00000000,01b3,797;WAITING_AZIMUTH,NONE,0.00000000000,0.00000000000,0.0000,0.0000,0.0000,0.0000,0.0000,0.000000000,0.000000000,-0.000000000,0.0000,0.0000,0.0000,0.0000,0.0000,0.0000,0.0000,0.0000,0.0000,00000000,16*e662846d
#RAWIMUA,ICOM3,0,87.2,FINESTEERING,2427,544642.446,00000000,0000,797;2427,544642.445980000,1a210043,1170056,270184,-518899,-22260,3042,-22648*ae35fa05
#INSPVAXA,ICOM3,0,87.2,FINESTEERING,2427,544642.460,00000000,01bd,797;WAITING_AZIMUTH,NONE,0.00000000000,0.00000000000,0.0000,0.0000,0.0000,0.0000,0.0000,0.000000000,0.000000000,-0.000000000,0.0000,0.0000,0.0000,0.0000,0.0000,0.0000,0.0000,0.0000,0.0000,00000000,16*b64778c6
#RAWIMUA,ICOM3,0,87.2,FINESTEERING,2427,544642.456,00000000,0000,797;2427,544642.455971000,1a240044,1167710,270336,-517488,-20031,-6402,-14508*5f4888e9
#INSPVAXA,ICOM3,0,87.2,FINESTEERING,2427,544642.470,00000000,01c7,797;WAITING_AZIMUTH,NONE,0.00000000000,0.00000000000,0.0000,0.0000,0.0000,0.0000,0.0000,0.000000000,0.000000000,-0.000000000,0.0000,0.0000,0.0000,0.0000,0.0000,0.0000,0.0000,0.0000,0.0000,00000000,16*a33a0bc7
#RAWIMUA,ICOM3,0,87.2,FINESTEERING,2427,544642.466,00000000,0000,797;2427,544642.465995000,1a230045,1166344,269766,-518760,-20457,-346,-10835*1990cfd5
#INSPVAXA,ICOM3,0,87.2,FINESTEERING,2427,544642.480,00000000,01d1,797;WAITING_AZIMUTH,NONE,0.00000000000,0.00000000000,0.0000,0.0000,0.0000,0.0000,0.0000,0.000000000,0.000000000,-0.000000000,0.0000,0.0000,0.0000,0.0000,0.0000,0.0000,0.0000,0.0000,0.0000,00000000,16*fda16f69
#RAWIMUA,ICOM3,0,87.2,FINESTEERING,2427,544642.476,00000000,0000,797;2427,544642.475988000,1a260046,1171533,269528,-518761,-22227,-7326,-17602*aa420b2b
#INSPVAXA,ICOM3,0,87.2,FINESTEERING,2427,544642.490,00000000,01db,797;WAITING_AZIMUTH,NONE,0.00000000000,0.00000000000,0.0000,0.0000,0.0000,0.0000,0.0000,0.000000000,0.000000000,-0.000000000,0.0000,0.0000,0.0000,0.0000,0.0000,0.0000,0.0000,0.0000,0.0000,00000000,16*470880df
#RAWIMUA,ICOM3,0,87.2,FINESTEERING,2427,544642.486,00000000,0000,797;2427,544642.485982000,1a240047,1168156,271163,-519467,-21113,-4856,-13287*4d4391bb
#INSPVAXA,ICOM3,0,87.2,FINESTEERING,2427,544642.500,00000000,01e5,797;WAITING_AZIMUTH,NONE,0.00000000000,0.00000000000,0.0000,0.0000,0.0000,0.0000,0.0000,0.000000000,0.000000000,-0.000000000,0.0000,0.0000,0.0000,0.0000,0.0000,0.0000,0.0000,0.0000,0.0000,00000000,16*b2619a5e
#RAWIMUA,ICOM3,0,87.2,FINESTEERING,2427,544642.496,00000000,0000,797;2427,544642.495973000,1a240048,1169298,269894,-518633,-21047,-5942,-19369*ec9469d4
#INSPVAXA,ICOM3,0,87.2,FINESTEERING,2427,544642.510,00000000,01ef,797;WAITING_AZIMUTH,NONE,0.00000000000,0.00000000000,0.0000,0.0000,0.0000,0.0000,0.0000,0.000000000,0.000000000,-0.000000000,0.0000,0.0000,0.0000,0.0000,0.0000,0.0000,0.0000,0.0000,0.0000,00000000,16*08c875e8
#RAWIMUA,ICOM3,0,87.2,FINESTEERING,2427,544642.506,00000000,0000,797;2427,544642.506026000,1a210049,1170222,270476,-519099,-13768,3444,-13935*003a0c0b
#INSPVAXA,ICOM3,0,87.2,FINESTEERING,2427,544642.520,00000000,01fa,797;WAITING_AZIMUTH,NONE,0.00000000000,0.00000000000,0.0000,0.0000,0.0000,0.0000,0.0000,0.000000000,0.000000000,-0.000000000,0.0000,0.0000,0.0000,0.0000,0.0000,0.0000,0.0000,0.0000,0.0000,00000000,16*8f31b46a
#RAWIMUA,ICOM3,0,87.2,FINESTEERING,2427,544642.516,00000000,0000,797;2427,544642.516050000,1a1f004a,1167696,270248,-519357,-20982,5874,-17345*4119aa7c
#INSPVAXA,ICOM3,0,87.2,FINESTEERING,2427,544642.530,00000000,0204,797;WAITING_AZIMUTH,NONE,0.00000000000,0.00000000000,0.0000,0.0000,0.0000,0.0000,0.0000,0.000000000,0.000000000,-0.000000000,0.0000,0.0000,0.0000,0.0000,0.0000,0.0000,0.0000,0.0000,0.0000,00000000,16*8b674b88
#RAWIMUA,ICOM3,0,87.2,FINESTEERING,2427,544642.526,00000000,0000,797;2427,544642.526025000,1a1b004b,1168643,272217,-518889,-27080,-11378,-4581*efa8cfff
#INSPVAXA,ICOM3,0,87.2,FINESTEERING,2427,544642.540,00000000,020e,797;WAITING_AZIMUTH,NONE,0.00000000000,0.00000000000,0.0000,0.0000,0.0000,0.0000,0.0000,0.000000000,0.000000000,-0.000000000,0.0000,0.0000,0.0000,0.0000,0.0000,0.0000,0.0000,0.0000,0.0000,00000000,16*3d224660
#RAWIMUA,ICOM3,0,87.2,FINESTEERING,2427,544642.536,00000000,0000,797;2427,544642.535975000,1a1c004c,1170484,269757,-518993,-28916,-6771,-3609*26460723
#INSPVAXA,ICOM3,0,87.2,FINESTEERING,2427,544642.550,00000000,0217,797;WAITING_AZIMUTH,NONE,0.00000000000,0.00000000000,0.0000,0.0000,0.0000,0.0000,0.0000,0.000000000,0.000000000,-0.000000000,0.0000,0.0000,0.0000,0.0000,0.0000,0.0000,0.0000,0.0000,0.0000,00000000,16*f6d8cec8
#RAWIMUA,ICOM3,0,87.2,FINESTEERING,2427,544642.546,00000000,0000,797;2427,544642.545999000,1a1f004d,1170909,268384,-518715,-20227,2682,-8949*41189ac8
#INSPVAXA,ICOM3,0,87.2,FINESTEERING,2427,544642.560,00000000,0221,797;WAITING_AZIMUTH,NONE,0.00000000000,0.00000000000,0.0000,0.0000,0.0000,0.0000,0.0000,0.000000000,0.000000000,-0.000000000,0.0000,0.0000,0.0000,0.0000,0.0000,0.0000,0.0000,0.0000,0.0000,00000000,16*afa6f4e3
#RAWIMUA,ICOM3,0,87.2,FINESTEERING,2427,544642.556,00000000,0000,797;2427,544642.555990000,1a1e004e,1170728,267618,-517000,-23342,-52,-24206*7174ad13
#INSPVAXA,ICOM3,0,87.2,FINESTEERING,2427,544642.570,00000000,022b,797;WAITING_AZIMUTH,NONE,0.00000000000,0.00000000000,0.0000,0.0000,0.0000,0.0000,0.0000,0.000000000,0.000000000,-0.000000000,0.0000,0.0000,0.0000,0.0000,0.0000,0.0000,0.0000,0.0000,0.0000,00000000,16*150f1b55
#RAWIMUA,ICOM3,0,87.2,FINESTEERING,2427,544642.566,00000000,0000,797;2427,544642.565983000,1a1d004f,1169134,269501,-518628,-13014,-7977,-31198*a42809d4
#INSPVAXA,ICOM3,0,87.2,FINESTEERING,2427,544642.580,00000000,0235,797;WAITING_AZIMUTH,NONE,0.00000000000,0.00000000000,0.0000,0.0000,0.0000,0.0000,0.0000,0.000000000,0.000000000,-0.000000000,0.0000,0.0000,0.0000,0.0000,0.0000,0.0000,0.0000,0.0000,0.0000,00000000,16*3fda5dd3
#RAWIMUA,ICOM3,0,87.2,FINESTEERING,2427,544642.576,00000000,0000,797;2427,544642.575975000,1a1b0050,1167822,268258,-518711,-13703,2555,-36145*fb1dc8e2
#INSPVAXA,ICOM3,0,87.2,FINESTEERING,2427,544642.590,00000000,023f,797;WAITING_AZIMUTH,NONE,0.00000000000,0.00000000000,0.0000,0.0000,0.0000,0.0000,0.0000,0.000000000,0.000000000,-0.000000000,0.0000,0.0000,0.0000,0.0000,0.0000,0.0000,0.0000,0.0000,0.0000,00000000,16*8573b265
#RAWIMUA,ICOM3,0,87.2,FINESTEERING,2427,544642.586,00000000,0000,797;2427,544642.585968000,1a1c0051,1168759,269944,-517255,-17473,-969,-37904*7e607d6f
#INSPVAXA,ICOM3,0,87.2,FINESTEERING,2427,544642.600,00000000,0249,797;WAITING_AZIMUTH,NONE,0.00000000000,0.00000000000,0.0000,0.0000,0.0000,0.0000,0.0000,0.000000000,0.000000000,-0.000000000,0.0000,0.0000,0.0000,0.0000,0.0000,0.0000,0.0000,0.0000,0.0000,00000000,16*d5a4b50c
#RAWIMUA,ICOM3,0,87.2,FINESTEERING,2427,544642.596,00000000,0000,797;2427,544642.595991000,1a1c0052,1169766,270211,-519424,-19014,478,-31559*e8bafa00
#INSPVAXA,ICOM3,0,87.2,FINESTEERING,2427,544642.610,00000000,0253,797;WAITING_AZIMUTH,NONE,0.00000000000,0.00000000000,0.0000,0.0000,0.0000,0.0000,0.0000,0.000000000,0.000000000,-0.000000000,0.0000,0.0000,0.0000,0.0000,0.0000,0.0000,0.0000,0.0000,0.0000,00000000,16*a0046118
#RAWIMUA,ICOM3,0,87.2,FINESTEERING,2427,544642.606,00000000,0000,797;2427,544642.606004000,1a1f0053,1167730,271589,-519570,-14194,-2711,-22995*40832e07
#INSPVAXA,ICOM3,0,87.2,FINESTEERING,2427,544642.620,00000000,025e,797;WAITING_AZIMUTH,NONE,0.00000000000,0.00000000000,0.0000,0.0000,0.0000,0.0000,0.0000,0.000000000,0.000000000,-0.000000000,0.0000,0.0000,0.0000,0.0000,0.0000,0.0000,0.0000,0.0000,0.0000,00000000,16*2ea6661a
#RAWIMUA,ICOM3,0,87.2,FINESTEERING,2427,544642.616,00000000,0000,797;2427,544642.616043000,1a210054,1167889,270973,-518972,-24063,-2192,-15412*c7270664
$GPGGA,071704.60,3109.8268692,N,12127.2280458,E,4,34,0.6,6.035,M,11.031,M,0.600,1793*49
#BESTGNSSPOSA,ICOM3,0,87.2,FINESTEERING,2427,544642.600,c3e1c006,0000,797;SOL_COMPUTED,NARROW_INT,31.16378115279,121.45380076288,6.0355,11.0314,WGS84,0.0139,0.0119,0.0254,"1793",0.600,0.017,42,34,34,34,0F,00,30,37*9dffbc45
#HEADINGA,ICOM3,0,87.2,FINESTEERING,2427,544642.600,00000000,0000,797;SOL_COMPUTED,NONE,0.000000000,0.000000000,0.000000000,0.0,0.000000000,0.000000000,"1793",0,0,0,0,0,00,30,37*a52a401a
#INSPVAXA,ICOM3,0,87.2,FINESTEERING,2427,544642.630,00000000,0268,797;WAITING_AZIMUTH,NONE,0.00000000000,0.00000000000,0.0000,0.0000,0.0000,0.0000,0.0000,0.000000000,0.000000000,-0.000000000,0.0000,0.0000,0.0000,0.0000,0.0000,0.0000,0.0000,0.0000,0.0000,00000000,16*570afb0c
$GPGSV,2,1,07,10,00,000,27,13,00,000,40,15,39,058,40,18,48,218,45*77
$GPGSV,2,2,07,20,13,068,36,24,67,047,45,32,11,272,39,,,,*4C
$GLGSV,3,1,09,70,17,072,44,72,24,306,40,73,49,099,47,74,27,160,36*66
$GLGSV,3,2,09,85,00,000,22,86,37,244,47,87,33,295,47,90,00,000,37*64
$GLGSV,3,3,09,91,00,000,36,,,,,,,,,,,,*51
$GAGSV,2,1,06,03,25,266,46,11,07,161,35,16,17,127,40,31,14,073,37*68
$GAGSV,2,2,06,34,55,287,46,36,49,190,47,,,,,,,,*65
$GQGSV,1,1,03,02,00,000,31,03,43,170,44,07,53,169,38,,,,*4D
$GBGSV,5,1,17,01,48,147,49,02,35,243,45,03,55,202,49,04,37,120,43*61
$GBGSV,5,2,17,06,70,042,43,07,58,191,49,10,47,193,45,11,24,268,42*60
$GBGSV,5,3,17,12,13,296,40,20,29,306,45,23,49,086,49,27,00,000,25*63
$GBGSV,5,4,17,29,16,290,45,30,22,238,45,32,00,000,36,37,40,166,45*65
$GBGSV,5,5,17,41,22,086,44,,,,,,,,,,,,*56
$GPGSA,M,3,15,18,20,24,32,,,,,,,,1.3,0.6,1.1,1*2F
#RAWIMUA,ICOM3,0,87.2,FINESTEERING,2427,544642.626,00000000,0000,797;2427,544642.625979000,1a200055,1168645,269924,-518961,-30260,10804,-12533*3f06e2ad
#INSPVAXA,ICOM3,0,87.2,FINESTEERING,2427,544642.640,00000000,0271,797;WAITING_AZIMUTH,NONE,0.00000000000,0.00000000000,0.0000,0.0000,0.0000,0.0000,0.0000,0.000000000,0.000000000,-0.000000000,0.0000,0.0000,0.0000,0.0000,0.0000,0.0000,0.0000,0.0000,0.0000,00000000,16*f0c136ef
#RAWIMUA,ICOM3,0,87.2,FINESTEERING,2427,544642.636,00000000,0000,797;2427,544642.635994000,1a250056,1170276,271078,-518024,-22981,-2948,-1354*64aae3e9
#INSPVAXA,ICOM3,0,87.2,FINESTEERING,2427,544642.650,00000000,027b,797;WAITING_AZIMUTH,NONE,0.00000000000,0.00000000000,0.0000,0.0000,0.0000,0.0000,0.0000,0.000000000,0.000000000,-0.000000000,0.0000,0.0000,0.0000,0.0000,0.0000,0.0000,0.0000,0.0000,0.0000,00000000,16*4a68d959
#RAWIMUA,ICOM3,0,87.2,FINESTEERING,2427,544642.646,00000000,0000,797;2427,544642.645986000,1a240057,1170533,270987,-517432,-18621,7949,-7347*8fed372b
#INSPVAXA,ICOM3,0,87.2,FINESTEERING,2427,544642.660,00000000,0285,797;WAITING_AZIMUTH,NONE,0.00000000000,0.00000000000,0.0000,0.0000,0.0000,0.0000,0.0000,0.000000000,0.000000000,-0.000000000,0.0000,0.0000,0.0000,0.0000,0.0000,0.0000,0.0000,0.0000,0.0000,00000000,16*9d73080a
#RAWIMUA,ICOM3,0,87.2,FINESTEERING,2427,544642.656,00000000,0000,797;2427,544642.655979000,1a210058,1169819,270389,-518212,-18752,3967,-2372*92d78f1f
#INSPVAXA,ICOM3,0,87.2,FINESTEERING,2427,544642.670,00000000,028f,797;WAITING_AZIMUTH,NONE,0.00000000000,0.00000000000,0.0000,0.0000,0.0000,0.0000,0.0000,0.000000000,0.000000000,-0.000000000,0.0000,0.0000,0.0000,0.0000,0.0000,0.0000,0.0000,0.0000,0.0000,00000000,16*27dae7bc
#RAWIMUA,ICOM3,0,87.2,FINESTEERING,2427,544642.666,00000000,0000,797;2427,544642.665971000,1a230059,1169526,269110,-518427,-21539,9626,-7013*e2bc1a11
#INSPVAXA,ICOM3,0,87.2,FINESTEERING,2427,544642.680,00000000,0299,797;WAITING_AZIMUTH,NONE,0.00000000000,0.00000000000,0.0000,0.0000,0.0000,0.0000,0.0000,0.000000000,0.000000000,-0.000000000,0.0000,0.0000,0.0000,0.0000,0.0000,0.0000,0.0000,0.0000,0.0000,00000000,16*4f856337
#RAWIMUA,ICOM3,0,87.2,FINESTEERING,2427,544642.676,00000000,0000,797;2427,544642.675993000,1a21005a,1170608,268554,-518192,-19243,-1037,-16027*376a39a3
#INSPVAXA,ICOM3,0,87.2,FINESTEERING,2427,544642.690,00000000,02a3,797;WAITING_AZIMUTH,NONE,0.00000000000,0.00000000000,0.0000,0.0000,0.0000,0.0000,0.0000,0.000000000,0.000000000,-0.000000000,0.0000,0.0000,0.0000,0.0000,0.0000,0.0000,0.0000,0.0000,0.0000,00000000,16*57988e6f
#RAWIMUA,ICOM3,0,87.2,FINESTEERING,2427,544642.686,00000000,0000,797;2427,544642.685986000,1a21005b,1169943,270299,-517522,-19014,4361,-19485*03b9edd5
#INSPVAXA,ICOM3,0,87.2,FINESTEERING,2427,544642.700,00000000,02ad,797;WAITING_AZIMUTH,NONE,0.00000000000,0.00000000000,0.0000,0.0000,0.0000,0.0000,0.0000,0.000000000,0.000000000,-0.000000000,0.0000,0.0000,0.0000,0.0000,0.0000,0.0000,0.0000,0.0000,0.0000,00000000,16*0d250859
#RAWIMUA,ICOM3,0,87.2,FINESTEERING,2427,544642.696,00000000,0000,797;2427,544642.695979000,1a24005c,1170203,271677,-517276,-14096,-177,-26696*908b45de
#INSPVAXA,ICOM3,0,87.2,FINESTEERING,2427,544642.710,00000000,02b7,797;WAITING_AZIMUTH,NONE,0.00000000000,0.00000000000,0.0000,0.0000,0.0000,0.0000,0.0000,0.000000000,0.000000000,-0.000000000,0.0000,0.0000,0.0000,0.0000,0.0000,0.0000,0.0000,0.0000,0.0000,00000000,16*9c804477
#RAWIMUA,ICOM3,0,87.2,FINESTEERING,2427,544642.706,00000000,0000,797;2427,544642.706008000,1a24005d,1168211,271143,-518417,-8063,980,-25636*6e2b2018
#INSPVAXA,ICOM3,0,87.2,FINESTEERING,2427,544642.720,00000000,02c2,797;WAITING_AZIMUTH,NONE,0.00000000000,0.00000000000,0.0000,0.0000,0.0000,0.0000,0.0000,0.000000000,0.000000000,-0.000000000,0.0000,0.0000,0.0000,0.0000,0.0000,0.0000,0.0000,0.0000,0.0000,00000000,16*f9df4bc9
#RAWIMUA,ICOM3,0,87.2,FINESTEERING,2427,544642.716,00000000,0000,797;2427,544642.716028000,1a1f005e,1167236,270347,-519391,-27506,-7033,-8241*b9c79876
#INSPVAXA,ICOM3,0,87.2,FINESTEERING,2427,544642.730,00000000,02cc,797;WAITING_AZIMUTH,NONE,0.00000000000,0.00000000000,0.0000,0.0000,0.0000,0.0000,0.0000,0.000000000,0.000000000,-0.000000000,0.0000,0.0000,0.0000,0.0000,0.0000,0.0000,0.0000,0.0000,0.0000,00000000,16*2508556c
#RAWIMUA,ICOM3,0,87.2,FINESTEERING,2427,544642.726,00000000,0000,797;2427,544642.725991000,1a1a005f,1167232,271039,-519005,-20653,871,-7610*627be55f
#INSPVAXA,ICOM3,0,87.2,FINESTEERING,2427,544642.740,00000000,02d5,797;WAITING_AZIMUTH,NONE,0.00000000000,0.00000000000,0.0000,0.0000,0.0000,0.0000,0.0000,0.000000000,0.000000000,-0.000000000,0.0000,0.0000,0.0000,0.0000,0.0000,0.0000,0.0000,0.0000,0.0000,00000000,16*1e846b9f
#RAWIMUA,ICOM3,0,87.2,FINESTEERING,2427,544642.736,00000000,0000,797;2427,544642.735981000,1a210060,1169689,269341,-518266,-30129,1786,-3638*c99c87d8
#INSPVAXA,ICOM3,0,87.2,FINESTEERING,2427,544642.750,00000000,02df,797;WAITING_AZIMUTH,NONE,0.00000000000,0.00000000000,0.0000,0.0000,0.0000,0.0000,0.0000,0.000000000,0.000000000,-0.000000000,0.0000,0.0000,0.0000,0.0000,0.0000,0.0000,0.0000,0.0000,0.0000,00000000,16*a42d8429
#RAWIMUA,ICOM3,0,87.2,FINESTEERING,2427,544642.746,00000000,0000,797;2427,544642.745972000,1a270061,1170411,270911,-518317,-23768,-6570,-14018*949b5f98
#INSPVAXA,ICOM3,0,87.2,FINESTEERING,2427,544642.760,00000000,02e9,797;WAITING_AZIMUTH,NONE,0.00000000000,0.00000000000,0.0000,0.0000,0.0000,0.0000,0.0000,0.000000000,0.000000000,-0.000000000,0.0000,0.0000,0.0000,0.0000,0.0000,0.0000,0.0000,0.0000,0.0000,00000000,16*19562638
#RAWIMUA,ICOM3,0,87.2,FINESTEERING,2427,544642.756,00000000,0000,797;2427,544642.755965000,1a210062,1169917,269899,-518141,-24030,-12593,-12928*c9f574d1
#INSPVAXA,ICOM3,0,87.2,FINESTEERING,2427,544642.770,00000000,02f3,797;WAITING_AZIMUTH,NONE,0.00000000000,0.00000000000,0.0000,0.0000,0.0000,0.0000,0.0000,0.000000000,0.000000000,-0.000000000,0.0000,0.0000,0.0000,0.0000,0.0000,0.0000,0.0000,0.0000,0.0000,00000000,16*e82ecd03
#RAWIMUA,ICOM3,0,87.2,FINESTEERING,2427,544642.766,00000000,0000,797;2427,544642.765988000,1a250063,1169542,268143,-519925,-22752,-6075,-15198*1856639d
#INSPVAXA,ICOM3,0,87.2,FINESTEERING,2427,544642.780,00000000,02fd,797;WAITING_AZIMUTH,NONE,0.00000000000,0.00000000000,0.0000,0.0000,0.0000,0.0000,0.0000,0.000000000,0.000000000,-0.000000000,0.0000,0.0000,0.0000,0.0000,0.0000,0.0000,0.0000,0.0000,0.0000,00000000,16*6d2f1732
#RAWIMUA,ICOM3,0,87.2,FINESTEERING,2427,544642.776,00000000,0000,797;2427,544642.775980000,1a240064,1169761,270414,-518934,-21735,-7522,-17372*bd205049
#INSPVAXA,ICOM3,0,87.2,FINESTEERING,2427,544642.790,00000000,0307,797;WAITING_AZIMUTH,NONE,0.00000000000,0.00000000000,0.0000,0.0000,0.0000,0.0000,0.0000,0.000000000,0.000000000,-0.000000000,0.0000,0.0000,0.0000,0.0000,0.0000,0.0000,0.0000,0.0000,0.0000,00000000,16*68af1e83
#RAWIMUA,ICOM3,0,87.2,FINESTEERING,2427,544642.786,00000000,0000,797;2427,544642.785973000,1a220065,1169460,270944,-518448,-23899,1593,-8529*678d211b
#INSPVAXA,ICOM3,0,87.2,FINESTEERING,2427,544642.800,00000000,0311,797;WAITING_AZIMUTH,NONE,0.00000000000,0.00000000000,0.0000,0.0000,0.0000,0.0000,0.0000,0.000000000,0.000000000,-0.000000000,0.0000,0.0000,0.0000,0.0000,0.0000,0.0000,0.0000,0.0000,0.0000,00000000,16*1eb3a7b3
#RAWIMUA,ICOM3,0,87.2,FINESTEERING,2427,544642.796,00000000,0000,797;2427,544642.795965000,1a230066,1168534,270428,-517851,-21309,7026,-2951*fe43679d
#INSPVAXA,ICOM3,0,87.2,FINESTEERING,2427,544642.810,00000000,031b,797;WAITING_AZIMUTH,NONE,0.00000000000,0.00000000000,0.0000,0.0000,0.0000,0.0000,0.0000,0.000000000,0.000000000,-0.000000000,0.0000,0.0000,0.0000,0.0000,0.0000,0.0000,0.0000,0.0000,0.0000,00000000,16*a41a4805
#RAWIMUA,ICOM3,0,87.2,FINESTEERING,2427,544642.806,00000000,0000,797;2427,544642.806017000,1a210067,1168282,269598,-518858,-24325,2218,-11450*e79814a9
#INSPVAXA,ICOM3,0,87.2,FINESTEERING,2427,544642.820,00000000,0326,797;WAITING_AZIMUTH,NONE,0.00000000000,0.00000000000,0.0000,0.0000,0.0000,0.0000,0.0000,0.000000000,0.000000000,-0.000000000,0.0000,0.0000,0.0000,0.0000,0.0000,0.0000,0.0000,0.0000,0.0000,00000000,16*67ca1d8c
#RAWIMUA,ICOM3,0,87.2,FINESTEERING,2427,544642.816,00000000,0000,797;2427,544642.816045000,1a210068,1168522,269558,-516627,-22653,1298,-26893*b506e2cd
$GPGGA,071704.80,3109.8268697,N,12127.2280463,E,4,34,0.6,6.037,M,11.031,M,0.800,1793*46
#BESTGNSSPOSA,ICOM3,0,87.2,FINESTEERING,2427,544642.800,03e1c006,0000,797;SOL_COMPUTED,NARROW_INT,31.16378116203,121.45380077247,6.0373,11.0314,WGS84,0.0146,0.0125,0.0261,"1793",0.800,0.015,42,34,34,34,0F,00,30,37*9d9c9666
#HEADINGA,ICOM3,0,87.2,FINESTEERING,2427,544642.800,00000000,0000,797;SOL_COMPUTED,NONE,0.000000000,0.000000000,0.000000000,0.0,0.000000000,0.000000000,"1793",0,0,0,0,0,00,30,37*6ccaee0d
$GPGSV,2,1,07,10,00,000,27,13,00,000,40,15,39,058,40,18,48,218,45*77
$GPGSV,2,2,07,20,13,068,37,24,67,047,45,32,11,272,39,,,,*4D
$GLGSV,3,1,09,70,17,072,44,72,24,306,40,73,49,099,47,74,27,160,36*66
$GLGSV,3,2,09,85,00,000,23,86,37,244,47,87,33,295,47,90,00,000,37*65
$GLGSV,3,3,09,91,00,000,36,,,,,,,,,,,,*51
$GAGSV,2,1,06,03,25,266,46,11,07,161,35,16,17,127,40,31,14,073,37*68
$GAGSV,2,2,06,34,55,287,46,36,49,190,47,,,,,,,,*65
$GQGSV,1,1,03,02,00,000,31,03,43,170,44,07,53,169,38,,,,*4D
$GBGSV,5,1,17,01,48,147,49,02,35,243,45,03,55,202,49,04,37,120,43*61
$GBGSV,5,2,17,06,70,042,43,07,58,191,49,10,47,193,45,11,24,268,42*60
$GBGSV,5,3,17,12,13,296,40,20,29,306,45,23,49,086,49,27,00,000,25*63
$GBGSV,5,4,17,29,16,290,45,30,22,238,45,32,00,000,36,37,40,166,45*65
$GBGSV,5,5,17,41,22,086,44,,,,,,,,,,,,*56
#INSPVAXA,ICOM3,0,87.2,FINESTEERING,2427,544642.830,00000000,0330,797;WAITING_AZIMUTH,NONE,0.00000000000,0.00000000000,0.0000,0.0000,0.0000,0.0000,0.0000,0.000000000,0.000000000,-0.000000000,0.0000,0.0000,0.0000,0.0000,0.0000,0.0000,0.0000,0.0000,0.0000,00000000,16*9c1de9b3
$GPGSA,M,3,15,18,20,24,32,,,,,,,,1.3,0.6,1.1,1*2F
#RAWIMUA,ICOM3,0,87.2,FINESTEERING,2427,544642.826,00000000,0000,797;2427,544642.825982000,1a210069,1169427,270158,-518439,-17243,2289,-22450*746b14d4
#INSPVAXA,ICOM3,0,87.2,FINESTEERING,2427,544642.840,00000000,0339,797;WAITING_AZIMUTH,NONE,0.00000000000,0.00000000000,0.0000,0.0000,0.0000,0.0000,0.0000,0.000000000,0.000000000,-0.000000000,0.0000,0.0000,0.0000,0.0000,0.0000,0.0000,0.0000,0.0000,0.0000,00000000,16*9402b8e7
#RAWIMUA,ICOM3,0,87.2,FINESTEERING,2427,544642.836,00000000,0000,797;2427,544642.835965000,1a20006a,1169004,270743,-518872,-16227,1500,-31684*b3cac71e
#INSPVAXA,ICOM3,0,87.2,FINESTEERING,2427,544642.850,00000000,0343,797;WAITING_AZIMUTH,NONE,0.00000000000,0.00000000000,0.0000,0.0000,0.0000,0.0000,0.0000,0.000000000,0.000000000,-0.000000000,0.0000,0.0000,0.0000,0.0000,0.0000,0.0000,0.0000,0.0000,0.0000,00000000,16*b7bb2bc3
#RAWIMUA,ICOM3,0,87.2,FINESTEERING,2427,544642.846,00000000,0000,797;2427,544642.845958000,1a1f006b,1167760,270217,-519226,-16784,-179,-23577*b16fb75c
#INSPVAXA,ICOM3,0,87.2,FINESTEERING,2427,544642.860,00000000,034d,797;WAITING_AZIMUTH,NONE,0.00000000000,0.00000000000,0.0000,0.0000,0.0000,0.0000,0.0000,0.000000000,0.000000000,-0.000000000,0.0000,0.0000,0.0000,0.0000,0.0000,0.0000,0.0000,0.0000,0.0000,00000000,16*e79ed768
#RAWIMUA,ICOM3,0,87.2,FINESTEERING,2427,544642.856,00000000,0000,797;2427,544642.855981000,1a1c006c,1169335,270380,-519098,-15473,5483,-25949*ccf779b7
#INSPVAXA,ICOM3,0,87.2,FINESTEERING,2427,544642.870,00000000,0357,797;WAITING_AZIMUTH,NONE,0.00000000000,0.00000000000,0.0000,0.0000,0.0000,0.0000,0.0000,0.000000000,0.000000000,-0.000000000,0.0000,0.0000,0.0000,0.0000,0.0000,0.0000,0.0000,0.0000,0.0000,00000000,16*f2e3a469
#RAWIMUA,ICOM3,0,87.2,FINESTEERING,2427,544642.866,00000000,0000,797;2427,544642.865973000,1a1f006d,1167765,268122,-516380,-15178,-1494,-33536*02c32e3e
#INSPVAXA,ICOM3,0,87.2,FINESTEERING,2427,544642.880,00000000,0361,797;WAITING_AZIMUTH,NONE,0.00000000000,0.00000000000,0.0000,0.0000,0.0000,0.0000,0.0000,0.000000000,0.000000000,-0.000000000,0.0000,0.0000,0.0000,0.0000,0.0000,0.0000,0.0000,0.0000,0.0000,00000000,16*7eb9b8d8
#RAWIMUA,ICOM3,0,87.2,FINESTEERING,2427,544642.876,00000000,0000,797;2427,544642.875964000,1a1c006e,1171581,271213,-520323,-22030,3931,-30757*e6b0517e
#INSPVAXA,ICOM3,0,87.2,FINESTEERING,2427,544642.890,00000000,036b,797;WAITING_AZIMUTH,NONE,0.00000000000,0.00000000000,0.0000,0.0000,0.0000,0.0000,0.0000,0.000000000,0.000000000,-0.000000000,0.0000,0.0000,0.0000,0.0000,0.0000,0.0000,0.0000,0.0000,0.0000,00000000,16*c410576e
#RAWIMUA,ICOM3,0,87.2,FINESTEERING,2427,544642.886,00000000,0000,797;2427,544642.885957000,1a1e006f,1169984,269570,-518269,-17670,-4985,-29644*39b7f547
#INSPVAXA,ICOM3,0,87.2,FINESTEERING,2427,544642.900,00000000,0375,797;WAITING_AZIMUTH,NONE,0.00000000000,0.00000000000,0.0000,0.0000,0.0000,0.0000,0.0000,0.000000000,0.000000000,-0.000000000,0.0000,0.0000,0.0000,0.0000,0.0000,0.0000,0.0000,0.0000,0.0000,00000000,16*31794def
#RAWIMUA,ICOM3,0,87.2,FINESTEERING,2427,544642.896,00000000,0000,797;2427,544642.895980000,1a1e0070,1167363,271923,-518983,-17473,4034,-21227*372209a7
#INSPVAXA,ICOM3,0,87.2,FINESTEERING,2427,544642.910,00000000,037f,797;WAITING_AZIMUTH,NONE,0.00000000000,0.00000000000,0.0000,0.0000,0.0000,0.0000,0.0000,0.000000000,0.000000000,-0.000000000,0.0000,0.0000,0.0000,0.0000,0.0000,0.0000,0.0000,0.0000,0.0000,00000000,16*8bd0a259
#RAWIMUA,ICOM3,0,87.2,FINESTEERING,2427,544642.906,00000000,0000,797;2427,544642.905992000,1a1d0071,1167917,269963,-518534,-19932,1563,-23736*9d483193
#INSPVAXA,ICOM3,0,87.2,FINESTEERING,2427,544642.920,00000000,0389,797;WAITING_AZIMUTH,NONE,0.00000000000,0.00000000000,0.0000,0.0000,0.0000,0.0000,0.0000,0.000000000,0.000000000,-0.000000000,0.0000,0.0000,0.0000,0.0000,0.0000,0.0000,0.0000,0.0000,0.0000,00000000,16*1e41b107
#RAWIMUA,ICOM3,0,87.2,FINESTEERING,2427,544642.916,00000000,0000,797;2427,544642.916034000,1a1d0072,1169250,272427,-520499,-14784,2653,-14332*77094659
#INSPVAXA,ICOM3,0,87.2,FINESTEERING,2427,544642.930,00000000,0394,797;WAITING_AZIMUTH,NONE,0.00000000000,0.00000000000,0.0000,0.0000,0.0000,0.0000,0.0000,0.000000000,0.000000000,-0.000000000,0.0000,0.0000,0.0000,0.0000,0.0000,0.0000,0.0000,0.0000,0.0000,00000000,16*1fe58d8f
#RAWIMUA,ICOM3,0,87.2,FINESTEERING,2427,544642.926,00000000,0000,797;2427,544642.925962000,1a1d0073,1169232,270876,-518677,-15145,2061,-9243*58c76fe9
#INSPVAXA,ICOM3,0,87.2,FINESTEERING,2427,544642.940,00000000,039d,797;WAITING_AZIMUTH,NONE,0.00000000000,0.00000000000,0.0000,0.0000,0.0000,0.0000,0.0000,0.000000000,0.000000000,-0.000000000,0.0000,0.0000,0.0000,0.0000,0.0000,0.0000,0.0000,0.0000,0.0000,00000000,16*77277bce
#RAWIMUA,ICOM3,0,87.2,FINESTEERING,2427,544642.936,00000000,0000,797;2427,544642.935981000,1a1d0074,1171019,268179,-516613,-15669,-4292,-9468*d4cd92c9
#INSPVAXA,ICOM3,0,87.2,FINESTEERING,2427,544642.950,00000000,03a7,797;WAITING_AZIMUTH,NONE,0.00000000000,0.00000000000,0.0000,0.0000,0.0000,0.0000,0.0000,0.000000000,0.000000000,-0.000000000,0.0000,0.0000,0.0000,0.0000,0.0000,0.0000,0.0000,0.0000,0.0000,00000000,16*0fe73183
#RAWIMUA,ICOM3,0,87.2,FINESTEERING,2427,544642.946,00000000,0000,797;2427,544642.945973000,1a1d0075,1169333,271069,-518974,-20227,-8541,-16652*c1a02983
#INSPVAXA,ICOM3,0,87.2,FINESTEERING,2427,544642.960,00000000,03b1,797;WAITING_AZIMUTH,NONE,0.00000000000,0.00000000000,0.0000,0.0000,0.0000,0.0000,0.0000,0.000000000,0.000000000,-0.000000000,0.0000,0.0000,0.0000,0.0000,0.0000,0.0000,0.0000,0.0000,0.0000,00000000,16*56990ba8
#RAWIMUA,ICOM3,0,87.2,FINESTEERING,2427,544642.956,00000000,0000,797;2427,544642.955965000,1a1d0076,1167976,269185,-517803,-24784,144,-5644*a79c85fc
#INSPVAXA,ICOM3,0,87.2,FINESTEERING,2427,544642.970,00000000,03bb,797;WAITING_AZIMUTH,NONE,0.00000000000,0.00000000000,0.0000,0.0000,0.0000,0.0000,0.0000,0.000000000,0.000000000,-0.000000000,0.0000,0.0000,0.0000,0.0000,0.0000,0.0000,0.0000,0.0000,0.0000,00000000,16*ec30e41e
#RAWIMUA,ICOM3,0,87.2,FINESTEERING,2427,544642.966,00000000,0000,797;2427,544642.965958000,1a1f0077,1168764,270919,-517889,-26489,-6670,-13790*65a457f2
#INSPVAXA,ICOM3,0,87.2,FINESTEERING,2427,544642.980,00000000,03c5,797;WAITING_AZIMUTH,NONE,0.00000000000,0.00000000000,0.0000,0.0000,0.0000,0.0000,0.0000,0.000000000,0.000000000,-0.000000000,0.0000,0.0000,0.0000,0.0000,0.0000,0.0000,0.0000,0.0000,0.0000,00000000,16*c6e5a298
#RAWIMUA,ICOM3,0,87.2,FINESTEERING,2427,544642.976,00000000,0000,797;2427,544642.975982000,1a1f0078,1169814,270755,-517757,-20850,8310,-15888*0a88f116
#INSPVAXA,ICOM3,0,87.2,FINESTEERING,2427,544642.990,00000000,03cf,797;WAITING_AZIMUTH,NONE,0.00000000000,0.00000000000,0.0000,0.0000,0.0000,0.0000,0.0000,0.000000000,0.000000000,-0.000000000,0.0000,0.0000,0.0000,0.0000,0.0000,0.0000,0.0000,0.0000,0.0000,00000000,16*7c4c4d2e
#RAWIMUA,ICOM3,0,87.2,FINESTEERING,2427,544642.986,00000000,0000,797;2427,544642.985974000,1a1e0079,1169101,269403,-518660,-18587,1893,-14896*5c78a2be
#INSPVAXA,ICOM3,0,87.2,FINESTEERING,2427,544643.000,00000000,03d9,797;WAITING_AZIMUTH,NONE,0.00000000000,0.00000000000,0.0000,0.0000,0.0000,0.0000,0.0000,0.000000000,0.000000000,-0.000000000,0.0000,0.0000,0.0000,0.0000,0.0000,0.0000,0.0000,0.0000,0.0000,00000000,17*af61c533
#INSCALSTATUSA,ICOM3,0,87.2,FINESTEERING,2427,544643.000,00000000,0000,797;RBV,0.0000,0.0000,0.0000,45.0000,45.0000,45.0000,CALIBRATED,0*84866c28
#RAWIMUA,ICOM3,0,87.2,FINESTEERING,2427,544642.996,00000000,0000,797;2427,544642.995968000,1a1f007a,1168774,270057,-518765,-18784,-5479,-16341*67701c97
#INSPVAXA,ICOM3,0,87.2,FINESTEERING,2427,544643.010,00000000,0000,797;WAITING_AZIMUTH,NONE,0.00000000000,0.00000000000,0.0000,0.0000,0.0000,0.0000,0.0000,0.000000000,0.000000000,-0.000000000,0.0000,0.0000,0.0000,0.0000,0.0000,0.0000,0.0000,0.0000,0.0000,00000000,17*5d48bb64
#RAWIMUA,ICOM3,0,87.2,FINESTEERING,2427,544643.006,00000000,0000,797;2427,544643.005987595,1a20007b,1170158,272798,-519422,-14554,7986,-9282*4ed03d54
#INSPVAXA,ICOM3,0,87.2,FINESTEERING,2427,544643.020,00000000,0005,797;WAITING_AZIMUTH,NONE,0.00000000000,0.00000000000,0.0000,0.0000,0.0000,0.0000,0.0000,0.000000000,0.000000000,-0.000000000,0.0000,0.0000,0.0000,0.0000,0.0000,0.0000,0.0000,0.0000,0.0000,00000000,17*97c3286d
#RAWIMUA,ICOM3,0,87.2,FINESTEERING,2427,544643.016,00000000,0000,797;2427,544643.016030000,1a25007c,1168377,271501,-518585,-19997,1991,445*2c38b153
#INSPVAXA,ICOM3,0,87.2,FINESTEERING,2427,544643.030,00000000,0010,797;WAITING_AZIMUTH,NONE,0.00000000000,0.00000000000,0.0000,0.0000,0.0000,0.0000,0.0000,0.000000000,0.000000000,-0.000000000,0.0000,0.0000,0.0000,0.0000,0.0000,0.0000,0.0000,0.0000,0.0000,00000000,17*d4edd6e8
#RAWIMUA,ICOM3,0,87.2,FINESTEERING,2427,544643.026,00000000,0000,797;2427,544643.026024000,1a24007d,1170258,268051,-519268,-21637,-5120,-6191*cc8c4158
#BESTPOSA,ICOM3,0,87.2,FINESTEERING,2427,544643.000,03e1c006,0001,797;SOL_COMPUTED,NARROW_INT,31.16378116990,121.45380073140,6.0330,11.0314,WGS84,0.0115,0.0097,0.0230,"1793",1.000,0.022,42,34,34,34,0F,00,30,37*07af62e5
$GPGGA,071705.00,3109.8268702,N,12127.2280439,E,4,34,0.6,6.033,M,11.031,M,1.000,1793*40
#BESTGNSSPOSA,ICOM3,0,87.2,FINESTEERING,2427,544643.000,03e1c006,0001,797;SOL_COMPUTED,NARROW_INT,31.16378116990,121.45380073140,6.0330,11.0314,WGS84,0.0115,0.0097,0.0230,"1793",1.000,0.022,42,34,34,34,0F,00,30,37*271bf497
#HEADINGA,ICOM3,0,87.2,FINESTEERING,2427,544643.000,00000000,0000,797;SOL_COMPUTED,NONE,0.000000000,0.000000000,0.000000000,0.0,0.000000000,0.000000000,"1793",0,0,0,0,0,00,30,37*f165ab5d
$GPGSV,2,1,07,10,00,000,26,13,00,000,40,15,39,058,40,18,48,218,45*76
$GPGSV,2,2,07,20,13,068,37,24,67,047,45,32,11,272,39,,,,*4D
$GLGSV,3,1,09,70,17,072,43,72,24,306,40,73,49,099,47,74,27,160,37*60
$GLGSV,3,2,09,85,00,000,23,86,37,244,47,87,33,295,47,90,00,000,37*65
$GLGSV,3,3,09,91,00,000,36,,,,,,,,,,,,*51
$GAGSV,2,1,06,03,25,266,46,11,07,161,35,16,17,127,40,31,14,073,37*68
$GAGSV,2,2,06,34,55,287,46,36,49,190,47,,,,,,,,*65
$GQGSV,1,1,03,02,00,000,31,03,43,170,44,07,53,169,38,,,,*4D
$GBGSV,5,1,17,01,48,147,49,02,35,243,45,03,55,202,49,04,37,120,43*61
$GBGSV,5,2,17,06,70,042,43,07,58,191,49,10,47,193,45,11,24,268,41*63
$GBGSV,5,3,17,12,13,296,40,20,29,306,45,23,49,086,49,27,00,000,25*63
$GBGSV,5,4,17,29,16,290,45,30,22,238,45,32,00,000,36,37,40,166,45*65
$GBGSV,5,5,17,41,22,086,44,,,,,,,,,,,,*56
#INSPVAXA,ICOM3,0,87.2,FINESTEERING,2427,544643.040,00000000,001a,797;WAITING_AZIMUTH,NONE,0.00000000000,0.00000000000,0.0000,0.0000,0.0000,0.0000,0.0000,0.000000000,0.000000000,-0.000000000,0.0000,0.0000,0.0000,0.0000,0.0000,0.0000,0.0000,0.0000,0.0000,00000000,17*62a8db00
$GPGSA,M,3,15,18,20,24,32,,,,,,,,1.3,0.6,1.1,1*2F
™D*  †H   Æ¥{	∏óv ¿·     2   ÁnêÌ)?@·9]^@éœ[p∆!@ÃÄ0A=   gÇ<<bl<ãdº<1793  Ä?‰≤<*""" 07™Îç™D7 †0   Æ¥{	∏óv                                           1793      07ul‡^#RAWIMUA,ICOM3,0,87.2,FINESTEERING,2427,544643.036,00000000,0000,797;2427,544643.035991000,1a21007e,1170180,270290,-518244,-15899,8248,-23999*3bff5912
#TRACKSTATA,ICOM3,0,87.2,FINESTEERING,2427,544643.000,00000000,0000,797;SOL_COMPUTED,NARROW_INT,0.0,106,10,0,00181444,23518040.576,2818.042,26.250,0.300,0.000,GOOD,0.000,10,0,01d81484,23518450.053,2104.830,29.500,0.700,0.000,GOOD,0.000,13,0,10181d44,23210304.481,2561.919,40.000,17.100,0.000,GOOD,0.000,15,0,00101f44,21734820.861,-2097.424,40.000,18.300,0.000,GOOD,0.000,15,0,12301f64,21734825.181,-1634.356,42.500,16.200,0.000,GOOD,0.000,18,0,00101cc4,21543431.029,-2312.116,44.750,17.100,0.000,GOOD,0.000,18,0,12301ce4,21543428.972,-1801.538,45.250,15.900,0.000,GOOD,0.000,18,0,01d01d04,21543450.836,-1726.489,47.250,15.700,0.000,GOOD,0.000,20,0,00101e44,24438330.347,-2494.506,36.750,5.800,0.000,GOOD,0.000,20,0,02301e64,24438333.441,-1943.891,38.000,11.300,0.000,GOOD,0.000,24,0,00101ec4,20196539.795,-1512.148,44.750,17.100,0.000,GOOD,0.000,24,0,02301ee4,20196540.931,-1178.255,43.000,15.300,0.000,GOOD,0.000,24,0,01d01f04,20196558.935,-1129.154,47.750,16.500,0.000,GOOD,0.000,32,0,10101dc4,24780949.014,1881.997,39.000,16.900,0.000,GOOD,0.000,32,0,12301de4,24780956.490,1466.482,37.750,15.000,0.000,GOOD,0.000,32,0,01d01e04,24780973.723,1405.630,39.000,15.100,0.000,GOOD,0.000,43,3,00111d44,23049292.519,-2070.027,43.250,17.500,0.000,GOOD,0.000,43,3,10311d64,23049293.424,-1610.162,43.250,18.100,0.000,GOOD,0.000,45,13,10111e44,22459659.151,1681.009,39.750,15.200,0.000,GOOD,0.000,45,13,10311e64,22459658.078,1307.561,41.500,14.600,0.000,GOOD,0.000,46,5,10111dc4,20428100.910,960.534,46.500,17.900,0.000,GOOD,0.000,46,5,00311de4,20428105.719,747.049,47.000,18.300,0.000,GOOD,0.000,47,0,00191cc4,22188073.231,3827.742,36.500,4.900,0.000,GOOD,0.000,58,11,001916c4,24545337.533,-4344.552,23.000,0.000,0.000,GOOD,0.000,58,11,003916e4,24545375.456,-3380.057,26.000,0.000,0.000,GOOD,0.000,59,4,10111d84,21265879.934,-2616.725,46.500,16.400,0.000,GOOD,0.000,59,4,10311da4,21265879.286,-2035.157,44.250,16.600,0.000,GOOD,0.000,60,10,00111e04,21584190.616,32.192,46.500,16.600,0.000,GOOD,0.000,63,1,00191d04,21821359.417,1443.550,37.000,15.900,0.000,GOOD,0.000,64,2,00191e84,22027710.745,-1658.121,36.000,7.800,0.000,GOOD,0.000,3,0,00331fc4,26465716.235,1327.344,46.250,17.100,0.000,GOOD,0.000,3,0,12331c24,26465726.301,1017.216,45.250,15.600,0.000,GOOD,0.000,3,0,11931fe4,26465725.728,991.300,37.000,15.600,0.000,GOOD,0.000,3,0,10d31c04,26465892.813,1077.465,42.500,15.400,0.000,GOOD,0.000,11,0,003314c4,26596228.774,-3299.839,35.000,0.000,0.000,GOOD,0.000,11,0,02331d24,26596239.831,-2528.388,40.500,14.300,0.000,GOOD,0.000,11,0,11931ce4,26596241.075,-2464.289,33.000,14.900,0.000,GOOD,0.000,11,0,00d31d04,26596406.557,-2678.597,38.000,15.000,0.000,GOOD,0.000,16,0,00331f44,27230880.986,2117.481,40.000,17.100,0.000,GOOD,0.000,16,0,11931f64,27230890.397,1581.240,37.250,15.900,0.000,GOOD,0.000,31,0,10331c44,27584875.597,638.228,37.250,9.500,0.000,GOOD,0.000,31,0,12331ca4,27584884.964,488.601,46.000,16.300,0.000,GOOD,0.000,31,0,11931c64,27584885.907,476.520,38.250,15.800,0.000,GOOD,0.000,31,0,10d31c84,27585052.019,517.874,43.500,14.700,0.000,GOOD,0.000,34,0,00331dc4,24349003.912,248.596,46.000,17.900,0.000,GOOD,0.000,34,0,02331e24,24349010.273,190.411,49.500,17.000,0.000,GOOD,0.000,34,0,01931de4,24349012.279,185.715,42.000,15.000,0.000,GOOD,0.000,34,0,00d31e04,24349180.055,201.701,45.000,16.900,0.000,GOOD,0.000,36,0,10331d44,24775654.612,-2430.846,46.500,18.800,0.000,GOOD,0.000,36,0,02331da4,24775661.101,-1862.379,50.250,17.300,0.000,GOOD,0.000,36,0,01931d64,24775661.885,-1815.133,42.250,16.400,0.000,GOOD,0.000,36,0,00d31d84,24775829.344,-1973.230,46.500,16.500,0.000,GOOD,0.000,194,0,001d17c4,37848734.355,-22.405,30.750,3.600,0.000,GOOD,0.000,195,0,10151f44,36634103.285,-114.604,44.250,16.800,0.000,GOOD,0.000,195,0,02351f64,36634096.823,-89.401,45.500,16.700,0.000,GOOD,0.000,195,0,01d51f84,36634116.607,-85.649,43.500,16.500,0.000,GOOD,0.000,199,0,00151ec4,36992766.827,-165.910,38.000,16.700,0.000,GOOD,0.000,199,0,12351ee4,36992763.089,-129.285,44.500,16.800,0.000,GOOD,0.000,199,0,11d51f04,36992783.533,-123.985,47.000,16.700,0.000,GOOD,0.000,1,0,00941c04,37288744.136,-176.125,48.500,18.200,0.000,GOOD,0.000,1,0,00d41c24,37288743.895,-143.373,47.250,17.900,0.000,GOOD,0.000,2,0,00941c64,38319016.200,-145.567,45.250,18.000,0.000,GOOD,0.000,2,0,00d41c84,38319007.794,-118.159,44.250,17.600,0.000,GOOD,0.000,3,0,00941cc4,36927571.434,-162.081,48.500,17.900,0.000,GOOD,0.000,3,0,00d41ce4,36927566.471,-131.754,47.750,16.900,0.000,GOOD,0.000,4,0,10941d24,38154811.347,-197.378,42.750,16.500,0.000,GOOD,0.000,4,0,10d41d44,38154812.736,-160.259,45.250,17.600,0.000,GOOD,0.000,6,0,00141e44,36172540.264,261.960,42.500,17.900,0.000,GOOD,0.000,6,0,10541e64,36172546.539,212.871,44.500,17.800,0.000,GOOD,0.000,7,0,00141de4,36873190.403,730.471,49.000,16.800,0.000,GOOD,0.000,7,0,00541e04,36873193.693,593.549,46.250,15.700,0.000,GOOD,0.000,10,0,00141d84,37795809.202,859.865,45.250,17.400,0.000,GOOD,0.000,10,0,00341dc4,37795811.561,665.131,46.000,17.400,0.000,GOOD,0.000,10,0,10541da4,37795815.814,698.750,42.500,15.900,0.000,GOOD,0.000,11,0,00141ea4,25094292.529,-1312.345,41.250,16.700,0.000,GOOD,0.000,11,0,10541ec4,25094299.336,-1066.317,42.750,17.700,0.000,GOOD,0.000,12,0,00141f04,25750275.049,1964.387,40.000,16.400,0.000,GOOD,0.000,12,0,10541f24,25750282.594,1596.348,40.000,14.900,0.000,GOOD,0.000,20,0,10141e84,24630743.024,1675.117,44.500,17.800,0.000,GOOD,0.000,20,0,01341ea4,24630747.698,1262.411,45.000,15.800,0.000,GOOD,0.000,20,0,00541ec4,24630746.483,1361.182,42.750,15.700,0.000,GOOD,0.000,20,0,10f41ee4,24630738.785,1690.511,44.000,17.000,0.000,GOOD,0.000,23,0,10141d44,23034965.752,-168.916,48.500,18.300,0.000,GOOD,0.000,23,0,11341d64,23034965.644,-127.025,50.500,16.800,0.000,GOOD,0.000,23,0,00541d84,23034962.505,-137.174,47.000,16.400,0.000,GOOD,0.000,23,0,10f41da4,23034961.479,-170.474,47.500,17.000,0.000,GOOD,0.000,27,0,001c1724,26505574.982,-2833.008,25.000,0.500,0.000,GOOD,0.000,29,0,10141d04,25412043.421,-457.560,44.750,17.100,0.000,GOOD,0.000,29,0,00541d44,25412051.086,-371.824,41.250,15.300,0.000,GOOD,0.000,29,0,10f41d64,25412041.371,-461.752,43.000,16.700,0.000,GOOD,0.000,30,0,00141de4,24838866.238,-2315.035,44.750,17.600,0.000,GOOD,0.000,30,0,01341e04,24838879.754,-1744.472,44.500,16.700,0.000,GOOD,0.000,30,0,10541e24,24838878.166,-1881.031,42.250,16.900,0.000,GOOD,0.000,30,0,10f41e44,24838864.310,-2336.079,43.000,17.100,0.000,GOOD,0.000,32,0,101c1e44,22654438.647,-95.030,35.750,5.300,0.000,GOOD,0.000,32,0,113c1e64,22654448.692,-71.648,40.750,4.000,0.000,GOOD,0.000,32,0,005c1684,22654445.532,-77.079,39.500,3.600,0.000,GOOD,0.000,32,0,00fc16a4,22654433.080,-95.962,32.250,0.800,0.000,GOOD,0.000,37,0,00141fc4,23720808.788,2496.163,45.000,17.100,0.000,GOOD,0.000,37,0,11341fe4,23720821.107,1881.328,46.500,17.200,0.000,GOOD,0.000,37,0,00541c04,23720821.593,2028.486,47.000,16.700,0.000,GOOD,0.000,37,0,10f41c24,23720810.045,2519.193,43.750,17.600,0.000,GOOD,0.000,41,0,10141c64,25284768.876,-1834.828,43.500,17.900,0.000,GOOD,0.000,41,0,11341c84,25284792.382,-1382.622,48.250,16.900,0.000,GOOD,0.000,41,0,00541ca4,25284787.869,-1490.829,46.500,16.500,0.000,GOOD,0.000,41,0,10f41cc4,25284767.966,-1851.593,44.000,18.500,0.000,GOOD,0.000*4d3cf02e
#INSPVAXA,ICOM3,0,87.2,FINESTEERING,2427,544643.050,00000000,0023,797;WAITING_AZIMUTH,NONE,0.00000000000,0.00000000000,0.0000,0.0000,0.0000,0.0000,0.0000,0.000000000,0.000000000,-0.000000000,0.0000,0.0000,0.0000,0.0000,0.0000,0.0000,0.0000,0.0000,0.0000,00000000,17*2d8a6c87
#RAWIMUA,ICOM3,0,87.2,FINESTEERING,2427,544643.046,00000000,0000,797;2427,544643.045967000,1a1f007f,1168986,270698,-517132,-18981,11899,-26744*b4314688
#INSPVAXA,ICOM3,0,87.2,FINESTEERING,2427,544643.060,00000000,002d,797;WAITING_AZIMUTH,NONE,0.00000000000,0.00000000000,0.0000,0.0000,0.0000,0.0000,0.0000,0.000000000,0.000000000,-0.000000000,0.0000,0.0000,0.0000,0.0000,0.0000,0.0000,0.0000,0.0000,0.0000,00000000,17*7daf902c
#RAWIMUA,ICOM3,0,87.2,FINESTEERING,2427,544643.056,00000000,0000,797;2427,544643.056000000,1a1e0080,1170083,267507,-518212,-20522,-4691,-16175*a9a0b845
#INSPVAXA,ICOM3,0,87.2,FINESTEERING,2427,544643.070,00000000,0038,797;WAITING_AZIMUTH,NONE,0.00000000000,0.00000000000,0.0000,0.0000,0.0000,0.0000,0.0000,0.000000000,0.000000000,-0.000000000,0.0000,0.0000,0.0000,0.0000,0.0000,0.0000,0.0000,0.0000,0.0000,00000000,17*5e5cc9bc
#RAWIMUA,ICOM3,0,87.2,FINESTEERING,2427,544643.066,00000000,0000,797;2427,544643.066026000,1a210081,1169946,269543,-517710,-2784,6579,-31191*afcd79ec
#INSPVAXA,ICOM3,0,87.2,FINESTEERING,2427,544643.080,00000000,0042,797;WAITING_AZIMUTH,NONE,0.00000000000,0.00000000000,0.0000,0.0000,0.0000,0.0000,0.0000,0.000000000,0.000000000,-0.000000000,0.0000,0.0000,0.0000,0.0000,0.0000,0.0000,0.0000,0.0000,0.0000,00000000,17*8eb08d39
#RAWIMUA,ICOM3,0,87.2,FINESTEERING,2427,544643.076,00000000,0000,797;2427,544643.075985000,1a220082,1168900,268263,-518154,-16981,-738,-28605*efd83988
#INSPVAXA,ICOM3,0,87.2,FINESTEERING,2427,544643.090,00000000,004b,797;WAITING_AZIMUTH,NONE,0.00000000000,0.00000000000,0.0000,0.0000,0.0000,0.0000,0.0000,0.000000000,0.000000000,-0.000000000,0.0000,0.0000,0.0000,0.0000,0.0000,0.0000,0.0000,0.0000,0.0000,00000000,17*8ce06835
#RAWIMUA,ICOM3,0,87.2,FINESTEERING,2427,544643.086,00000000,0000,797;2427,544643.085970000,1a1d0083,1167448,270858,-517691,-19374,3769,-18436*69d5d873
#INSPVAXA,ICOM3,0,87.2,FINESTEERING,2427,544643.100,00000000,0055,797;WAITING_AZIMUTH,NONE,0.00000000000,0.00000000000,0.0000,0.0000,0.0000,0.0000,0.0000,0.000000000,0.000000000,-0.000000000,0.0000,0.0000,0.0000,0.0000,0.0000,0.0000,0.0000,0.0000,0.0000,00000000,17*798972b4
#RAWIMUA,ICOM3,0,87.2,FINESTEERING,2427,544643.096,00000000,0000,797;2427,544643.095994000,1a210084,1169375,270405,-519754,-18948,-5479,-11677*ed1c8e68
#INSPVAXA,ICOM3,0,87.2,FINESTEERING,2427,544643.110,00000000,005f,797;WAITING_AZIMUTH,NONE,0.00000000000,0.00000000000,0.0000,0.0000,0.0000,0.0000,0.0000,0.000000000,0.000000000,-0.000000000,0.0000,0.0000,0.0000,0.0000,0.0000,0.0000,0.0000,0.0000,0.0000,00000000,17*c3209d02
#RAWIMUA,ICOM3,0,87.2,FINESTEERING,2427,544643.106,00000000,0000,797;2427,544643.106054000,1a200085,1169010,270114,-519422,-20882,1069,-13817*753e7af2
#INSPVAXA,ICOM3,0,87.2,FINESTEERING,2427,544643.120,00000000,006a,797;WAITING_AZIMUTH,NONE,0.00000000000,0.00000000000,0.0000,0.0000,0.0000,0.0000,0.0000,0.000000000,0.000000000,-0.000000000,0.0000,0.0000,0.0000,0.0000,0.0000,0.0000,0.0000,0.0000,0.0000,00000000,17*44d95c80
#RAWIMUA,ICOM3,0,87.2,FINESTEERING,2427,544643.116,00000000,0000,797;2427,544643.116104000,1a1d0086,1169925,270936,-519039,-20128,-1037,-14713*553cc935
#INSPVAXA,ICOM3,0,87.2,FINESTEERING,2427,544643.130,00000000,0074,797;WAITING_AZIMUTH,NONE,0.00000000000,0.00000000000,0.0000,0.0000,0.0000,0.0000,0.0000,0.000000000,0.000000000,-0.000000000,0.0000,0.0000,0.0000,0.0000,0.0000,0.0000,0.0000,0.0000,0.0000,00000000,17*fb273cb4
#RAWIMUA,ICOM3,0,87.2,FINESTEERING,2427,544643.126,00000000,0000,797;2427,544643.126083000,1a190087,1168772,271629,-518751,-19899,-1366,1481*1a297983
#INSPVAXA,ICOM3,0,87.2,FINESTEERING,2427,544643.140,00000000,007e,797;WAITING_AZIMUTH,NONE,0.00000000000,0.00000000000,0.0000,0.0000,0.0000,0.0000,0.0000,0.000000000,0.000000000,-0.000000000,0.0000,0.0000,0.0000,0.0000,0.0000,0.0000,0.0000,0.0000,0.0000,00000000,17*4d62315c
#RAWIMUA,ICOM3,0,87.2,FINESTEERING,2427,544643.136,00000000,0000,797;2427,544643.136055000,1a210088,1168403,270526,-517917,-27210,-220,-3151*d8586b4e
#INSPVAXA,ICOM3,0,87.2,FINESTEERING,2427,544643.150,00000000,0088,797;WAITING_AZIMUTH,NONE,0.00000000000,0.00000000000,0.0000,0.0000,0.0000,0.0000,0.0000,0.000000000,0.000000000,-0.000000000,0.0000,0.0000,0.0000,0.0000,0.0000,0.0000,0.0000,0.0000,0.0000,00000000,17*98fc222a
#RAWIMUA,ICOM3,0,87.2,FINESTEERING,2427,544643.146,00000000,0000,797;2427,544643.146034000,1a240089,1169888,270025,-518503,-28620,-4993,1098*3ab6847d
#INSPVAXA,ICOM3,0,87.2,FINESTEERING,2427,544643.160,00000000,0092,797;WAITING_AZIMUTH,NONE,0.00000000000,0.00000000000,0.0000,0.0000,0.0000,0.0000,0.0000,0.000000000,0.000000000,-0.000000000,0.0000,0.0000,0.0000,0.0000,0.0000,0.0000,0.0000,0.0000,0.0000,00000000,17*cb2d0705
#RAWIMUA,ICOM3,0,87.2,FINESTEERING,2427,544643.156,00000000,0000,797;2427,544643.156023000,1a1b008a,1170662,268371,-517008,-17702,3639,-10058*044ee0a8
#INSPVAXA,ICOM3,0,87.2,FINESTEERING,2427,544643.170,00000000,009c,797;WAITING_AZIMUTH,NONE,0.00000000000,0.00000000000,0.0000,0.0000,0.0000,0.0000,0.0000,0.000000000,0.000000000,-0.000000000,0.0000,0.0000,0.0000,0.0000,0.0000,0.0000,0.0000,0.0000,0.0000,00000000,17*17fa19a0
#RAWIMUA,ICOM3,0,87.2,FINESTEERING,2427,544643.166,00000000,0000,797;2427,544643.166016000,1a15008b,1170381,268355,-518452,-21046,-2683,-20732*432c2b35
#INSPVAXA,ICOM3,0,87.2,FINESTEERING,2427,544643.180,00000000,00a6,797;WAITING_AZIMUTH,NONE,0.00000000000,0.00000000000,0.0000,0.0000,0.0000,0.0000,0.0000,0.000000000,0.000000000,-0.000000000,0.0000,0.0000,0.0000,0.0000,0.0000,0.0000,0.0000,0.0000,0.0000,00000000,17*36ec9779
#RAWIMUA,ICOM3,0,87.2,FINESTEERING,2427,544643.176,00000000,0000,797;2427,544643.176008000,1a1c008c,1170232,271774,-520164,-20489,4821,-34825*f7e1f1f6
#INSPVAXA,ICOM3,0,87.2,FINESTEERING,2427,544643.190,00000000,00b0,797;WAITING_AZIMUTH,NONE,0.00000000000,0.00000000000,0.0000,0.0000,0.0000,0.0000,0.0000,0.000000000,0.000000000,-0.000000000,0.0000,0.0000,0.0000,0.0000,0.0000,0.0000,0.0000,0.0000,0.0000,00000000,17*49e35c69
#RAWIMUA,ICOM3,0,87.2,FINESTEERING,2427,544643.186,00000000,0000,797;2427,544643.186001000,1a1d008d,1165641,271189,-517628,-22358,8045,-22854*ad6d6d4a
#INSPVAXA,ICOM3,0,87.2,FINESTEERING,2427,544643.200,00000000,00ba,797;WAITING_AZIMUTH,NONE,0.00000000000,0.00000000000,0.0000,0.0000,0.0000,0.0000,0.0000,0.000000000,0.000000000,-0.000000000,0.0000,0.0000,0.0000,0.0000,0.0000,0.0000,0.0000,0.0000,0.0000,00000000,17*08f051bf
#RAWIMUA,ICOM3,0,87.2,FINESTEERING,2427,544643.196,00000000,0000,797;2427,544643.196024000,1a1a008e,1169859,269758,-518960,-23505,3075,-7732*3ee206d5
#INSPVAXA,ICOM3,0,87.2,FINESTEERING,2427,544643.210,00000000,00c4,797;WAITING_AZIMUTH,NONE,0.00000000000,0.00000000000,0.0000,0.0000,0.0000,0.0000,0.0000,0.000000000,0.000000000,-0.000000000,0.0000,0.0000,0.0000,0.0000,0.0000,0.0000,0.0000,0.0000,0.0000,00000000,17*b70e318b
#RAWIMUA,ICOM3,0,87.2,FINESTEERING,2427,544643.206,00000000,0000,797;2427,544643.206030000,1a1c008f,1168876,269365,-519118,-21669,6664,-7452*29957949
#INSPVAXA,ICOM3,0,87.2,FINESTEERING,2427,544643.220,00000000,00ce,797;WAITING_AZIMUTH,NONE,0.00000000000,0.00000000000,0.0000,0.0000,0.0000,0.0000,0.0000,0.000000000,0.000000000,-0.000000000,0.0000,0.0000,0.0000,0.0000,0.0000,0.0000,0.0000,0.0000,0.0000,00000000,17*4da8de15
#RAWIMUA,ICOM3,0,87.2,FINESTEERING,2427,544643.216,00000000,0000,797;2427,544643.216059000,1a1c0090,1169524,270585,-518313,-9538,3678,-14158*89da5902
$GPGGA,071705.20,3109.8268698,N,12127.2280436,E,4,34,0.6,6.030,M,11.031,M,1.200,1793*4E
#BESTGNSSPOSA,ICOM3,0,88.3,FINESTEERING,2427,544643.200,03e1c002,0000,797;SOL_COMPUTED,NARROW_INT,31.16378116355,121.45380072714,6.0295,11.0314,WGS84,0.0123,0.0104,0.0237,"1793",1.200,0.018,42,34,34,34,00,00,30,37*6dcb0bd2
#INSPVAXA,ICOM3,0,88.3,FINESTEERING,2427,544643.230,00000000,00d8,797;WAITING_AZIMUTH,NONE,0.00000000000,0.00000000000,0.0000,0.0000,0.0000,0.0000,0.0000,0.000000000,0.000000000,-0.000000000,0.0000,0.0000,0.0000,0.0000,0.0000,0.0000,0.0000,0.0000,0.0000,00000000,17*dccfa062
#HEADINGA,ICOM3,0,88.3,FINESTEERING,2427,544643.200,00000000,0000,797;SOL_COMPUTED,NONE,0.000000000,0.000000000,0.000000000,0.0,0.000000000,0.000000000,"1793",0,0,0,0,0,00,30,37*94ece090
$GPGSV,2,1,07,10,00,000,26,13,00,000,40,15,39,058,40,18,48,218,45*76
$GPGSV,2,2,07,20,13,068,37,24,67,047,45,32,11,272,39,,,,*4D
$GLGSV,3,1,09,70,17,072,43,72,24,306,40,73,49,099,47,74,27,160,37*60
$GLGSV,3,2,09,85,00,000,24,86,37,244,47,87,33,295,47,90,00,000,37*62
$GLGSV,3,3,09,91,00,000,36,,,,,,,,,,,,*51
$GAGSV,2,1,06,03,25,266,46,11,07,161,35,16,17,127,40,31,14,073,37*68
$GAGSV,2,2,06,34,55,287,46,36,49,190,47,,,,,,,,*65
$GQGSV,1,1,03,02,00,000,31,03,43,170,44,07,53,169,38,,,,*4D
$GBGSV,5,1,17,01,48,147,49,02,35,243,45,03,55,202,49,04,37,120,43*61
$GBGSV,5,2,17,06,70,042,43,07,58,191,49,10,47,193,45,11,24,268,41*63
$GBGSV,5,3,17,12,13,296,40,20,29,306,45,23,49,086,49,27,00,000,25*63
$GBGSV,5,4,17,29,16,290,45,30,22,238,45,32,00,000,36,37,40,166,45*65
$GBGSV,5,5,17,41,22,086,43,,,,,,,,,,,,*51
$GPGSA,M,3,15,18,20,24,32,,,,,,,,1.3,0.6,1.1,1*2F
#RAWIMUA,ICOM3,0,88.3,FINESTEERING,2427,544643.226,00000000,0000,797;2427,544643.226039000,1a190091,1169549,270561,-517558,-25702,-7130,-11819*531191f5
#INSPVAXA,ICOM3,0,88.3,FINESTEERING,2427,544643.240,00000000,00e2,797;WAITING_AZIMUTH,NONE,0.00000000000,0.00000000000,0.0000,0.0000,0.0000,0.0000,0.0000,0.000000000,0.000000000,-0.000000000,0.0000,0.0000,0.0000,0.0000,0.0000,0.0000,0.0000,0.0000,0.0000,00000000,17*c3fd673b
#RAWIMUA,ICOM3,0,88.3,FINESTEERING,2427,544643.236,00000000,0000,797;2427,544643.236024000,1a1e0092,1167989,271199,-519237,-22980,14,-16122*712a33c8
#INSPVAXA,ICOM3,0,88.3,FINESTEERING,2427,544643.250,00000000,00ec,797;WAITING_AZIMUTH,NONE,0.00000000000,0.00000000000,0.0000,0.0000,0.0000,0.0000,0.0000,0.000000000,0.000000000,-0.000000000,0.0000,0.0000,0.0000,0.0000,0.0000,0.0000,0.0000,0.0000,0.0000,00000000,17*1f2a799e
#RAWIMUA,ICOM3,0,88.3,FINESTEERING,2427,544643.246,00000000,0000,797;2427,544643.246016000,1a230093,1169730,270051,-519160,-10029,-1523,-21475*aeebb535
#INSPVAXA,ICOM3,0,88.3,FINESTEERING,2427,544643.260,00000000,00f6,797;WAITING_AZIMUTH,NONE,0.00000000000,0.00000000000,0.0000,0.0000,0.0000,0.0000,0.0000,0.000000000,0.000000000,-0.000000000,0.0000,0.0000,0.0000,0.0000,0.0000,0.0000,0.0000,0.0000,0.0000,00000000,17*027dd7be
#RAWIMUA,ICOM3,0,88.3,FINESTEERING,2427,544643.256,00000000,0000,797;2427,544643.256009000,1a220094,1170440,269671,-517942,-18095,2717,-25995*618a51ae
#INSPVAXA,ICOM3,0,88.3,FINESTEERING,2427,544643.270,00000000,0100,797;WAITING_AZIMUTH,NONE,0.00000000000,0.00000000000,0.0000,0.0000,0.0000,0.0000,0.0000,0.000000000,0.000000000,-0.000000000,0.0000,0.0000,0.0000,0.0000,0.0000,0.0000,0.0000,0.0000,0.0000,00000000,17*e9575931
#RAWIMUA,ICOM3,0,88.3,FINESTEERING,2427,544643.266,00000000,0000,797;2427,544643.266000000,1a220095,1168131,269785,-516924,-23374,1297,-25348*81df9918
#INSPVAXA,ICOM3,0,88.3,FINESTEERING,2427,544643.280,00000000,010a,797;WAITING_AZIMUTH,NONE,0.00000000000,0.00000000000,0.0000,0.0000,0.0000,0.0000,0.0000,0.000000000,0.000000000,-0.000000000,0.0000,0.0000,0.0000,0.0000,0.0000,0.0000,0.0000,0.0000,0.0000,00000000,17*c6d59035
#RAWIMUA,ICOM3,0,88.3,FINESTEERING,2427,544643.276,00000000,0000,797;2427,544643.276023000,1a240096,1169856,270678,-518708,-16882,4034,-17151*88fece02
#INSPVAXA,ICOM3,0,88.3,FINESTEERING,2427,544643.290,00000000,0114,797;WAITING_AZIMUTH,NONE,0.00000000000,0.00000000000,0.0000,0.0000,0.0000,0.0000,0.0000,0.000000000,0.000000000,-0.000000000,0.0000,0.0000,0.0000,0.0000,0.0000,0.0000,0.0000,0.0000,0.0000,00000000,17*792bf001
#RAWIMUA,ICOM3,0,88.3,FINESTEERING,2427,544643.286,00000000,0000,797;2427,544643.286016000,1a220097,1170532,270104,-517291,-16357,447,-17725*0406a302
#INSPVAXA,ICOM3,0,88.3,FINESTEERING,2427,544643.300,00000000,011e,797;WAITING_AZIMUTH,NONE,0.00000000000,0.00000000000,0.0000,0.0000,0.0000,0.0000,0.0000,0.000000000,0.000000000,-0.000000000,0.0000,0.0000,0.0000,0.0000,0.0000,0.0000,0.0000,0.0000,0.0000,00000000,17*89156502
#RAWIMUA,ICOM3,0,88.3,FINESTEERING,2427,544643.296,00000000,0000,797;2427,544643.296008000,1a1d0098,1167180,270635,-517163,-21472,5314,-19481*7bff0cfa
#INSPVAXA,ICOM3,0,88.3,FINESTEERING,2427,544643.310,00000000,0128,797;WAITING_AZIMUTH,NONE,0.00000000000,0.00000000000,0.0000,0.0000,0.0000,0.0000,0.0000,0.000000000,0.000000000,-0.000000000,0.0000,0.0000,0.0000,0.0000,0.0000,0.0000,0.0000,0.0000,0.0000,00000000,17*f0b9f814
#RAWIMUA,ICOM3,0,88.3,FINESTEERING,2427,544643.306,00000000,0000,797;2427,544643.306027000,1a1a0099,1168544,270973,-518841,-21308,3438,-21756*869a8294
#INSPVAXA,ICOM3,0,88.3,FINESTEERING,2427,544643.320,00000000,0132,797;WAITING_AZIMUTH,NONE,0.00000000000,0.00000000000,0.0000,0.0000,0.0000,0.0000,0.0000,0.000000000,0.000000000,-0.000000000,0.0000,0.0000,0.0000,0.0000,0.0000,0.0000,0.0000,0.0000,0.0000,00000000,17*a368dd3b
#RAWIMUA,ICOM3,0,88.3,FINESTEERING,2427,544643.316,00000000,0000,797;2427,544643.316094000,1a1c009a,1168941,270412,-519163,-18456,380,-6328*28f2045a
#INSPVAXA,ICOM3,0,88.3,FINESTEERING,2427,544643.330,00000000,013c,797;WAITING_AZIMUTH,NONE,0.00000000000,0.00000000000,0.0000,0.0000,0.0000,0.0000,0.0000,0.000000000,0.000000000,-0.000000000,0.0000,0.0000,0.0000,0.0000,0.0000,0.0000,0.0000,0.0000,0.0000,00000000,17*7fbfc39e
#RAWIMUA,ICOM3,0,88.3,FINESTEERING,2427,544643.326,00000000,0000,797;2427,544643.326020000,1a22009b,1170754,269616,-519779,-17308,-1199,-10210*1db157fe
#INSPVAXA,ICOM3,0,88.3,FINESTEERING,2427,544643.340,00000000,0146,797;WAITING_AZIMUTH,NONE,0.00000000000,0.00000000000,0.0000,0.0000,0.0000,0.0000,0.0000,0.000000000,0.000000000,-0.000000000,0.0000,0.0000,0.0000,0.0000,0.0000,0.0000,0.0000,0.0000,0.0000,00000000,17*fccaf7d7
#RAWIMUA,ICOM3,0,88.3,FINESTEERING,2427,544643.336,00000000,0000,797;2427,544643.336011000,1a20009c,1168341,268722,-518126,-21833,-2980,-8152*8539b60e
#INSPVAXA,ICOM3,0,88.3,FINESTEERING,2427,544643.350,00000000,0150,797;WAITING_AZIMUTH,NONE,0.00000000000,0.00000000000,0.0000,0.0000,0.0000,0.0000,0.0000,0.000000000,0.000000000,-0.000000000,0.0000,0.0000,0.0000,0.0000,0.0000,0.0000,0.0000,0.0000,0.0000,00000000,17*071d03e8
#RAWIMUA,ICOM3,0,88.3,FINESTEERING,2427,544643.346,00000000,0000,797;2427,544643.346004000,1a1b009d,1168863,270329,-517883,-26521,2875,-1953*f901babd
#INSPVAXA,ICOM3,0,88.3,FINESTEERING,2427,544643.360,00000000,015a,797;WAITING_AZIMUTH,NONE,0.00000000000,0.00000000000,0.0000,0.0000,0.0000,0.0000,0.0000,0.000000000,0.000000000,-0.000000000,0.0000,0.0000,0.0000,0.0000,0.0000,0.0000,0.0000,0.0000,0.0000,00000000,17*fdbbec76
#RAWIMUA,ICOM3,0,88.3,FINESTEERING,2427,544643.356,00000000,0000,797;2427,544643.355996000,1a1c009e,1169669,268802,-519539,-18685,3835,-8776*7cc01eb2
#INSPVAXA,ICOM3,0,88.3,FINESTEERING,2427,544643.370,00000000,0163,797;WAITING_AZIMUTH,NONE,0.00000000000,0.00000000000,0.0000,0.0000,0.0000,0.0000,0.0000,0.000000000,0.000000000,-0.000000000,0.0000,0.0000,0.0000,0.0000,0.0000,0.0000,0.0000,0.0000,0.0000,00000000,17*b2995bf1
#RAWIMUA,ICOM3,0,88.3,FINESTEERING,2427,544643.366,00000000,0000,797;2427,544643.366019000,1a1d009f,1169750,270163,-517980,-20947,2846,-20674*0d2be5b6
#INSPVAXA,ICOM3,0,88.3,FINESTEERING,2427,544643.380,00000000,016e,797;WAITING_AZIMUTH,NONE,0.00000000000,0.00000000000,0.0000,0.0000,0.0000,0.0000,0.0000,0.000000000,0.000000000,-0.000000000,0.0000,0.0000,0.0000,0.0000,0.0000,0.0000,0.0000,0.0000,0.0000,00000000,17*e91f7a69
#RAWIMUA,ICOM3,0,88.3,FINESTEERING,2427,544643.376,00000000,0000,797;2427,544643.376012000,1a1d00a0,1169991,269987,-518995,-15144,4793,-26870*06fa76f7
#INSPVAXA,ICOM3,0,88.3,FINESTEERING,2427,544643.390,00000000,0178,797;WAITING_AZIMUTH,NONE,0.00000000000,0.00000000000,0.0000,0.0000,0.0000,0.0000,0.0000,0.000000000,0.000000000,-0.000000000,0.0000,0.0000,0.0000,0.0000,0.0000,0.0000,0.0000,0.0000,0.0000,00000000,17*146bd850
#RAWIMUA,ICOM3,0,88.3,FINESTEERING,2427,544643.386,00000000,0000,797;2427,544643.386004000,1a2200a1,1169094,271407,-518059,-19406,-3340,-22737*c20c4bae
#INSPVAXA,ICOM3,0,88.3,FINESTEERING,2427,544643.400,00000000,0182,797;WAITING_AZIMUTH,NONE,0.00000000000,0.00000000000,0.0000,0.0000,0.0000,0.0000,0.0000,0.000000000,0.000000000,-0.000000000,0.0000,0.0000,0.0000,0.0000,0.0000,0.0000,0.0000,0.0000,0.0000,00000000,17*6dcf9993
#RAWIMUA,ICOM3,0,88.3,FINESTEERING,2427,544643.396,00000000,0000,797;2427,544643.395997000,1a2200a2,1168119,269892,-518993,-20849,-5612,-13583*19b35012
#INSPVAXA,ICOM3,0,88.3,FINESTEERING,2427,544643.410,00000000,018b,797;WAITING_AZIMUTH,NONE,0.00000000000,0.00000000000,0.0000,0.0000,0.0000,0.0000,0.0000,0.000000000,0.000000000,-0.000000000,0.0000,0.0000,0.0000,0.0000,0.0000,0.0000,0.0000,0.0000,0.0000,00000000,17*6f9f7c9f
#RAWIMUA,ICOM3,0,88.3,FINESTEERING,2427,544643.406,00000000,0000,797;2427,544643.406044000,1a1d00a3,1168476,269896,-518599,-24029,-5944,-10203*65538e67
#INSPVAXA,ICOM3,0,88.3,FINESTEERING,2427,544643.420,00000000,0196,797;WAITING_AZIMUTH,NONE,0.00000000000,0.00000000000,0.0000,0.0000,0.0000,0.0000,0.0000,0.000000000,0.000000000,-0.000000000,0.0000,0.0000,0.0000,0.0000,0.0000,0.0000,0.0000,0.0000,0.0000,00000000,17*28971639
#RAWIMUA,ICOM3,0,88.3,FINESTEERING,2427,544643.416,00000000,0000,797;2427,544643.416089000,1a1f00a4,1168924,270530,-517524,-16915,3146,-22083*a781afeb
$GPGGA,071705.40,3109.8268695,N,12127.2280426,E,4,34,0.6,6.031,M,11.031,M,1.400,1793*43
#BESTGNSSPOSA,ICOM3,0,88.3,FINESTEERING,2427,544643.400,03e1c002,0000,797;SOL_COMPUTED,NARROW_INT,31.16378115844,121.45380071025,6.0309,11.0314,WGS84,0.0129,0.0110,0.0244,"1793",1.400,0.015,42,34,34,34,00,00,30,37*61d388fa
#HEADINGA,ICOM3,0,88.3,FINESTEERING,2427,544643.400,00000000,0000,797;SOL_COMPUTED,NONE,0.000000000,0.000000000,0.000000000,0.0,0.000000000,0.000000000,"1793",0,0,0,0,0,00,30,37*a247aa58
$GPGSV,2,1,07,10,00,000,27,13,00,000,40,15,39,058,40,18,48,218,45*77
$GPGSV,2,2,07,20,13,068,37,24,67,047,45,32,11,272,39,,,,*4D
$GLGSV,3,1,09,70,17,072,43,72,24,306,40,73,49,099,47,74,27,160,37*60
$GLGSV,3,2,09,85,00,000,29,86,37,244,47,87,33,295,47,90,00,000,37*6F
$GLGSV,3,3,09,91,00,000,36,,,,,,,,,,,,*51
$GAGSV,2,1,06,03,25,266,46,11,07,161,35,16,17,127,40,31,14,073,37*68
$GAGSV,2,2,06,34,55,287,46,36,49,190,46,,,,,,,,*64
$GQGSV,1,1,03,02,00,000,31,03,43,170,44,07,53,169,38,,,,*4D
$GBGSV,5,1,17,01,48,147,48,02,35,243,45,03,55,202,49,04,37,120,43*60
$GBGSV,5,2,17,06,70,042,43,07,58,191,49,10,47,193,45,11,24,268,41*63
$GBGSV,5,3,17,12,13,296,40,20,29,306,45,23,49,086,49,27,00,000,25*63
$GBGSV,5,4,17,29,16,290,45,30,22,238,45,32,00,000,36,37,40,166,45*65
$GBGSV,5,5,17,41,22,086,43,,,,,,,,,,,,*51
$GPGSA,M,3,15,18,20,24,32,,,,,,,,1.3,0.6,1.1,1*2F
#INSPVAXA,ICOM3,0,88.3,FINESTEERING,2427,544643.430,00000000,01a0,797;WAITING_AZIMUTH,NONE,0.00000000000,0.00000000000,0.0000,0.0000,0.0000,0.0000,0.0000,0.000000000,0.000000000,-0.000000000,0.0000,0.0000,0.0000,0.0000,0.0000,0.0000,0.0000,0.0000,0.0000,00000000,17*befddb4a
#RAWIMUA,ICOM3,0,88.3,FINESTEERING,2427,544643.426,00000000,0000,797;2427,544643.426008000,1a2300a5,1169156,270560,-517689,-13931,-1032,-24431*dc7129d1
#INSPVAXA,ICOM3,0,88.3,FINESTEERING,2427,544643.440,00000000,01aa,797;WAITING_AZIMUTH,NONE,0.00000000000,0.00000000000,0.0000,0.0000,0.0000,0.0000,0.0000,0.000000000,0.000000000,-0.000000000,0.0000,0.0000,0.0000,0.0000,0.0000,0.0000,0.0000,0.0000,0.0000,00000000,17*08b8d6a2
#RAWIMUA,ICOM3,0,88.3,FINESTEERING,2427,544643.436,00000000,0000,797;2427,544643.435998000,1a2100a6,1170311,270912,-518219,-17538,-2911,-26676*f48a13be
#INSPVAXA,ICOM3,0,88.3,FINESTEERING,2427,544643.450,00000000,01b3,797;WAITING_AZIMUTH,NONE,0.00000000000,0.00000000000,0.0000,0.0000,0.0000,0.0000,0.0000,0.000000000,0.000000000,-0.000000000,0.0000,0.0000,0.0000,0.0000,0.0000,0.0000,0.0000,0.0000,0.0000,00000000,17*479a6125
#RAWIMUA,ICOM3,0,88.3,FINESTEERING,2427,544643.446,00000000,0000,797;2427,544643.446020000,1a2100a7,1169747,271018,-517662,-11341,3545,-27037*269b8b19
#INSPVAXA,ICOM3,0,88.3,FINESTEERING,2427,544643.460,00000000,01be,797;WAITING_AZIMUTH,NONE,0.00000000000,0.00000000000,0.0000,0.0000,0.0000,0.0000,0.0000,0.000000000,0.000000000,-0.000000000,0.0000,0.0000,0.0000,0.0000,0.0000,0.0000,0.0000,0.0000,0.0000,00000000,17*c9386627
#RAWIMUA,ICOM3,0,88.3,FINESTEERING,2427,544643.456,00000000,0000,797;2427,544643.456012000,1a1c00a8,1168792,270498,-517425,-15800,7754,-34381*0b6b92df
#INSPVAXA,ICOM3,0,88.3,FINESTEERING,2427,544643.470,00000000,01c8,797;WAITING_AZIMUTH,NONE,0.00000000000,0.00000000000,0.0000,0.0000,0.0000,0.0000,0.0000,0.000000000,0.000000000,-0.000000000,0.0000,0.0000,0.0000,0.0000,0.0000,0.0000,0.0000,0.0000,0.0000,00000000,17*344cc41e
#RAWIMUA,ICOM3,0,88.3,FINESTEERING,2427,544643.466,00000000,0000,797;2427,544643.466006000,1a1c00a9,1169936,271022,-520090,-17308,-2088,-31797*dfc5ca77
#INSPVAXA,ICOM3,0,88.3,FINESTEERING,2427,544643.480,00000000,01d2,797;WAITING_AZIMUTH,NONE,0.00000000000,0.00000000000,0.0000,0.0000,0.0000,0.0000,0.0000,0.000000000,0.000000000,-0.000000000,0.0000,0.0000,0.0000,0.0000,0.0000,0.0000,0.0000,0.0000,0.0000,00000000,17*e4a0809b
#RAWIMUA,ICOM3,0,88.3,FINESTEERING,2427,544643.476,00000000,0000,797;2427,544643.475998000,1a1f00aa,1168099,271480,-520389,-17701,-1496,-19508*eedfb480
#INSPVAXA,ICOM3,0,88.3,FINESTEERING,2427,544643.490,00000000,01db,797;WAITING_AZIMUTH,NONE,0.00000000000,0.00000000000,0.0000,0.0000,0.0000,0.0000,0.0000,0.000000000,0.000000000,-0.000000000,0.0000,0.0000,0.0000,0.0000,0.0000,0.0000,0.0000,0.0000,0.0000,00000000,17*e6f06597
#RAWIMUA,ICOM3,0,88.3,FINESTEERING,2427,544643.486,00000000,0000,797;2427,544643.485991000,1a2000ab,1168575,268684,-518585,-25374,-3806,-5628*0e812ca8
#INSPVAXA,ICOM3,0,88.3,FINESTEERING,2427,544643.500,00000000,01e5,797;WAITING_AZIMUTH,NONE,0.00000000000,0.00000000000,0.0000,0.0000,0.0000,0.0000,0.0000,0.000000000,0.000000000,-0.000000000,0.0000,0.0000,0.0000,0.0000,0.0000,0.0000,0.0000,0.0000,0.0000,00000000,17*13997f16
#RAWIMUA,ICOM3,0,88.3,FINESTEERING,2427,544643.496,00000000,0000,797;2427,544643.496014000,1a2000ac,1168813,268544,-519338,-27505,5771,-10285*b499c5e4
#INSPVAXA,ICOM3,0,88.3,FINESTEERING,2427,544643.510,00000000,01f0,797;WAITING_AZIMUTH,NONE,0.00000000000,0.00000000000,0.0000,0.0000,0.0000,0.0000,0.0000,0.000000000,0.000000000,-0.000000000,0.0000,0.0000,0.0000,0.0000,0.0000,0.0000,0.0000,0.0000,0.0000,00000000,17*d46fbebc
#RAWIMUA,ICOM3,0,88.3,FINESTEERING,2427,544643.506,00000000,0000,797;2427,544643.506041000,1a1e00ad,1167273,269332,-516525,-24029,-316,-12149*3dc51565
#INSPVAXA,ICOM3,0,88.3,FINESTEERING,2427,544643.520,00000000,01fa,797;WAITING_AZIMUTH,NONE,0.00000000000,0.00000000000,0.0000,0.0000,0.0000,0.0000,0.0000,0.000000000,0.000000000,-0.000000000,0.0000,0.0000,0.0000,0.0000,0.0000,0.0000,0.0000,0.0000,0.0000,00000000,17*2ec95122
#RAWIMUA,ICOM3,0,88.3,FINESTEERING,2427,544643.516,00000000,0000,797;2427,544643.516072000,1a2300ae,1170335,269908,-517288,-15570,2851,-19094*41a1ccd4
#INSPVAXA,ICOM3,0,88.3,FINESTEERING,2427,544643.530,00000000,0204,797;WAITING_AZIMUTH,NONE,0.00000000000,0.00000000000,0.0000,0.0000,0.0000,0.0000,0.0000,0.000000000,0.000000000,-0.000000000,0.0000,0.0000,0.0000,0.0000,0.0000,0.0000,0.0000,0.0000,0.0000,00000000,17*2a9faec0
#RAWIMUA,ICOM3,0,88.3,FINESTEERING,2427,544643.526,00000000,0000,797;2427,544643.526001000,1a2300af,1170417,272474,-519057,-21570,377,-23806*9f7bec3f
#INSPVAXA,ICOM3,0,88.3,FINESTEERING,2427,544643.540,00000000,020e,797;WAITING_AZIMUTH,NONE,0.00000000000,0.00000000000,0.0000,0.0000,0.0000,0.0000,0.0000,0.000000000,0.000000000,-0.000000000,0.0000,0.0000,0.0000,0.0000,0.0000,0.0000,0.0000,0.0000,0.0000,00000000,17*9cdaa328
#RAWIMUA,ICOM3,0,88.3,FINESTEERING,2427,544643.536,00000000,0000,797;2427,544643.536016000,1a1e00b0,1168236,270923,-517627,-17341,3968,-21159*2427f950
#INSPVAXA,ICOM3,0,88.3,FINESTEERING,2427,544643.550,00000000,0218,797;WAITING_AZIMUTH,NONE,0.00000000000,0.00000000000,0.0000,0.0000,0.0000,0.0000,0.0000,0.000000000,0.000000000,-0.000000000,0.0000,0.0000,0.0000,0.0000,0.0000,0.0000,0.0000,0.0000,0.0000,00000000,17*61ae0111
#RAWIMUA,ICOM3,0,88.3,FINESTEERING,2427,544643.546,00000000,0000,797;2427,544643.546014000,1a2400b1,1169553,269901,-517977,-17177,-607,-14609*f6f1a2cf
#INSPVAXA,ICOM3,0,88.3,FINESTEERING,2427,544643.560,00000000,0222,797;WAITING_AZIMUTH,NONE,0.00000000000,0.00000000000,0.0000,0.0000,0.0000,0.0000,0.0000,0.000000000,0.000000000,-0.000000000,0.0000,0.0000,0.0000,0.0000,0.0000,0.0000,0.0000,0.0000,0.0000,00000000,17*b6a71b11
#RAWIMUA,ICOM3,0,88.3,FINESTEERING,2427,544643.556,00000000,0000,797;2427,544643.556002000,1a1d00b2,1171438,272077,-519283,-19669,4230,-25431*27599e0d
#INSPVAXA,ICOM3,0,88.3,FINESTEERING,2427,544643.570,00000000,022c,797;WAITING_AZIMUTH,NONE,0.00000000000,0.00000000000,0.0000,0.0000,0.0000,0.0000,0.0000,0.000000000,0.000000000,-0.000000000,0.0000,0.0000,0.0000,0.0000,0.0000,0.0000,0.0000,0.0000,0.0000,00000000,17*6a7005b4
#RAWIMUA,ICOM3,0,88.3,FINESTEERING,2427,544643.566,00000000,0000,797;2427,544643.565995000,1a1800b3,1168914,270013,-519684,-15931,-6662,-22651*48e22d31
#INSPVAXA,ICOM3,0,88.3,FINESTEERING,2427,544643.580,00000000,0235,797;WAITING_AZIMUTH,NONE,0.00000000000,0.00000000000,0.0000,0.0000,0.0000,0.0000,0.0000,0.000000000,0.000000000,-0.000000000,0.0000,0.0000,0.0000,0.0000,0.0000,0.0000,0.0000,0.0000,0.0000,00000000,17*9e22b89b
#RAWIMUA,ICOM3,0,88.3,FINESTEERING,2427,544643.576,00000000,0000,797;2427,544643.576019000,1a1a00b4,1169886,270878,-518415,-16587,-6827,-16673*a42dc572
#INSPVAXA,ICOM3,0,88.3,FINESTEERING,2427,544643.590,00000000,0240,797;WAITING_AZIMUTH,NONE,0.00000000000,0.00000000000,0.0000,0.0000,0.0000,0.0000,0.0000,0.000000000,0.000000000,-0.000000000,0.0000,0.0000,0.0000,0.0000,0.0000,0.0000,0.0000,0.0000,0.0000,00000000,17*8b15012e
#RAWIMUA,ICOM3,0,88.3,FINESTEERING,2427,544643.586,00000000,0000,797;2427,544643.586050000,1a2000b5,1170647,269234,-518889,-19341,-806,-12443*b14fed24
#INSPVAXA,ICOM3,0,88.3,FINESTEERING,2427,544643.600,00000000,024a,797;WAITING_AZIMUTH,NONE,0.00000000000,0.00000000000,0.0000,0.0000,0.0000,0.0000,0.0000,0.000000000,0.000000000,-0.000000000,0.0000,0.0000,0.0000,0.0000,0.0000,0.0000,0.0000,0.0000,0.0000,00000000,17*ca060cf8
#RAWIMUA,ICOM3,0,88.3,FINESTEERING,2427,544643.596,00000000,0000,797;2427,544643.596004000,1a1e00b6,1168577,267962,-518708,-21111,-215,-20359*83e2a05d
#INSPVAXA,ICOM3,0,88.3,FINESTEERING,2427,544643.610,00000000,0254,797;WAITING_AZIMUTH,NONE,0.00000000000,0.00000000000,0.0000,0.0000,0.0000,0.0000,0.0000,0.000000000,0.000000000,-0.000000000,0.0000,0.0000,0.0000,0.0000,0.0000,0.0000,0.0000,0.0000,0.0000,00000000,17*75f86ccc
#RAWIMUA,ICOM3,0,88.3,FINESTEERING,2427,544643.606,00000000,0000,797;2427,544643.606013000,1a1f00b7,1168441,269767,-518401,-22029,-2848,-19452*769895ed
#INSPVAXA,ICOM3,0,88.3,FINESTEERING,2427,544643.620,00000000,025e,797;WAITING_AZIMUTH,NONE,0.00000000000,0.00000000000,0.0000,0.0000,0.0000,0.0000,0.0000,0.000000000,0.000000000,-0.000000000,0.0000,0.0000,0.0000,0.0000,0.0000,0.0000,0.0000,0.0000,0.0000,00000000,17*8f5e8352
#RAWIMUA,ICOM3,0,88.3,FINESTEERING,2427,544643.616,00000000,0000,797;2427,544643.616036000,1a2500b8,1169907,272718,-520634,-23439,12850,-13076*6a389e90
$GPGGA,071705.60,3109.8268703,N,12127.2280432,E,4,34,0.6,6.034,M,11.031,M,0.600,1793*4C
#BESTGNSSPOSA,ICOM3,0,88.3,FINESTEERING,2427,544643.600,c3e1c002,0000,797;SOL_COMPUTED,NARROW_INT,31.16378117149,121.45380071994,6.0345,11.0314,WGS84,0.0135,0.0115,0.0250,"1793",0.600,0.017,42,34,34,34,00,00,30,37*84919b5f
#HEADINGA,ICOM3,0,88.3,FINESTEERING,2427,544643.600,00000000,0000,797;SOL_COMPUTED,NONE,0.000000000,0.000000000,0.000000000,0.0,0.000000000,0.000000000,"1793",0,0,0,0,0,00,30,37*06f191df
#INSPVAXA,ICOM3,0,88.3,FINESTEERING,2427,544643.630,00000000,0268,797;WAITING_AZIMUTH,NONE,0.00000000000,0.00000000000,0.0000,0.0000,0.0000,0.0000,0.0000,0.000000000,0.000000000,-0.000000000,0.0000,0.0000,0.0000,0.0000,0.0000,0.0000,0.0000,0.0000,0.0000,00000000,17*f6f21e44
$GPGSV,2,1,07,10,00,000,27,13,00,000,40,15,39,058,40,18,48,218,45*77
$GPGSV,2,2,07,20,13,068,37,24,67,047,45,32,11,272,39,,,,*4D
$GLGSV,3,1,09,70,17,072,43,72,24,306,40,73,49,099,47,74,27,160,37*60
$GLGSV,3,2,09,85,00,000,29,86,37,244,47,87,33,295,47,90,00,000,37*6F
$GLGSV,3,3,09,91,00,000,36,,,,,,,,,,,,*51
$GAGSV,2,1,06,03,25,266,46,11,07,161,35,16,17,127,40,31,14,073,37*68
$GAGSV,2,2,06,34,55,287,46,36,49,190,46,,,,,,,,*64
$GQGSV,1,1,03,02,00,000,31,03,43,170,44,07,53,169,38,,,,*4D
$GBGSV,5,1,17,01,48,147,48,02,35,243,45,03,55,202,49,04,37,120,43*60
$GBGSV,5,2,17,06,70,042,43,07,58,191,49,10,47,193,45,11,24,268,41*63
$GBGSV,5,3,17,12,13,296,40,20,29,306,45,23,49,086,49,27,00,000,25*63
$GBGSV,5,4,17,29,16,290,45,30,22,238,45,32,00,000,36,37,40,166,45*65
$GBGSV,5,5,17,41,22,086,43,,,,,,,,,,,,*51
$GPGSA,M,3,15,18,20,24,32,,,,,,,,1.3,0.6,1.1,1*2F
#RAWIMUA,ICOM3,0,88.3,FINESTEERING,2427,544643.626,00000000,0000,797;2427,544643.626019000,1a2600b9,1167350,272166,-517804,-33046,-356,-3352*9a1d1fa1
#INSPVAXA,ICOM3,0,88.3,FINESTEERING,2427,544643.640,00000000,0272,797;WAITING_AZIMUTH,NONE,0.00000000000,0.00000000000,0.0000,0.0000,0.0000,0.0000,0.0000,0.000000000,0.000000000,-0.000000000,0.0000,0.0000,0.0000,0.0000,0.0000,0.0000,0.0000,0.0000,0.0000,00000000,17*e9c0d91d
#RAWIMUA,ICOM3,0,88.3,FINESTEERING,2427,544643.636,00000000,0000,797;2427,544643.636002000,1a2400ba,1169049,269425,-516790,-24292,-4628,-2116*bf5244cd
#INSPVAXA,ICOM3,0,88.3,FINESTEERING,2427,544643.650,00000000,027c,797;WAITING_AZIMUTH,NONE,0.00000000000,0.00000000000,0.0000,0.0000,0.0000,0.0000,0.0000,0.000000000,0.000000000,-0.000000000,0.0000,0.0000,0.0000,0.0000,0.0000,0.0000,0.0000,0.0000,0.0000,00000000,17*3517c7b8
#RAWIMUA,ICOM3,0,88.3,FINESTEERING,2427,544643.646,00000000,0000,797;2427,544643.645993000,1a2200bb,1171541,269256,-519644,-20423,1069,-11253*eec47c41
#INSPVAXA,ICOM3,0,88.3,FINESTEERING,2427,544643.660,00000000,0285,797;WAITING_AZIMUTH,NONE,0.00000000000,0.00000000000,0.0000,0.0000,0.0000,0.0000,0.0000,0.000000000,0.000000000,-0.000000000,0.0000,0.0000,0.0000,0.0000,0.0000,0.0000,0.0000,0.0000,0.0000,00000000,17*3c8bed42
#RAWIMUA,ICOM3,0,88.3,FINESTEERING,2427,544643.656,00000000,0000,797;2427,544643.655986000,1a2100bc,1166861,270690,-518082,-14357,2851,-9730*0c6eb3a0
#INSPVAXA,ICOM3,0,88.3,FINESTEERING,2427,544643.670,00000000,028f,797;WAITING_AZIMUTH,NONE,0.00000000000,0.00000000000,0.0000,0.0000,0.0000,0.0000,0.0000,0.000000000,0.000000000,-0.000000000,0.0000,0.0000,0.0000,0.0000,0.0000,0.0000,0.0000,0.0000,0.0000,00000000,17*862202f4
#RAWIMUA,ICOM3,0,88.3,FINESTEERING,2427,544643.666,00000000,0000,797;2427,544643.666008000,1a1e00bd,1169647,271641,-517603,-26849,-8283,-9558*95c920ce
#INSPVAXA,ICOM3,0,88.3,FINESTEERING,2427,544643.680,00000000,029a,797;WAITING_AZIMUTH,NONE,0.00000000000,0.00000000000,0.0000,0.0000,0.0000,0.0000,0.0000,0.000000000,0.000000000,-0.000000000,0.0000,0.0000,0.0000,0.0000,0.0000,0.0000,0.0000,0.0000,0.0000,00000000,17*5027dac3
#RAWIMUA,ICOM3,0,88.3,FINESTEERING,2427,544643.676,00000000,0000,797;2427,544643.676001000,1a1b00be,1170177,269638,-517941,-20718,1662,-1856*a1060a53
#INSPVAXA,ICOM3,0,88.3,FINESTEERING,2427,544643.690,00000000,02a4,797;WAITING_AZIMUTH,NONE,0.00000000000,0.00000000000,0.0000,0.0000,0.0000,0.0000,0.0000,0.000000000,0.000000000,-0.000000000,0.0000,0.0000,0.0000,0.0000,0.0000,0.0000,0.0000,0.0000,0.0000,00000000,17*826483bb
#RAWIMUA,ICOM3,0,88.3,FINESTEERING,2427,544643.686,00000000,0000,797;2427,544643.685992000,1a1b00bf,1169719,269376,-518036,-18816,-3866,-17154*3a285590
#INSPVAXA,ICOM3,0,88.3,FINESTEERING,2427,544643.700,00000000,02ad,797;WAITING_AZIMUTH,NONE,0.00000000000,0.00000000000,0.0000,0.0000,0.0000,0.0000,0.0000,0.000000000,0.000000000,-0.000000000,0.0000,0.0000,0.0000,0.0000,0.0000,0.0000,0.0000,0.0000,0.0000,00000000,17*acdded11
#RAWIMUA,ICOM3,0,88.3,FINESTEERING,2427,544643.696,00000000,0000,797;2427,544643.695986000,1a1c00c0,1168604,271568,-518356,-14718,-2448,-14517*6f2895e6
#INSPVAXA,ICOM3,0,88.3,FINESTEERING,2427,544643.710,00000000,02b7,797;WAITING_AZIMUTH,NONE,0.00000000000,0.00000000000,0.0000,0.0000,0.0000,0.0000,0.0000,0.000000000,0.000000000,-0.000000000,0.0000,0.0000,0.0000,0.0000,0.0000,0.0000,0.0000,0.0000,0.0000,00000000,17*3d78a13f
#RAWIMUA,ICOM3,0,88.3,FINESTEERING,2427,544643.706,00000000,0000,797;2427,544643.706028000,1a1e00c1,1170090,270640,-519134,-24980,-711,-6205*eff05527
#INSPVAXA,ICOM3,0,88.3,FINESTEERING,2427,544643.720,00000000,02c2,797;WAITING_AZIMUTH,NONE,0.00000000000,0.00000000000,0.0000,0.0000,0.0000,0.0000,0.0000,0.000000000,0.000000000,-0.000000000,0.0000,0.0000,0.0000,0.0000,0.0000,0.0000,0.0000,0.0000,0.0000,00000000,17*5827ae81
#RAWIMUA,ICOM3,0,88.3,FINESTEERING,2427,544643.716,00000000,0000,797;2427,544643.716086000,1a1e00c2,1168972,270774,-519036,-20816,-3473,-8087*57407f1a
#INSPVAXA,ICOM3,0,88.3,FINESTEERING,2427,544643.730,00000000,02cc,797;WAITING_AZIMUTH,NONE,0.00000000000,0.00000000000,0.0000,0.0000,0.0000,0.0000,0.0000,0.000000000,0.000000000,-0.000000000,0.0000,0.0000,0.0000,0.0000,0.0000,0.0000,0.0000,0.0000,0.0000,00000000,17*84f0b024
#RAWIMUA,ICOM3,0,88.3,FINESTEERING,2427,544643.726,00000000,0000,797;2427,544643.725998000,1a1d00c3,1167525,270289,-518734,-23144,2186,-9575*677fede4
#INSPVAXA,ICOM3,0,88.3,FINESTEERING,2427,544643.740,00000000,02d5,797;WAITING_AZIMUTH,NONE,0.00000000000,0.00000000000,0.0000,0.0000,0.0000,0.0000,0.0000,0.000000000,0.000000000,-0.000000000,0.0000,0.0000,0.0000,0.0000,0.0000,0.0000,0.0000,0.0000,0.0000,00000000,17*bf7c8ed7
#RAWIMUA,ICOM3,0,88.3,FINESTEERING,2427,544643.736,00000000,0000,797;2427,544643.735988000,1a1e00c4,1169732,271160,-519468,-27341,-318,1613*2f2d5708
#INSPVAXA,ICOM3,0,88.3,FINESTEERING,2427,544643.750,00000000,02df,797;WAITING_AZIMUTH,NONE,0.00000000000,0.00000000000,0.0000,0.0000,0.0000,0.0000,0.0000,0.000000000,0.000000000,-0.000000000,0.0000,0.0000,0.0000,0.0000,0.0000,0.0000,0.0000,0.0000,0.0000,00000000,17*05d56161
#RAWIMUA,ICOM3,0,88.3,FINESTEERING,2427,544643.746,00000000,0000,797;2427,544643.746011000,1a2100c5,1168045,268330,-518121,-32423,-2132,1240*fc74cc90
#INSPVAXA,ICOM3,0,88.3,FINESTEERING,2427,544643.760,00000000,02ea,797;WAITING_AZIMUTH,NONE,0.00000000000,0.00000000000,0.0000,0.0000,0.0000,0.0000,0.0000,0.000000000,0.000000000,-0.000000000,0.0000,0.0000,0.0000,0.0000,0.0000,0.0000,0.0000,0.0000,0.0000,00000000,17*06f49fcc
#RAWIMUA,ICOM3,0,88.3,FINESTEERING,2427,544643.756,00000000,0000,797;2427,544643.756003000,1a2500c6,1170395,268114,-516677,-29144,5243,-9171*509b304e
#INSPVAXA,ICOM3,0,88.3,FINESTEERING,2427,544643.770,00000000,02f4,797;WAITING_AZIMUTH,NONE,0.00000000000,0.00000000000,0.0000,0.0000,0.0000,0.0000,0.0000,0.000000000,0.000000000,-0.000000000,0.0000,0.0000,0.0000,0.0000,0.0000,0.0000,0.0000,0.0000,0.0000,00000000,17*3dd2c0d7
#RAWIMUA,ICOM3,0,88.3,FINESTEERING,2427,544643.766,00000000,0000,797;2427,544643.765996000,1a2200c7,1171017,271187,-519830,-25472,-3707,-20410*2a827f4a
#INSPVAXA,ICOM3,0,88.3,FINESTEERING,2427,544643.780,00000000,02fd,797;WAITING_AZIMUTH,NONE,0.00000000000,0.00000000000,0.0000,0.0000,0.0000,0.0000,0.0000,0.000000000,0.000000000,-0.000000000,0.0000,0.0000,0.0000,0.0000,0.0000,0.0000,0.0000,0.0000,0.0000,00000000,17*ccd7f27a
#RAWIMUA,ICOM3,0,88.3,FINESTEERING,2427,544643.776,00000000,0000,797;2427,544643.775989000,1a1e00c8,1167367,270085,-519355,-18980,-3307,-12618*3074b653
#INSPVAXA,ICOM3,0,88.3,FINESTEERING,2427,544643.790,00000000,0307,797;WAITING_AZIMUTH,NONE,0.00000000000,0.00000000000,0.0000,0.0000,0.0000,0.0000,0.0000,0.000000000,0.000000000,-0.000000000,0.0000,0.0000,0.0000,0.0000,0.0000,0.0000,0.0000,0.0000,0.0000,00000000,17*c957fbcb
#RAWIMUA,ICOM3,0,88.3,FINESTEERING,2427,544643.786,00000000,0000,797;2427,544643.785981000,1a1c00c9,1169758,269826,-518763,-18882,2190,-7469*cfd7e7a3
#INSPVAXA,ICOM3,0,88.3,FINESTEERING,2427,544643.800,00000000,0311,797;WAITING_AZIMUTH,NONE,0.00000000000,0.00000000000,0.0000,0.0000,0.0000,0.0000,0.0000,0.000000000,0.000000000,-0.000000000,0.0000,0.0000,0.0000,0.0000,0.0000,0.0000,0.0000,0.0000,0.0000,00000000,17*bf4b42fb
#RAWIMUA,ICOM3,0,88.3,FINESTEERING,2427,544643.796,00000000,0000,797;2427,544643.796004000,1a1f00ca,1170277,270324,-518081,-28259,-3479,-18637*3798bad7
#INSPVAXA,ICOM3,0,88.3,FINESTEERING,2427,544643.810,00000000,031c,797;WAITING_AZIMUTH,NONE,0.00000000000,0.00000000000,0.0000,0.0000,0.0000,0.0000,0.0000,0.000000000,0.000000000,-0.000000000,0.0000,0.0000,0.0000,0.0000,0.0000,0.0000,0.0000,0.0000,0.0000,00000000,17*db6556e4
#RAWIMUA,ICOM3,0,88.3,FINESTEERING,2427,544643.806,00000000,0000,797;2427,544643.806025000,1a2400cb,1169253,270202,-517521,-12357,-2248,-29133*780a66f6
#INSPVAXA,ICOM3,0,88.3,FINESTEERING,2427,544643.820,00000000,0326,797;WAITING_AZIMUTH,NONE,0.00000000000,0.00000000000,0.0000,0.0000,0.0000,0.0000,0.0000,0.000000000,0.000000000,-0.000000000,0.0000,0.0000,0.0000,0.0000,0.0000,0.0000,0.0000,0.0000,0.0000,00000000,17*c632f8c4
#RAWIMUA,ICOM3,0,88.3,FINESTEERING,2427,544643.816,00000000,0000,797;2427,544643.816009000,1a2100cc,1168936,270516,-518672,-21078,5183,-22372*7e7efca2
$GPGGA,071705.80,3109.8268697,N,12127.2280431,E,4,34,0.6,6.036,M,11.031,M,0.800,1793*41
#BESTGNSSPOSA,ICOM3,0,88.3,FINESTEERING,2427,544643.800,03e1c002,0000,797;SOL_COMPUTED,NARROW_INT,31.16378116098,121.45380071769,6.0364,11.0314,WGS84,0.0141,0.0121,0.0256,"1793",0.800,0.016,42,34,34,34,00,00,30,37*0e07a954
#HEADINGA,ICOM3,0,88.3,FINESTEERING,2427,544643.800,00000000,0000,797;SOL_COMPUTED,NONE,0.000000000,0.000000000,0.000000000,0.0,0.000000000,0.000000000,"1793",0,0,0,0,0,00,30,37*cf113fc8
#INSPVAXA,ICOM3,0,88.3,FINESTEERING,2427,544643.830,00000000,0330,797;WAITING_AZIMUTH,NONE,0.00000000000,0.00000000000,0.0000,0.0000,0.0000,0.0000,0.0000,0.000000000,0.000000000,-0.000000000,0.0000,0.0000,0.0000,0.0000,0.0000,0.0000,0.0000,0.0000,0.0000,00000000,17*3de50cfb
$GPGSV,2,1,07,10,00,000,27,13,00,000,40,15,39,058,40,18,48,218,45*77
$GPGSV,2,2,07,20,13,068,37,24,67,047,45,32,11,272,39,,,,*4D
$GLGSV,3,1,09,70,17,072,43,72,24,306,40,73,49,099,47,74,27,160,37*60
$GLGSV,3,2,09,85,00,000,31,86,37,244,47,87,33,295,47,90,00,000,38*69
$GLGSV,3,3,09,91,00,000,36,,,,,,,,,,,,*51
$GAGSV,2,1,06,03,25,266,46,11,07,161,35,16,17,127,40,31,14,073,37*68
$GAGSV,2,2,06,34,55,287,46,36,49,190,46,,,,,,,,*64
$GQGSV,1,1,03,02,00,000,31,03,43,170,44,07,53,169,38,,,,*4D
$GBGSV,5,1,17,01,48,147,48,02,35,243,45,03,55,202,49,04,37,120,43*60
$GBGSV,5,2,17,06,70,042,43,07,58,191,49,10,47,193,45,11,24,268,41*63
$GBGSV,5,3,17,12,13,296,41,20,29,306,45,23,49,086,49,27,00,000,25*62
$GBGSV,5,4,17,29,16,290,45,30,22,238,45,32,00,000,36,37,40,166,45*65
$GBGSV,5,5,17,41,22,086,43,,,,,,,,,,,,*51
$GPGSA,M,3,15,18,20,24,32,,,,,,,,1.3,0.6,1.1,1*2F
#RAWIMUA,ICOM3,0,88.3,FINESTEERING,2427,544643.826,00000000,0000,797;2427,544643.825991000,1a1d00cd,1168203,269089,-517572,-15308,119,-36122*3e655f62
#INSPVAXA,ICOM3,0,88.3,FINESTEERING,2427,544643.840,00000000,0339,797;WAITING_AZIMUTH,NONE,0.00000000000,0.00000000000,0.0000,0.0000,0.0000,0.0000,0.0000,0.000000000,0.000000000,-0.000000000,0.0000,0.0000,0.0000,0.0000,0.0000,0.0000,0.0000,0.0000,0.0000,00000000,17*35fa5daf
#RAWIMUA,ICOM3,0,88.3,FINESTEERING,2427,544643.836,00000000,0000,797;2427,544643.836006000,1a1d00ce,1167964,271096,-516808,-12849,15557,-27806*e2aad9df
#INSPVAXA,ICOM3,0,88.3,FINESTEERING,2427,544643.850,00000000,0344,797;WAITING_AZIMUTH,NONE,0.00000000000,0.00000000000,0.0000,0.0000,0.0000,0.0000,0.0000,0.000000000,0.000000000,-0.000000000,0.0000,0.0000,0.0000,0.0000,0.0000,0.0000,0.0000,0.0000,0.0000,00000000,17*62472617
#RAWIMUA,ICOM3,0,88.3,FINESTEERING,2427,544643.846,00000000,0000,797;2427,544643.845998000,1a2200cf,1168112,271241,-518450,-16029,2916,-33679*5db68ff3
#INSPVAXA,ICOM3,0,88.3,FINESTEERING,2427,544643.860,00000000,034d,797;WAITING_AZIMUTH,NONE,0.00000000000,0.00000000000,0.0000,0.0000,0.0000,0.0000,0.0000,0.000000000,0.000000000,-0.000000000,0.0000,0.0000,0.0000,0.0000,0.0000,0.0000,0.0000,0.0000,0.0000,00000000,17*46663220
#RAWIMUA,ICOM3,0,88.3,FINESTEERING,2427,544643.856,00000000,0000,797;2427,544643.855990000,1a2600d0,1170125,271521,-519407,-16160,-3206,-16328*0d7c0669
#INSPVAXA,ICOM3,0,88.3,FINESTEERING,2427,544643.870,00000000,0357,797;WAITING_AZIMUTH,NONE,0.00000000000,0.00000000000,0.0000,0.0000,0.0000,0.0000,0.0000,0.000000000,0.000000000,-0.000000000,0.0000,0.0000,0.0000,0.0000,0.0000,0.0000,0.0000,0.0000,0.0000,00000000,17*531b4121
#RAWIMUA,ICOM3,0,88.3,FINESTEERING,2427,544643.866,00000000,0000,797;2427,544643.865983000,1a2500d1,1168771,270518,-518541,-16029,-441,-17170*770d30f5
#INSPVAXA,ICOM3,0,88.3,FINESTEERING,2427,544643.880,00000000,0361,797;WAITING_AZIMUTH,NONE,0.00000000000,0.00000000000,0.0000,0.0000,0.0000,0.0000,0.0000,0.000000000,0.000000000,-0.000000000,0.0000,0.0000,0.0000,0.0000,0.0000,0.0000,0.0000,0.0000,0.0000,00000000,17*df415d90
#RAWIMUA,ICOM3,0,88.3,FINESTEERING,2427,544643.876,00000000,0000,797;2427,544643.876004000,1a2100d2,1170540,270650,-518183,-22652,3405,-19490*b5dec515
#INSPVAXA,ICOM3,0,88.3,FINESTEERING,2427,544643.890,00000000,036c,797;WAITING_AZIMUTH,NONE,0.00000000000,0.00000000000,0.0000,0.0000,0.0000,0.0000,0.0000,0.000000000,0.000000000,-0.000000000,0.0000,0.0000,0.0000,0.0000,0.0000,0.0000,0.0000,0.0000,0.0000,00000000,17*bb6f498f
#RAWIMUA,ICOM3,0,88.3,FINESTEERING,2427,544643.886,00000000,0000,797;2427,544643.885997000,1a2200d3,1170620,270732,-519529,-24652,408,-24432*b6671641
#INSPVAXA,ICOM3,0,88.3,FINESTEERING,2427,544643.900,00000000,0375,797;WAITING_AZIMUTH,NONE,0.00000000000,0.00000000000,0.0000,0.0000,0.0000,0.0000,0.0000,0.000000000,0.000000000,-0.000000000,0.0000,0.0000,0.0000,0.0000,0.0000,0.0000,0.0000,0.0000,0.0000,00000000,17*9081a8a7
#RAWIMUA,ICOM3,0,88.3,FINESTEERING,2427,544643.896,00000000,0000,797;2427,544643.895989000,1a2700d4,1168358,272630,-520042,-19603,-477,-9486*a7e7b3ef
#INSPVAXA,ICOM3,0,88.3,FINESTEERING,2427,544643.910,00000000,037f,797;WAITING_AZIMUTH,NONE,0.00000000000,0.00000000000,0.0000,0.0000,0.0000,0.0000,0.0000,0.000000000,0.000000000,-0.000000000,0.0000,0.0000,0.0000,0.0000,0.0000,0.0000,0.0000,0.0000,0.0000,00000000,17*2a284711
#RAWIMUA,ICOM3,0,88.3,FINESTEERING,2427,544643.906,00000000,0000,797;2427,544643.906001000,1a2300d5,1169211,270207,-519883,-20521,839,-14540*07e3ee94
#INSPVAXA,ICOM3,0,88.3,FINESTEERING,2427,544643.920,00000000,038a,797;WAITING_AZIMUTH,NONE,0.00000000000,0.00000000000,0.0000,0.0000,0.0000,0.0000,0.0000,0.000000000,0.000000000,-0.000000000,0.0000,0.0000,0.0000,0.0000,0.0000,0.0000,0.0000,0.0000,0.0000,00000000,17*01e308f3
#RAWIMUA,ICOM3,0,88.3,FINESTEERING,2427,544643.916,00000000,0000,797;2427,544643.916080000,1a2300d6,1169183,269355,-517084,-14226,-1164,-11259*0a24c296
#INSPVAXA,ICOM3,0,88.3,FINESTEERING,2427,544643.930,00000000,0394,797;WAITING_AZIMUTH,NONE,0.00000000000,0.00000000000,0.0000,0.0000,0.0000,0.0000,0.0000,0.000000000,0.000000000,-0.000000000,0.0000,0.0000,0.0000,0.0000,0.0000,0.0000,0.0000,0.0000,0.0000,00000000,17*be1d68c7
#RAWIMUA,ICOM3,0,88.3,FINESTEERING,2427,544643.926,00000000,0000,797;2427,544643.926002000,1a1f00d7,1169595,271626,-518915,-21242,-511,-13593*72c91ca1
#INSPVAXA,ICOM3,0,88.3,FINESTEERING,2427,544643.940,00000000,039e,797;WAITING_AZIMUTH,NONE,0.00000000000,0.00000000000,0.0000,0.0000,0.0000,0.0000,0.0000,0.000000000,0.000000000,-0.000000000,0.0000,0.0000,0.0000,0.0000,0.0000,0.0000,0.0000,0.0000,0.0000,00000000,17*0858652f
#RAWIMUA,ICOM3,0,88.3,FINESTEERING,2427,544643.936,00000000,0000,797;2427,544643.935992000,1a2100d8,1169039,270445,-519131,-18128,3276,-15513*53469bbe
#INSPVAXA,ICOM3,0,88.3,FINESTEERING,2427,544643.950,00000000,03a7,797;WAITING_AZIMUTH,NONE,0.00000000000,0.00000000000,0.0000,0.0000,0.0000,0.0000,0.0000,0.000000000,0.000000000,-0.000000000,0.0000,0.0000,0.0000,0.0000,0.0000,0.0000,0.0000,0.0000,0.0000,00000000,17*ae1fd4cb
#RAWIMUA,ICOM3,0,88.3,FINESTEERING,2427,544643.946,00000000,0000,797;2427,544643.945984000,1a2200d9,1168477,270386,-518703,-20423,-445,-18192*e62f58fe
#INSPVAXA,ICOM3,0,88.3,FINESTEERING,2427,544643.960,00000000,03b1,797;WAITING_AZIMUTH,NONE,0.00000000000,0.00000000000,0.0000,0.0000,0.0000,0.0000,0.0000,0.000000000,0.000000000,-0.000000000,0.0000,0.0000,0.0000,0.0000,0.0000,0.0000,0.0000,0.0000,0.0000,00000000,17*f761eee0
#RAWIMUA,ICOM3,0,88.3,FINESTEERING,2427,544643.956,00000000,0000,797;2427,544643.955976000,1a2200da,1169297,270058,-518602,-17177,183,-11649*a2c7a966
#INSPVAXA,ICOM3,0,88.3,FINESTEERING,2427,544643.970,00000000,03bb,797;WAITING_AZIMUTH,NONE,0.00000000000,0.00000000000,0.0000,0.0000,0.0000,0.0000,0.0000,0.000000000,0.000000000,-0.000000000,0.0000,0.0000,0.0000,0.0000,0.0000,0.0000,0.0000,0.0000,0.0000,00000000,17*4dc80156
#RAWIMUA,ICOM3,0,88.3,FINESTEERING,2427,544643.966,00000000,0000,797;2427,544643.965999000,1a2000db,1168570,271046,-518219,-20718,3669,-16794*7f39256b
#INSPVAXA,ICOM3,0,88.3,FINESTEERING,2427,544643.980,00000000,03c5,797;WAITING_AZIMUTH,NONE,0.00000000000,0.00000000000,0.0000,0.0000,0.0000,0.0000,0.0000,0.000000000,0.000000000,-0.000000000,0.0000,0.0000,0.0000,0.0000,0.0000,0.0000,0.0000,0.0000,0.0000,00000000,17*671d47d0
#RAWIMUA,ICOM3,0,88.3,FINESTEERING,2427,544643.976,00000000,0000,797;2427,544643.975992000,1a2000dc,1167827,270804,-519397,-20456,-2419,-8707*4ba13db3
#INSPVAXA,ICOM3,0,88.3,FINESTEERING,2427,544643.990,00000000,03cf,797;WAITING_AZIMUTH,NONE,0.00000000000,0.00000000000,0.0000,0.0000,0.0000,0.0000,0.0000,0.000000000,0.000000000,-0.000000000,0.0000,0.0000,0.0000,0.0000,0.0000,0.0000,0.0000,0.0000,0.0000,00000000,17*ddb4a866
#RAWIMUA,ICOM3,0,88.3,FINESTEERING,2427,544643.986,00000000,0000,797;2427,544643.985984000,1a1f00dd,1168679,270838,-519201,-21144,8079,-8266*ad18438a
#INSPVAXA,ICOM3,0,88.3,FINESTEERING,2427,544644.000,00000000,03d9,797;WAITING_AZIMUTH,NONE,0.00000000000,0.00000000000,0.0000,0.0000,0.0000,0.0000,0.0000,0.000000000,0.000000000,-0.000000000,0.0000,0.0000,0.0000,0.0000,0.0000,0.0000,0.0000,0.0000,0.0000,00000000,18*ee8da07f
#INSCALSTATUSA,ICOM3,0,88.3,FINESTEERING,2427,544644.000,00000000,0000,797;RBV,0.0000,0.0000,0.0000,45.0000,45.0000,45.0000,CALIBRATED,0*c0234ce1
#RAWIMUA,ICOM3,0,88.3,FINESTEERING,2427,544643.996,00000000,0000,797;2427,544643.995977000,1a2100de,1168420,271029,-519662,-27865,2216,-3895*c897d37f
#INSPVAXA,ICOM3,0,88.3,FINESTEERING,2427,544644.010,00000000,0000,797;WAITING_AZIMUTH,NONE,0.00000000000,0.00000000000,0.0000,0.0000,0.0000,0.0000,0.0000,0.000000000,0.000000000,-0.000000000,0.0000,0.0000,0.0000,0.0000,0.0000,0.0000,0.0000,0.0000,0.0000,00000000,18*1ca4de28
#RAWIMUA,ICOM3,0,88.3,FINESTEERING,2427,544644.006,00000000,0000,797;2427,544644.006027723,1a2100df,1168603,271439,-518256,-27898,6231,4828*8604bfd1
#INSPVAXA,ICOM3,0,88.3,FINESTEERING,2427,544644.020,00000000,0006,797;WAITING_AZIMUTH,NONE,0.00000000000,0.00000000000,0.0000,0.0000,0.0000,0.0000,0.0000,0.000000000,0.000000000,-0.000000000,0.0000,0.0000,0.0000,0.0000,0.0000,0.0000,0.0000,0.0000,0.0000,00000000,18*6ed6479b
#RAWIMUA,ICOM3,0,88.3,FINESTEERING,2427,544644.016,00000000,0000,797;2427,544644.016027000,1a2400e0,1166924,271085,-517890,-22619,-874,-94*e9a1c5b6
#INSPVAXA,ICOM3,0,88.3,FINESTEERING,2427,544644.030,00000000,0010,797;WAITING_AZIMUTH,NONE,0.00000000000,0.00000000000,0.0000,0.0000,0.0000,0.0000,0.0000,0.000000000,0.000000000,-0.000000000,0.0000,0.0000,0.0000,0.0000,0.0000,0.0000,0.0000,0.0000,0.0000,00000000,18*9501b3a4
#RAWIMUA,ICOM3,0,88.3,FINESTEERING,2427,544644.026,00000000,0000,797;2427,544644.026043000,1a2600e1,1168524,268999,-516817,-25964,-7822,3125*3acffa1f
#BESTPOSA,ICOM3,0,88.3,FINESTEERING,2427,544644.000,03e1c002,0001,797;SOL_COMPUTED,NARROW_INT,31.16378114816,121.45380072337,6.0463,11.0314,WGS84,0.0117,0.0100,0.0231,"1793",1.000,0.022,42,34,34,34,00,00,30,37*22388ce1
$GPGGA,071706.00,3109.8268689,N,12127.2280434,E,4,34,0.6,6.046,M,11.031,M,1.000,1793*4E
#BESTGNSSPOSA,ICOM3,0,88.3,FINESTEERING,2427,544644.000,03e1c002,0001,797;SOL_COMPUTED,NARROW_INT,31.16378114816,121.45380072337,6.0463,11.0314,WGS84,0.0117,0.0100,0.0231,"1793",1.000,0.022,42,34,34,34,00,00,30,37*028c1a93
#HEADINGA,ICOM3,0,88.3,FINESTEERING,2427,544644.000,00000000,0000,797;SOL_COMPUTED,NONE,0.000000000,0.000000000,0.000000000,0.0,0.000000000,0.000000000,"1793",0,0,0,0,0,00,30,37*c794b9fb
$GPGSV,2,1,07,10,00,000,27,13,00,000,40,15,39,058,40,18,48,218,45*77
$GPGSV,2,2,07,20,13,068,37,24,67,047,45,32,11,272,39,,,,*4D
$GLGSV,3,1,09,70,17,072,43,72,24,306,39,73,49,099,47,74,27,160,37*6E
$GLGSV,3,2,09,85,00,000,31,86,37,244,47,87,33,295,47,90,00,000,38*69
$GLGSV,3,3,09,91,00,000,36,,,,,,,,,,,,*51
$GAGSV,2,1,06,03,25,266,46,11,07,161,35,16,17,127,40,31,14,073,37*68
$GAGSV,2,2,06,34,55,287,46,36,49,190,46,,,,,,,,*64
$GQGSV,1,1,03,02,00,000,31,03,43,170,44,07,53,169,38,,,,*4D
$GBGSV,5,1,17,01,48,147,48,02,35,243,46,03,55,202,49,04,37,120,43*63
$GBGSV,5,2,17,06,70,042,43,07,58,191,49,10,47,193,45,11,24,268,41*63
$GBGSV,5,3,17,12,13,296,41,20,29,306,44,23,49,086,49,27,00,000,25*63
$GBGSV,5,4,17,29,16,290,45,30,22,238,45,32,00,000,36,37,40,166,45*65
$GBGSV,5,5,17,41,22,086,43,,,,,,,,,,,,*51
#INSPVAXA,ICOM3,0,88.3,FINESTEERING,2427,544644.040,00000000,001a,797;WAITING_AZIMUTH,NONE,0.00000000000,0.00000000000,0.0000,0.0000,0.0000,0.0000,0.0000,0.000000000,0.000000000,-0.000000000,0.0000,0.0000,0.0000,0.0000,0.0000,0.0000,0.0000,0.0000,0.0000,00000000,18*2344be4c
$GPGSA,M,3,15,18,20,24,32,,,,,,,,1.3,0.6,1.1,1*2F
™D*  †H   ∞¥{	†õv ¿·     2   ì≥èÌ)?@9q0]^@Ú*'“d/@ÃÄ0A=   ∏˘?<Mj#<EΩ<1793  Ä?G≤<*"""  07>0Ï™D7 †0   ∞¥{	†õv                                           1793      073âïè#RAWIMUA,ICOM3,0,88.3,FINESTEERING,2427,544644.036,00000000,0000,797;2427,544644.036007000,1a2600e2,1170287,269069,-518985,-21931,5347,-11597*f09cffd8
#TRACKSTATA,ICOM3,0,88.3,FINESTEERING,2427,544644.000,00000000,0000,797;SOL_COMPUTED,NARROW_INT,0.0,107,10,0,00181444,23517502.197,2819.468,26.500,0.000,0.000,GOOD,0.000,10,0,01d81484,23517912.832,2105.631,28.750,1.700,0.000,GOOD,0.000,13,0,10181d44,23209816.547,2562.457,40.000,18.100,0.000,GOOD,0.000,15,0,00101f44,21735219.833,-2096.656,39.750,19.300,0.000,GOOD,0.000,15,0,12301f64,21735224.112,-1633.697,42.250,17.200,0.000,GOOD,0.000,18,0,00101cc4,21543871.028,-2311.469,45.000,18.100,0.000,GOOD,0.000,18,0,12301ce4,21543868.810,-1801.165,45.250,16.900,0.000,GOOD,0.000,18,0,01d01d04,21543890.703,-1726.149,47.250,16.700,0.000,GOOD,0.000,20,0,00101e44,24438805.009,-2493.760,37.000,6.800,0.000,GOOD,0.000,20,0,02301e64,24438808.005,-1943.046,38.500,12.300,0.000,GOOD,0.000,24,0,00101ec4,20196827.424,-1511.786,44.750,18.100,0.000,GOOD,0.000,24,0,02301ee4,20196828.618,-1177.958,42.750,16.300,0.000,GOOD,0.000,24,0,01d01f04,20196846.598,-1128.858,47.750,17.500,0.000,GOOD,0.000,32,0,10101dc4,24780590.788,1883.072,39.250,17.900,0.000,GOOD,0.000,32,0,12301de4,24780598.153,1467.294,37.750,16.000,0.000,GOOD,0.000,32,0,01d01e04,24780615.167,1406.190,39.250,16.100,0.000,GOOD,0.000,43,3,00111d44,23049679.908,-2068.995,42.500,18.500,0.000,GOOD,0.000,43,3,10311d64,23049680.956,-1609.142,43.000,19.100,0.000,GOOD,0.000,45,13,10111e44,22459344.122,1681.931,39.250,16.200,0.000,GOOD,0.000,45,13,10311e64,22459343.756,1308.340,41.750,15.600,0.000,GOOD,0.000,46,5,10111dc4,20427921.127,960.655,46.500,18.900,0.000,GOOD,0.000,46,5,00311de4,20427925.865,747.137,47.000,19.300,0.000,GOOD,0.000,47,0,00191cc4,22187355.818,3828.390,37.000,5.900,0.000,GOOD,0.000,58,11,003916e4,24546189.515,-3378.652,30.750,0.400,0.000,GOOD,0.000,59,4,10111d84,21266369.805,-2616.154,46.500,17.400,0.000,GOOD,0.000,59,4,10311da4,21266369.989,-2034.872,44.500,17.600,0.000,GOOD,0.000,60,10,00111e04,21584184.394,32.225,46.500,17.600,0.000,GOOD,0.000,63,1,00191d04,21821088.377,1444.373,37.500,16.900,0.000,GOOD,0.000,64,2,00191e84,22028021.675,-1657.287,36.000,8.800,0.000,GOOD,0.000,3,0,00331fc4,26465463.530,1328.145,46.250,18.100,0.000,GOOD,0.000,3,0,12331c24,26465473.411,1017.754,45.000,16.600,0.000,GOOD,0.000,3,0,11931fe4,26465473.015,992.035,37.000,16.600,0.000,GOOD,0.000,3,0,10d31c04,26465639.897,1078.518,42.500,16.400,0.000,GOOD,0.000,11,0,00331cc4,26596856.129,-3299.872,34.750,0.900,0.000,GOOD,0.000,11,0,02331d24,26596867.683,-2528.114,40.000,15.300,0.000,GOOD,0.000,11,0,11931ce4,26596868.903,-2463.455,32.750,15.900,0.000,GOOD,0.000,11,0,00d31d04,26597034.398,-2677.730,38.250,16.000,0.000,GOOD,0.000,16,0,00331f44,27230478.030,2118.315,40.250,18.100,0.000,GOOD,0.000,16,0,11931f64,27230487.364,1581.953,37.250,16.900,0.000,GOOD,0.000,31,0,10331c44,27584754.287,637.975,37.000,10.500,0.000,GOOD,0.000,31,0,12331ca4,27584763.389,489.072,46.000,17.300,0.000,GOOD,0.000,31,0,11931c64,27584764.398,476.718,38.250,16.800,0.000,GOOD,0.000,31,0,10d31c84,27584930.524,518.291,43.250,15.700,0.000,GOOD,0.000,34,0,00331dc4,24348956.508,249.046,45.750,18.900,0.000,GOOD,0.000,34,0,02331e24,24348962.857,190.608,49.750,18.000,0.000,GOOD,0.000,34,0,01931de4,24348964.927,185.901,42.250,16.000,0.000,GOOD,0.000,34,0,00d31e04,24349132.615,202.151,45.250,17.900,0.000,GOOD,0.000,36,0,10331d44,24776117.161,-2430.396,46.250,19.800,0.000,GOOD,0.000,36,0,02331da4,24776123.508,-1862.094,50.250,18.300,0.000,GOOD,0.000,36,0,01931d64,24776124.407,-1814.946,42.250,17.400,0.000,GOOD,0.000,36,0,00d31d84,24776291.748,-1972.748,46.500,17.500,0.000,GOOD,0.000,194,0,001d17c4,37848737.879,-21.198,30.750,4.600,0.000,GOOD,0.000,195,0,10151f44,36634124.918,-113.606,44.250,17.800,0.000,GOOD,0.000,195,0,02351f64,36634118.466,-88.677,45.500,17.700,0.000,GOOD,0.000,195,0,01d51f84,36634138.232,-85.089,43.250,17.500,0.000,GOOD,0.000,199,0,00151ec4,36992798.222,-164.845,38.000,17.700,0.000,GOOD,0.000,199,0,12351ee4,36992794.475,-128.407,44.500,17.800,0.000,GOOD,0.000,199,0,11d51f04,36992814.924,-123.239,47.250,17.700,0.000,GOOD,0.000,1,0,00941c04,37288777.827,-175.148,48.250,19.200,0.000,GOOD,0.000,1,0,00d41c24,37288777.623,-142.660,47.000,18.900,0.000,GOOD,0.000,2,0,00941c64,38319044.034,-144.854,45.500,19.000,0.000,GOOD,0.000,2,0,00d41c84,38319035.545,-117.523,44.000,18.600,0.000,GOOD,0.000,3,0,00941cc4,36927602.418,-161.203,48.500,18.900,0.000,GOOD,0.000,3,0,00d41ce4,36927597.514,-130.996,47.750,17.900,0.000,GOOD,0.000,4,0,10941d24,38154849.085,-196.500,42.750,17.500,0.000,GOOD,0.000,4,0,10d41d44,38154850.437,-159.535,45.250,18.600,0.000,GOOD,0.000,6,0,00141e44,36172489.801,263.068,42.500,18.900,0.000,GOOD,0.000,6,0,10541e64,36172496.081,213.628,44.500,18.800,0.000,GOOD,0.000,7,0,00141de4,36873049.859,731.381,49.000,17.800,0.000,GOOD,0.000,7,0,00541e04,36873053.245,594.361,46.500,16.700,0.000,GOOD,0.000,10,0,00141d84,37795643.900,860.951,45.250,18.400,0.000,GOOD,0.000,10,0,00341dc4,37795646.283,665.801,45.750,18.400,0.000,GOOD,0.000,10,0,10541da4,37795650.486,699.518,42.500,16.900,0.000,GOOD,0.000,11,0,00141ea4,25094544.223,-1311.884,41.000,17.700,0.000,GOOD,0.000,11,0,10541ec4,25094551.033,-1065.966,42.500,18.700,0.000,GOOD,0.000,12,0,00141f04,25749897.664,1965.550,40.750,17.400,0.000,GOOD,0.000,12,0,10541f24,25749905.025,1597.193,40.000,15.900,0.000,GOOD,0.000,20,0,10141e84,24630421.147,1676.313,44.250,18.800,0.000,GOOD,0.000,20,0,01341ea4,24630425.838,1263.036,45.000,16.800,0.000,GOOD,0.000,20,0,00541ec4,24630424.530,1362.049,42.750,16.700,0.000,GOOD,0.000,20,0,10f41ee4,24630417.067,1691.389,44.000,18.000,0.000,GOOD,0.000,23,0,10141d44,23034998.084,-168.422,48.500,19.300,0.000,GOOD,0.000,23,0,11341d64,23034998.055,-126.717,50.500,17.800,0.000,GOOD,0.000,23,0,00541d84,23034994.693,-136.790,46.750,17.400,0.000,GOOD,0.000,23,0,10f41da4,23034993.635,-169.838,47.000,18.000,0.000,GOOD,0.000,27,0,001c1724,26506104.317,-2831.395,25.250,0.300,0.000,GOOD,0.000,27,0,00fc1784,26506237.545,-2857.552,31.250,0.000,0.000,GOOD,0.000,29,0,10141d04,25412131.139,-456.814,44.750,18.100,0.000,GOOD,0.000,29,0,01341524,25412139.381,-344.679,40.500,0.000,0.000,GOOD,0.000,29,0,00541d44,25412138.822,-371.188,41.250,16.300,0.000,GOOD,0.000,29,0,10f41d64,25412129.122,-460.995,43.000,17.700,0.000,GOOD,0.000,30,0,00141de4,24839310.625,-2314.025,45.000,18.600,0.000,GOOD,0.000,30,0,01341e04,24839324.150,-1743.902,44.500,17.700,0.000,GOOD,0.000,30,0,10541e24,24839322.579,-1880.395,42.250,17.900,0.000,GOOD,0.000,30,0,10f41e44,24839308.743,-2335.278,43.250,18.100,0.000,GOOD,0.000,32,0,101c1e44,22654458.691,-94.075,35.500,6.300,0.000,GOOD,0.000,32,0,113c1e64,22654466.907,-71.023,40.750,5.000,0.000,GOOD,0.000,32,0,005c1684,22654463.791,-76.410,39.750,4.600,0.000,GOOD,0.000,32,0,00fc16a4,22654452.362,-94.141,31.750,0.200,0.000,GOOD,0.000,37,0,00141fc4,23720329.097,2497.030,45.000,18.100,0.000,GOOD,0.000,37,0,11341fe4,23720341.505,1881.756,46.500,18.200,0.000,GOOD,0.000,37,0,00541c04,23720342.015,2029.101,47.250,17.700,0.000,GOOD,0.000,37,0,10f41c24,23720330.629,2520.027,44.000,18.600,0.000,GOOD,0.000,41,0,10141c64,25285120.980,-1833.906,43.250,18.900,0.000,GOOD,0.000,41,0,11341c84,25285144.352,-1381.964,48.250,17.900,0.000,GOOD,0.000,41,0,00541ca4,25285140.099,-1489.973,46.500,17.500,0.000,GOOD,0.000,41,0,10f41cc4,25285120.417,-1850.573,43.750,19.500,0.000,GOOD,0.000*f0d9d8ac
#INSPVAXA,ICOM3,0,88.3,FINESTEERING,2427,544644.050,00000000,0024,797;WAITING_AZIMUTH,NONE,0.00000000000,0.00000000000,0.0000,0.0000,0.0000,0.0000,0.0000,0.000000000,0.000000000,-0.000000000,0.0000,0.0000,0.0000,0.0000,0.0000,0.0000,0.0000,0.0000,0.0000,00000000,18*1862e157
#RAWIMUA,ICOM3,0,88.3,FINESTEERING,2427,544644.046,00000000,0000,797;2427,544644.046075000,1a2400e3,1168364,270107,-517322,-25341,2547,-7998*868dd015
#INSPVAXA,ICOM3,0,88.3,FINESTEERING,2427,544644.060,00000000,002e,797;WAITING_AZIMUTH,NONE,0.00000000000,0.00000000000,0.0000,0.0000,0.0000,0.0000,0.0000,0.000000000,0.000000000,-0.000000000,0.0000,0.0000,0.0000,0.0000,0.0000,0.0000,0.0000,0.0000,0.0000,00000000,18*e2c40ec9
#RAWIMUA,ICOM3,0,88.3,FINESTEERING,2427,544644.056,00000000,0000,797;2427,544644.056015000,1a2100e4,1170344,270813,-518250,-32390,-2495,-5365*ecaecc56
#INSPVAXA,ICOM3,0,88.3,FINESTEERING,2427,544644.070,00000000,0038,797;WAITING_AZIMUTH,NONE,0.00000000000,0.00000000000,0.0000,0.0000,0.0000,0.0000,0.0000,0.000000000,0.000000000,-0.000000000,0.0000,0.0000,0.0000,0.0000,0.0000,0.0000,0.0000,0.0000,0.0000,00000000,18*1fb0acf0
#RAWIMUA,ICOM3,0,88.3,FINESTEERING,2427,544644.066,00000000,0000,797;2427,544644.066011000,1a1f00e5,1169780,268301,-517532,-20423,-2551,-24246*7bc4d113
#INSPVAXA,ICOM3,0,88.3,FINESTEERING,2427,544644.080,00000000,0042,797;WAITING_AZIMUTH,NONE,0.00000000000,0.00000000000,0.0000,0.0000,0.0000,0.0000,0.0000,0.000000000,0.000000000,-0.000000000,0.0000,0.0000,0.0000,0.0000,0.0000,0.0000,0.0000,0.0000,0.0000,00000000,18*cf5ce875
#RAWIMUA,ICOM3,0,88.3,FINESTEERING,2427,544644.076,00000000,0000,797;2427,544644.076007000,1a2000e6,1169258,270098,-517946,-15177,-3962,-28618*2163faab
#INSPVAXA,ICOM3,0,88.3,FINESTEERING,2427,544644.090,00000000,004c,797;WAITING_AZIMUTH,NONE,0.00000000000,0.00000000000,0.0000,0.0000,0.0000,0.0000,0.0000,0.000000000,0.000000000,-0.000000000,0.0000,0.0000,0.0000,0.0000,0.0000,0.0000,0.0000,0.0000,0.0000,00000000,18*138bf6d0
#RAWIMUA,ICOM3,0,88.3,FINESTEERING,2427,544644.086,00000000,0000,797;2427,544644.085985000,1a2400e7,1167707,271025,-517332,-7046,1409,-29804*1e8f7e7e
#INSPVAXA,ICOM3,0,88.3,FINESTEERING,2427,544644.100,00000000,0055,797;WAITING_AZIMUTH,NONE,0.00000000000,0.00000000000,0.0000,0.0000,0.0000,0.0000,0.0000,0.000000000,0.000000000,-0.000000000,0.0000,0.0000,0.0000,0.0000,0.0000,0.0000,0.0000,0.0000,0.0000,00000000,18*386517f8
#RAWIMUA,ICOM3,0,88.3,FINESTEERING,2427,544644.096,00000000,0000,797;2427,544644.096043000,1a2400e8,1172205,271408,-520391,-9275,-8631,-21801*7dd17a95
#INSPVAXA,ICOM3,0,88.3,FINESTEERING,2427,544644.110,00000000,0060,797;WAITING_AZIMUTH,NONE,0.00000000000,0.00000000000,0.0000,0.0000,0.0000,0.0000,0.0000,0.000000000,0.000000000,-0.000000000,0.0000,0.0000,0.0000,0.0000,0.0000,0.0000,0.0000,0.0000,0.0000,00000000,18*ff93d652
#RAWIMUA,ICOM3,0,88.3,FINESTEERING,2427,544644.106,00000000,0000,797;2427,544644.106098000,1a2500e9,1168945,270408,-519524,-20915,-4164,-26422*6a041d15
#INSPVAXA,ICOM3,0,88.3,FINESTEERING,2427,544644.120,00000000,006a,797;WAITING_AZIMUTH,NONE,0.00000000000,0.00000000000,0.0000,0.0000,0.0000,0.0000,0.0000,0.000000000,0.000000000,-0.000000000,0.0000,0.0000,0.0000,0.0000,0.0000,0.0000,0.0000,0.0000,0.0000,00000000,18*053539cc
#RAWIMUA,ICOM3,0,88.3,FINESTEERING,2427,544644.116,00000000,0000,797;2427,544644.116102000,1a2300ea,1167268,270119,-519290,-28751,4124,-14006*8ab4bccc
#INSPVAXA,ICOM3,0,88.3,FINESTEERING,2427,544644.130,00000000,0074,797;WAITING_AZIMUTH,NONE,0.00000000000,0.00000000000,0.0000,0.0000,0.0000,0.0000,0.0000,0.000000000,0.000000000,-0.000000000,0.0000,0.0000,0.0000,0.0000,0.0000,0.0000,0.0000,0.0000,0.0000,00000000,18*bacb59f8
#RAWIMUA,ICOM3,0,88.3,FINESTEERING,2427,544644.126,00000000,0000,797;2427,544644.126096000,1a2200eb,1170024,268383,-518911,-21931,4063,-12589*9728d747
#INSPVAXA,ICOM3,0,88.3,FINESTEERING,2427,544644.140,00000000,007e,797;WAITING_AZIMUTH,NONE,0.00000000000,0.00000000000,0.0000,0.0000,0.0000,0.0000,0.0000,0.000000000,0.000000000,-0.000000000,0.0000,0.0000,0.0000,0.0000,0.0000,0.0000,0.0000,0.0000,0.0000,00000000,18*0c8e5410
#RAWIMUA,ICOM3,0,88.3,FINESTEERING,2427,544644.136,00000000,0000,797;2427,544644.136089000,1a2400ec,1172043,269872,-517322,-19407,8476,-23047*82ec300a
#INSPVAXA,ICOM3,0,88.3,FINESTEERING,2427,544644.150,00000000,0088,797;WAITING_AZIMUTH,NONE,0.00000000000,0.00000000000,0.0000,0.0000,0.0000,0.0000,0.0000,0.000000000,0.000000000,-0.000000000,0.0000,0.0000,0.0000,0.0000,0.0000,0.0000,0.0000,0.0000,0.0000,00000000,18*d9104766
#RAWIMUA,ICOM3,0,88.3,FINESTEERING,2427,544644.146,00000000,0000,797;2427,544644.146086000,1a2600ed,1167624,270779,-518806,-16685,4298,-29206*b0440949
#INSPVAXA,ICOM3,0,88.3,FINESTEERING,2427,544644.160,00000000,0092,797;WAITING_AZIMUTH,NONE,0.00000000000,0.00000000000,0.0000,0.0000,0.0000,0.0000,0.0000,0.000000000,0.000000000,-0.000000000,0.0000,0.0000,0.0000,0.0000,0.0000,0.0000,0.0000,0.0000,0.0000,00000000,18*8ac16249
#RAWIMUA,ICOM3,0,88.3,FINESTEERING,2427,544644.156,00000000,0000,797;2427,544644.156083000,1a2400ee,1167597,271688,-519472,-28095,6132,-7065*0a497fa6
#INSPVAXA,ICOM3,0,88.3,FINESTEERING,2427,544644.170,00000000,009c,797;WAITING_AZIMUTH,NONE,0.00000000000,0.00000000000,0.0000,0.0000,0.0000,0.0000,0.0000,0.000000000,0.000000000,-0.000000000,0.0000,0.0000,0.0000,0.0000,0.0000,0.0000,0.0000,0.0000,0.0000,00000000,18*56167cec
#RAWIMUA,ICOM3,0,88.3,FINESTEERING,2427,544644.166,00000000,0000,797;2427,544644.166031000,1a2200ef,1169474,268444,-516549,-17866,973,-10004*65680ffe
#INSPVAXA,ICOM3,0,88.3,FINESTEERING,2427,544644.180,00000000,00a6,797;WAITING_AZIMUTH,NONE,0.00000000000,0.00000000000,0.0000,0.0000,0.0000,0.0000,0.0000,0.000000000,0.000000000,-0.000000000,0.0000,0.0000,0.0000,0.0000,0.0000,0.0000,0.0000,0.0000,0.0000,00000000,18*7700f235
#RAWIMUA,ICOM3,0,88.3,FINESTEERING,2427,544644.176,00000000,0000,797;2427,544644.176054000,1a1e00f0,1170871,268749,-518260,-19866,-642,-23022*58eb627b
#INSPVAXA,ICOM3,0,88.3,FINESTEERING,2427,544644.190,00000000,00b0,797;WAITING_AZIMUTH,NONE,0.00000000000,0.00000000000,0.0000,0.0000,0.0000,0.0000,0.0000,0.000000000,0.000000000,-0.000000000,0.0000,0.0000,0.0000,0.0000,0.0000,0.0000,0.0000,0.0000,0.0000,00000000,18*080f3925
#RAWIMUA,ICOM3,0,88.3,FINESTEERING,2427,544644.186,00000000,0000,797;2427,544644.186045000,1a2000f1,1167860,272735,-519517,-22292,9560,-28103*845483b1
#INSPVAXA,ICOM3,0,88.3,FINESTEERING,2427,544644.200,00000000,00ba,797;WAITING_AZIMUTH,NONE,0.00000000000,0.00000000000,0.0000,0.0000,0.0000,0.0000,0.0000,0.000000000,0.000000000,-0.000000000,0.0000,0.0000,0.0000,0.0000,0.0000,0.0000,0.0000,0.0000,0.0000,00000000,18*491c34f3
#RAWIMUA,ICOM3,0,88.3,FINESTEERING,2427,544644.196,00000000,0000,797;2427,544644.196037000,1a2100f2,1169422,273076,-518145,-16784,5450,-16193*a74aa93c
#INSPVAXA,ICOM3,0,88.3,FINESTEERING,2427,544644.210,00000000,00c4,797;WAITING_AZIMUTH,NONE,0.00000000000,0.00000000000,0.0000,0.0000,0.0000,0.0000,0.0000,0.000000000,0.000000000,-0.000000000,0.0000,0.0000,0.0000,0.0000,0.0000,0.0000,0.0000,0.0000,0.0000,00000000,18*f6e254c7
#RAWIMUA,ICOM3,0,88.3,FINESTEERING,2427,544644.206,00000000,0000,797;2427,544644.206084000,1a2700f3,1169167,270057,-518700,-18685,-4887,-10524*b2622b29
#INSPVAXA,ICOM3,0,88.3,FINESTEERING,2427,544644.220,00000000,00ce,797;WAITING_AZIMUTH,NONE,0.00000000000,0.00000000000,0.0000,0.0000,0.0000,0.0000,0.0000,0.000000000,0.000000000,-0.000000000,0.0000,0.0000,0.0000,0.0000,0.0000,0.0000,0.0000,0.0000,0.0000,00000000,18*0c44bb59
#RAWIMUA,ICOM3,0,88.3,FINESTEERING,2427,544644.216,00000000,0000,797;2427,544644.216101000,1a2600f4,1168201,270794,-517461,-22554,2154,-9707*674a802a
#INSPVAXA,ICOM3,0,86.4,FINESTEERING,2427,544644.230,00000000,00d8,797;WAITING_AZIMUTH,NONE,0.00000000000,0.00000000000,0.0000,0.0000,0.0000,0.0000,0.0000,0.000000000,0.000000000,-0.000000000,0.0000,0.0000,0.0000,0.0000,0.0000,0.0000,0.0000,0.0000,0.0000,00000000,18*4f808600
$GPGGA,071706.20,3109.8268682,N,12127.2280432,E,4,34,0.6,6.043,M,11.031,M,1.200,1793*46
#RAWIMUA,ICOM3,0,86.4,FINESTEERING,2427,544644.226,00000000,0000,797;2427,544644.226054000,1a1d00f5,1168811,270543,-519230,-17898,-1167,-16091*3a91599a
#BESTGNSSPOSA,ICOM3,0,86.4,FINESTEERING,2427,544644.200,03e1c006,0000,797;SOL_COMPUTED,NARROW_INT,31.16378113638,121.45380071956,6.0428,11.0314,WGS84,0.0126,0.0108,0.0239,"1793",1.200,0.021,42,34,34,34,0F,00,30,37*d024d4d8
#HEADINGA,ICOM3,0,86.4,FINESTEERING,2427,544644.200,00000000,0000,797;SOL_COMPUTED,NONE,0.000000000,0.000000000,0.000000000,0.0,0.000000000,0.000000000,"1793",0,0,0,0,0,00,30,37*05182f45
$GPGSV,2,1,07,10,00,000,27,13,00,000,40,15,39,058,40,18,48,218,45*77
$GPGSV,2,2,07,20,13,068,37,24,67,047,45,32,11,272,40,,,,*43
$GLGSV,3,1,09,70,17,072,43,72,24,306,39,73,49,099,47,74,27,160,37*6E
$GLGSV,3,2,09,85,00,000,31,86,37,244,47,87,33,295,47,90,00,000,38*69
$GLGSV,3,3,09,91,00,000,36,,,,,,,,,,,,*51
$GAGSV,2,1,06,03,25,266,46,11,07,161,35,16,17,127,40,31,14,073,37*68
$GAGSV,2,2,06,34,55,287,46,36,49,190,46,,,,,,,,*64
$GQGSV,1,1,03,02,00,000,31,03,43,170,44,07,53,169,38,,,,*4D
$GBGSV,5,1,17,01,48,147,48,02,35,243,46,03,55,202,49,04,37,120,43*63
$GBGSV,5,2,17,06,70,042,43,07,58,191,49,10,47,193,45,11,24,268,41*63
$GBGSV,5,3,17,12,13,296,41,20,29,306,44,23,49,086,49,27,00,000,25*63
$GBGSV,5,4,17,29,16,290,45,30,22,238,45,32,00,000,36,37,40,166,45*65
$GBGSV,5,5,17,41,22,086,43,,,,,,,,,,,,*51
$GPGSA,M,3,15,18,20,24,32,,,,,,,,1.3,0.6,1.1,1*2F
#INSPVAXA,ICOM3,0,86.4,FINESTEERING,2427,544644.240,00000000,00e2,797;WAITING_AZIMUTH,NONE,0.00000000000,0.00000000000,0.0000,0.0000,0.0000,0.0000,0.0000,0.000000000,0.000000000,-0.000000000,0.0000,0.0000,0.0000,0.0000,0.0000,0.0000,0.0000,0.0000,0.0000,00000000,18*50b24159
#RAWIMUA,ICOM3,0,86.4,FINESTEERING,2427,544644.236,00000000,0000,797;2427,544644.236042000,1a1e00f6,1168938,271955,-518886,-19669,2518,-6188*8f2e3dff
#INSPVAXA,ICOM3,0,86.4,FINESTEERING,2427,544644.250,00000000,00ec,797;WAITING_AZIMUTH,NONE,0.00000000000,0.00000000000,0.0000,0.0000,0.0000,0.0000,0.0000,0.000000000,0.000000000,-0.000000000,0.0000,0.0000,0.0000,0.0000,0.0000,0.0000,0.0000,0.0000,0.0000,00000000,18*8c655ffc
#RAWIMUA,ICOM3,0,86.4,FINESTEERING,2427,544644.246,00000000,0000,797;2427,544644.246031000,1a1f00f7,1169854,270779,-518447,-21571,-6041,-8987*713ebb51
#INSPVAXA,ICOM3,0,86.4,FINESTEERING,2427,544644.260,00000000,00f6,797;WAITING_AZIMUTH,NONE,0.00000000000,0.00000000000,0.0000,0.0000,0.0000,0.0000,0.0000,0.000000000,0.000000000,-0.000000000,0.0000,0.0000,0.0000,0.0000,0.0000,0.0000,0.0000,0.0000,0.0000,00000000,18*9132f1dc
#RAWIMUA,ICOM3,0,86.4,FINESTEERING,2427,544644.256,00000000,0000,797;2427,544644.256023000,1a2700f8,1170003,272100,-520332,-24587,5608,-14785*dbccfd36
#INSPVAXA,ICOM3,0,86.4,FINESTEERING,2427,544644.270,00000000,0100,797;WAITING_AZIMUTH,NONE,0.00000000000,0.00000000000,0.0000,0.0000,0.0000,0.0000,0.0000,0.000000000,0.000000000,-0.000000000,0.0000,0.0000,0.0000,0.0000,0.0000,0.0000,0.0000,0.0000,0.0000,00000000,18*7a187f53
#RAWIMUA,ICOM3,0,86.4,FINESTEERING,2427,544644.266,00000000,0000,797;2427,544644.266045000,1a2300f9,1169039,272344,-519153,-26817,-2062,-7987*91b108be
#INSPVAXA,ICOM3,0,86.4,FINESTEERING,2427,544644.280,00000000,010a,797;WAITING_AZIMUTH,NONE,0.00000000000,0.00000000000,0.0000,0.0000,0.0000,0.0000,0.0000,0.000000000,0.000000000,-0.000000000,0.0000,0.0000,0.0000,0.0000,0.0000,0.0000,0.0000,0.0000,0.0000,00000000,18*559ab657
#RAWIMUA,ICOM3,0,86.4,FINESTEERING,2427,544644.276,00000000,0000,797;2427,544644.276039000,1a2300fa,1170113,271109,-518188,-20882,6039,-6863*e4413035
#INSPVAXA,ICOM3,0,86.4,FINESTEERING,2427,544644.290,00000000,0114,797;WAITING_AZIMUTH,NONE,0.00000000000,0.00000000000,0.0000,0.0000,0.0000,0.0000,0.0000,0.000000000,0.000000000,-0.000000000,0.0000,0.0000,0.0000,0.0000,0.0000,0.0000,0.0000,0.0000,0.0000,00000000,18*ea64d663
#RAWIMUA,ICOM3,0,86.4,FINESTEERING,2427,544644.286,00000000,0000,797;2427,544644.286032000,1a1d00fb,1168208,270786,-518084,-25439,4455,-3326*ceb231fc
#INSPVAXA,ICOM3,0,86.4,FINESTEERING,2427,544644.300,00000000,011e,797;WAITING_AZIMUTH,NONE,0.00000000000,0.00000000000,0.0000,0.0000,0.0000,0.0000,0.0000,0.000000000,0.000000000,-0.000000000,0.0000,0.0000,0.0000,0.0000,0.0000,0.0000,0.0000,0.0000,0.0000,00000000,18*1a5a4360
#RAWIMUA,ICOM3,0,86.4,FINESTEERING,2427,544644.296,00000000,0000,797;2427,544644.296024000,1a1d00fc,1169645,270269,-517325,-31603,-4535,-8035*eba3a819
#INSPVAXA,ICOM3,0,86.4,FINESTEERING,2427,544644.310,00000000,0128,797;WAITING_AZIMUTH,NONE,0.00000000000,0.00000000000,0.0000,0.0000,0.0000,0.0000,0.0000,0.000000000,0.000000000,-0.000000000,0.0000,0.0000,0.0000,0.0000,0.0000,0.0000,0.0000,0.0000,0.0000,00000000,18*63f6de76
#RAWIMUA,ICOM3,0,86.4,FINESTEERING,2427,544644.306,00000000,0000,797;2427,544644.306073000,1a2000fd,1169235,268091,-518809,-29013,5638,-10451*52f7ec33
#INSPVAXA,ICOM3,0,86.4,FINESTEERING,2427,544644.320,00000000,0132,797;WAITING_AZIMUTH,NONE,0.00000000000,0.00000000000,0.0000,0.0000,0.0000,0.0000,0.0000,0.000000000,0.000000000,-0.000000000,0.0000,0.0000,0.0000,0.0000,0.0000,0.0000,0.0000,0.0000,0.0000,00000000,18*3027fb59
#RAWIMUA,ICOM3,0,86.4,FINESTEERING,2427,544644.316,00000000,0000,797;2427,544644.316116000,1a1d00fe,1167710,270793,-517592,-22423,7848,-16580*6ff37c99
#INSPVAXA,ICOM3,0,86.4,FINESTEERING,2427,544644.330,00000000,013c,797;WAITING_AZIMUTH,NONE,0.00000000000,0.00000000000,0.0000,0.0000,0.0000,0.0000,0.0000,0.000000000,0.000000000,-0.000000000,0.0000,0.0000,0.0000,0.0000,0.0000,0.0000,0.0000,0.0000,0.0000,00000000,18*ecf0e5fc
#RAWIMUA,ICOM3,0,86.4,FINESTEERING,2427,544644.326,00000000,0000,797;2427,544644.326037000,1a1d00ff,1167837,271845,-517210,-18882,379,-12209*67fa498c
#INSPVAXA,ICOM3,0,86.4,FINESTEERING,2427,544644.340,00000000,0146,797;WAITING_AZIMUTH,NONE,0.00000000000,0.00000000000,0.0000,0.0000,0.0000,0.0000,0.0000,0.000000000,0.000000000,-0.000000000,0.0000,0.0000,0.0000,0.0000,0.0000,0.0000,0.0000,0.0000,0.0000,00000000,18*6f85d1b5
#RAWIMUA,ICOM3,0,86.4,FINESTEERING,2427,544644.336,00000000,0000,797;2427,544644.336026000,1a1d0000,1168299,271777,-517407,-23275,2351,-409*3735886f
#INSPVAXA,ICOM3,0,86.4,FINESTEERING,2427,544644.350,00000000,0150,797;WAITING_AZIMUTH,NONE,0.00000000000,0.00000000000,0.0000,0.0000,0.0000,0.0000,0.0000,0.000000000,0.000000000,-0.000000000,0.0000,0.0000,0.0000,0.0000,0.0000,0.0000,0.0000,0.0000,0.0000,00000000,18*9452258a
#RAWIMUA,ICOM3,0,86.4,FINESTEERING,2427,544644.346,00000000,0000,797;2427,544644.346048000,1a1e0001,1168691,272204,-517215,-11964,4565,922*77efc774
#INSPVAXA,ICOM3,0,86.4,FINESTEERING,2427,544644.360,00000000,015a,797;WAITING_AZIMUTH,NONE,0.00000000000,0.00000000000,0.0000,0.0000,0.0000,0.0000,0.0000,0.000000000,0.000000000,-0.000000000,0.0000,0.0000,0.0000,0.0000,0.0000,0.0000,0.0000,0.0000,0.0000,00000000,18*6ef4ca14
#RAWIMUA,ICOM3,0,86.4,FINESTEERING,2427,544644.356,00000000,0000,797;2427,544644.356041000,1a200002,1170858,271022,-517138,-17603,-1101,-6465*a2c6e40c
#INSPVAXA,ICOM3,0,86.4,FINESTEERING,2427,544644.370,00000000,0164,797;WAITING_AZIMUTH,NONE,0.00000000000,0.00000000000,0.0000,0.0000,0.0000,0.0000,0.0000,0.000000000,0.000000000,-0.000000000,0.0000,0.0000,0.0000,0.0000,0.0000,0.0000,0.0000,0.0000,0.0000,00000000,18*55d2950f
#RAWIMUA,ICOM3,0,86.4,FINESTEERING,2427,544644.366,00000000,0000,797;2427,544644.366034000,1a1e0003,1168764,269283,-517772,-16128,6010,-18620*fbe768e2
#INSPVAXA,ICOM3,0,86.4,FINESTEERING,2427,544644.380,00000000,016e,797;WAITING_AZIMUTH,NONE,0.00000000000,0.00000000000,0.0000,0.0000,0.0000,0.0000,0.0000,0.000000000,0.000000000,-0.000000000,0.0000,0.0000,0.0000,0.0000,0.0000,0.0000,0.0000,0.0000,0.0000,00000000,18*7a505c0b
#RAWIMUA,ICOM3,0,86.4,FINESTEERING,2427,544644.376,00000000,0000,797;2427,544644.376026000,1a200004,1168463,269911,-517320,-21046,7224,-24006*2fdd4daf
#INSPVAXA,ICOM3,0,86.4,FINESTEERING,2427,544644.390,00000000,0178,797;WAITING_AZIMUTH,NONE,0.00000000000,0.00000000000,0.0000,0.0000,0.0000,0.0000,0.0000,0.000000000,0.000000000,-0.000000000,0.0000,0.0000,0.0000,0.0000,0.0000,0.0000,0.0000,0.0000,0.0000,00000000,18*8724fe32
#RAWIMUA,ICOM3,0,86.4,FINESTEERING,2427,544644.386,00000000,0000,797;2427,544644.386019000,1a1e0005,1167662,270053,-519289,-16423,-5181,-22579*9c8faaa8
#INSPVAXA,ICOM3,0,86.4,FINESTEERING,2427,544644.400,00000000,0182,797;WAITING_AZIMUTH,NONE,0.00000000000,0.00000000000,0.0000,0.0000,0.0000,0.0000,0.0000,0.000000000,0.000000000,-0.000000000,0.0000,0.0000,0.0000,0.0000,0.0000,0.0000,0.0000,0.0000,0.0000,00000000,18*fe80bff1
#RAWIMUA,ICOM3,0,86.4,FINESTEERING,2427,544644.396,00000000,0000,797;2427,544644.396043000,1a1e0006,1168055,270184,-519226,-12980,-5277,-24515*6cd1537f
#INSPVAXA,ICOM3,0,86.4,FINESTEERING,2427,544644.410,00000000,018c,797;WAITING_AZIMUTH,NONE,0.00000000000,0.00000000000,0.0000,0.0000,0.0000,0.0000,0.0000,0.000000000,0.000000000,-0.000000000,0.0000,0.0000,0.0000,0.0000,0.0000,0.0000,0.0000,0.0000,0.0000,00000000,18*2257a154
#RAWIMUA,ICOM3,0,86.4,FINESTEERING,2427,544644.406,00000000,0000,797;2427,544644.406048000,1a210007,1169833,271910,-519772,-23374,1100,-17300*eea6ea2a
#INSPVAXA,ICOM3,0,86.4,FINESTEERING,2427,544644.420,00000000,0196,797;WAITING_AZIMUTH,NONE,0.00000000000,0.00000000000,0.0000,0.0000,0.0000,0.0000,0.0000,0.000000000,0.000000000,-0.000000000,0.0000,0.0000,0.0000,0.0000,0.0000,0.0000,0.0000,0.0000,0.0000,00000000,18*bbd8305b
#RAWIMUA,ICOM3,0,86.4,FINESTEERING,2427,544644.416,00000000,0000,797;2427,544644.416048000,1a230008,1170238,271084,-517532,-18652,4527,-23096*a736d228
$GPGGA,071706.40,3109.8268708,N,12127.2280442,E,4,34,0.6,6.046,M,11.031,M,1.400,1793*47
#BESTGNSSPOSA,ICOM3,0,86.4,FINESTEERING,2427,544644.400,03e1c006,0000,797;SOL_COMPUTED,NARROW_INT,31.16378118071,121.45380073732,6.0462,11.0314,WGS84,0.0135,0.0116,0.0247,"1793",1.400,0.016,42,34,34,34,0F,00,30,37*27c4e20f
#HEADINGA,ICOM3,0,86.4,FINESTEERING,2427,544644.400,00000000,0000,797;SOL_COMPUTED,NONE,0.000000000,0.000000000,0.000000000,0.0,0.000000000,0.000000000,"1793",0,0,0,0,0,00,30,37*33b3658d
#INSPVAXA,ICOM3,0,86.4,FINESTEERING,2427,544644.430,00000000,01a0,797;WAITING_AZIMUTH,NONE,0.00000000000,0.00000000000,0.0000,0.0000,0.0000,0.0000,0.0000,0.000000000,0.000000000,-0.000000000,0.0000,0.0000,0.0000,0.0000,0.0000,0.0000,0.0000,0.0000,0.0000,00000000,18*2db2fd28
$GPGSV,2,1,07,10,00,000,26,13,00,000,40,15,39,058,40,18,48,218,45*76
$GPGSV,2,2,07,20,13,068,37,24,67,047,45,32,11,272,40,,,,*43
$GLGSV,3,1,09,70,17,072,43,72,24,306,38,73,49,099,47,74,27,160,37*6F
$GLGSV,3,2,09,85,00,000,31,86,37,244,47,87,33,295,47,90,00,000,38*69
$GLGSV,3,3,09,91,00,000,36,,,,,,,,,,,,*51
$GAGSV,2,1,06,03,25,266,46,11,07,161,35,16,17,127,40,31,14,073,37*68
$GAGSV,2,2,06,34,55,287,46,36,49,190,46,,,,,,,,*64
$GQGSV,1,1,03,02,00,000,31,03,43,170,44,07,53,169,38,,,,*4D
$GBGSV,5,1,17,01,48,147,48,02,35,243,45,03,55,202,49,04,37,120,43*60
$GBGSV,5,2,17,06,70,042,43,07,58,191,49,10,47,193,45,11,24,268,41*63
$GBGSV,5,3,17,12,13,296,41,20,29,306,44,23,49,086,49,27,00,000,26*60
$GBGSV,5,4,17,29,16,290,45,30,22,238,45,32,00,000,35,37,40,166,45*66
$GBGSV,5,5,17,41,22,086,43,,,,,,,,,,,,*51
$GPGSA,M,3,15,18,20,24,32,,,,,,,,1.3,0.6,1.1,1*2F
#RAWIMUA,ICOM3,0,86.4,FINESTEERING,2427,544644.426,00000000,0000,797;2427,544644.426032000,1a240009,1170071,269844,-517222,-20226,-5941,-18151*28e772c0
#INSPVAXA,ICOM3,0,86.4,FINESTEERING,2427,544644.440,00000000,01aa,797;WAITING_AZIMUTH,NONE,0.00000000000,0.00000000000,0.0000,0.0000,0.0000,0.0000,0.0000,0.000000000,0.000000000,-0.000000000,0.0000,0.0000,0.0000,0.0000,0.0000,0.0000,0.0000,0.0000,0.0000,00000000,18*9bf7f0c0
#RAWIMUA,ICOM3,0,86.4,FINESTEERING,2427,544644.436,00000000,0000,797;2427,544644.436041000,1a23000a,1167466,269103,-519344,-13964,-7714,-21373*a0abd2f2
#INSPVAXA,ICOM3,0,86.4,FINESTEERING,2427,544644.450,00000000,01b4,797;WAITING_AZIMUTH,NONE,0.00000000000,0.00000000000,0.0000,0.0000,0.0000,0.0000,0.0000,0.000000000,0.000000000,-0.000000000,0.0000,0.0000,0.0000,0.0000,0.0000,0.0000,0.0000,0.0000,0.0000,00000000,18*a0d1afdb
#RAWIMUA,ICOM3,0,86.4,FINESTEERING,2427,544644.446,00000000,0000,797;2427,544644.446033000,1a1f000b,1169039,268842,-519014,-18029,-13115,-22386*7dcb0282
#INSPVAXA,ICOM3,0,86.4,FINESTEERING,2427,544644.460,00000000,01be,797;WAITING_AZIMUTH,NONE,0.00000000000,0.00000000000,0.0000,0.0000,0.0000,0.0000,0.0000,0.000000000,0.000000000,-0.000000000,0.0000,0.0000,0.0000,0.0000,0.0000,0.0000,0.0000,0.0000,0.0000,00000000,18*5a774045
#RAWIMUA,ICOM3,0,86.4,FINESTEERING,2427,544644.456,00000000,0000,797;2427,544644.456026000,1a1e000c,1168584,271194,-519599,-22128,377,-18157*22d78c79
#INSPVAXA,ICOM3,0,86.4,FINESTEERING,2427,544644.470,00000000,01c8,797;WAITING_AZIMUTH,NONE,0.00000000000,0.00000000000,0.0000,0.0000,0.0000,0.0000,0.0000,0.000000000,0.000000000,-0.000000000,0.0000,0.0000,0.0000,0.0000,0.0000,0.0000,0.0000,0.0000,0.0000,00000000,18*a703e27c
#RAWIMUA,ICOM3,0,86.4,FINESTEERING,2427,544644.466,00000000,0000,797;2427,544644.466019000,1a21000d,1169275,271158,-519730,-21833,-1334,-26574*c7cb357c
#INSPVAXA,ICOM3,0,86.4,FINESTEERING,2427,544644.480,00000000,01d2,797;WAITING_AZIMUTH,NONE,0.00000000000,0.00000000000,0.0000,0.0000,0.0000,0.0000,0.0000,0.000000000,0.000000000,-0.000000000,0.0000,0.0000,0.0000,0.0000,0.0000,0.0000,0.0000,0.0000,0.0000,00000000,18*77efa6f9
#RAWIMUA,ICOM3,0,86.4,FINESTEERING,2427,544644.476,00000000,0000,797;2427,544644.476042000,1a24000e,1169329,270615,-518543,-17177,-6235,-16474*9cb659a6
#INSPVAXA,ICOM3,0,86.4,FINESTEERING,2427,544644.490,00000000,01dc,797;WAITING_AZIMUTH,NONE,0.00000000000,0.00000000000,0.0000,0.0000,0.0000,0.0000,0.0000,0.000000000,0.000000000,-0.000000000,0.0000,0.0000,0.0000,0.0000,0.0000,0.0000,0.0000,0.0000,0.0000,00000000,18*ab38b85c
#RAWIMUA,ICOM3,0,86.4,FINESTEERING,2427,544644.486,00000000,0000,797;2427,544644.486034000,1a25000f,1167362,270581,-518934,-19800,-1958,-11103*12584e8a
#INSPVAXA,ICOM3,0,86.4,FINESTEERING,2427,544644.500,00000000,01e6,797;WAITING_AZIMUTH,NONE,0.00000000000,0.00000000000,0.0000,0.0000,0.0000,0.0000,0.0000,0.000000000,0.000000000,-0.000000000,0.0000,0.0000,0.0000,0.0000,0.0000,0.0000,0.0000,0.0000,0.0000,00000000,18*382f53ce
#RAWIMUA,ICOM3,0,86.4,FINESTEERING,2427,544644.496,00000000,0000,797;2427,544644.496027000,1a210010,1167841,270335,-517488,-31636,-2527,-9570*5c9becdd
#INSPVAXA,ICOM3,0,86.4,FINESTEERING,2427,544644.510,00000000,01f0,797;WAITING_AZIMUTH,NONE,0.00000000000,0.00000000000,0.0000,0.0000,0.0000,0.0000,0.0000,0.000000000,0.000000000,-0.000000000,0.0000,0.0000,0.0000,0.0000,0.0000,0.0000,0.0000,0.0000,0.0000,00000000,18*472098de
#RAWIMUA,ICOM3,0,86.4,FINESTEERING,2427,544644.506,00000000,0000,797;2427,544644.506047000,1a210011,1171157,269708,-517418,-25112,1921,-6786*831fd3b3
#INSPVAXA,ICOM3,0,86.4,FINESTEERING,2427,544644.520,00000000,01fa,797;WAITING_AZIMUTH,NONE,0.00000000000,0.00000000000,0.0000,0.0000,0.0000,0.0000,0.0000,0.000000000,0.000000000,-0.000000000,0.0000,0.0000,0.0000,0.0000,0.0000,0.0000,0.0000,0.0000,0.0000,00000000,18*bd867740
#RAWIMUA,ICOM3,0,86.4,FINESTEERING,2427,544644.516,00000000,0000,797;2427,544644.516068000,1a230012,1168911,269493,-519317,-16915,4199,-22900*091b8266
#INSPVAXA,ICOM3,0,86.4,FINESTEERING,2427,544644.530,00000000,0204,797;WAITING_AZIMUTH,NONE,0.00000000000,0.00000000000,0.0000,0.0000,0.0000,0.0000,0.0000,0.000000000,0.000000000,-0.000000000,0.0000,0.0000,0.0000,0.0000,0.0000,0.0000,0.0000,0.0000,0.0000,00000000,18*b9d088a2
#RAWIMUA,ICOM3,0,86.4,FINESTEERING,2427,544644.526,00000000,0000,797;2427,544644.526039000,1a210013,1166594,273019,-517781,-24357,5312,-5719*19e5f8cd
#INSPVAXA,ICOM3,0,86.4,FINESTEERING,2427,544644.540,00000000,020e,797;WAITING_AZIMUTH,NONE,0.00000000000,0.00000000000,0.0000,0.0000,0.0000,0.0000,0.0000,0.000000000,0.000000000,-0.000000000,0.0000,0.0000,0.0000,0.0000,0.0000,0.0000,0.0000,0.0000,0.0000,00000000,18*0f95854a
#RAWIMUA,ICOM3,0,86.4,FINESTEERING,2427,544644.536,00000000,0000,797;2427,544644.536029000,1a230014,1169587,270751,-518085,-25341,1296,-1894*abd1750e
#INSPVAXA,ICOM3,0,86.4,FINESTEERING,2427,544644.550,00000000,0218,797;WAITING_AZIMUTH,NONE,0.00000000000,0.00000000000,0.0000,0.0000,0.0000,0.0000,0.0000,0.000000000,0.000000000,-0.000000000,0.0000,0.0000,0.0000,0.0000,0.0000,0.0000,0.0000,0.0000,0.0000,00000000,18*f2e12773
#RAWIMUA,ICOM3,0,86.4,FINESTEERING,2427,544644.546,00000000,0000,797;2427,544644.546021000,1a220015,1169068,268388,-518615,-21833,11765,-9237*edfa21a5
#INSPVAXA,ICOM3,0,86.4,FINESTEERING,2427,544644.560,00000000,0222,797;WAITING_AZIMUTH,NONE,0.00000000000,0.00000000000,0.0000,0.0000,0.0000,0.0000,0.0000,0.000000000,0.000000000,-0.000000000,0.0000,0.0000,0.0000,0.0000,0.0000,0.0000,0.0000,0.0000,0.0000,00000000,18*25e83d73
#RAWIMUA,ICOM3,0,86.4,FINESTEERING,2427,544644.556,00000000,0000,797;2427,544644.556013000,1a240016,1167176,272669,-516859,-19669,7192,-23348*dfef0990
#INSPVAXA,ICOM3,0,86.4,FINESTEERING,2427,544644.570,00000000,022c,797;WAITING_AZIMUTH,NONE,0.00000000000,0.00000000000,0.0000,0.0000,0.0000,0.0000,0.0000,0.000000000,0.000000000,-0.000000000,0.0000,0.0000,0.0000,0.0000,0.0000,0.0000,0.0000,0.0000,0.0000,00000000,18*f93f23d6
#RAWIMUA,ICOM3,0,86.4,FINESTEERING,2427,544644.566,00000000,0000,797;2427,544644.566036000,1a250017,1168689,272528,-520303,-19472,840,-9086*205ab720
#INSPVAXA,ICOM3,0,86.4,FINESTEERING,2427,544644.580,00000000,0236,797;WAITING_AZIMUTH,NONE,0.00000000000,0.00000000000,0.0000,0.0000,0.0000,0.0000,0.0000,0.000000000,0.000000000,-0.000000000,0.0000,0.0000,0.0000,0.0000,0.0000,0.0000,0.0000,0.0000,0.0000,00000000,18*b5949443
#RAWIMUA,ICOM3,0,86.4,FINESTEERING,2427,544644.576,00000000,0000,797;2427,544644.576028000,1a1f0018,1167457,270553,-518540,-20194,5480,-7292*b19d2e72
#INSPVAXA,ICOM3,0,86.4,FINESTEERING,2427,544644.590,00000000,0240,797;WAITING_AZIMUTH,NONE,0.00000000000,0.00000000000,0.0000,0.0000,0.0000,0.0000,0.0000,0.000000000,0.000000000,-0.000000000,0.0000,0.0000,0.0000,0.0000,0.0000,0.0000,0.0000,0.0000,0.0000,00000000,18*185a274c
#RAWIMUA,ICOM3,0,86.4,FINESTEERING,2427,544644.586,00000000,0000,797;2427,544644.586022000,1a1f0019,1169325,270849,-518184,-26030,-3708,-5037*efcbf3cd
#INSPVAXA,ICOM3,0,86.4,FINESTEERING,2427,544644.600,00000000,024a,797;WAITING_AZIMUTH,NONE,0.00000000000,0.00000000000,0.0000,0.0000,0.0000,0.0000,0.0000,0.000000000,0.000000000,-0.000000000,0.0000,0.0000,0.0000,0.0000,0.0000,0.0000,0.0000,0.0000,0.0000,00000000,18*59492a9a
#RAWIMUA,ICOM3,0,86.4,FINESTEERING,2427,544644.596,00000000,0000,797;2427,544644.596014000,1a21001a,1169493,271400,-518585,-27276,-4959,-14242*0776f5d6
#INSPVAXA,ICOM3,0,86.4,FINESTEERING,2427,544644.610,00000000,0254,797;WAITING_AZIMUTH,NONE,0.00000000000,0.00000000000,0.0000,0.0000,0.0000,0.0000,0.0000,0.000000000,0.000000000,-0.000000000,0.0000,0.0000,0.0000,0.0000,0.0000,0.0000,0.0000,0.0000,0.0000,00000000,18*e6b74aae
#RAWIMUA,ICOM3,0,86.4,FINESTEERING,2427,544644.606,00000000,0000,797;2427,544644.606050000,1a23001b,1168427,271616,-517143,-22423,1068,-1170*5ea91ec7
#INSPVAXA,ICOM3,0,86.4,FINESTEERING,2427,544644.620,00000000,025e,797;WAITING_AZIMUTH,NONE,0.00000000000,0.00000000000,0.0000,0.0000,0.0000,0.0000,0.0000,0.000000000,0.000000000,-0.000000000,0.0000,0.0000,0.0000,0.0000,0.0000,0.0000,0.0000,0.0000,0.0000,00000000,18*1c11a530
#RAWIMUA,ICOM3,0,86.4,FINESTEERING,2427,544644.616,00000000,0000,797;2427,544644.616046000,1a1d001c,1169370,269270,-516001,-19308,-7454,-11619*bfa319fa
#INSPVAXA,ICOM3,0,86.4,FINESTEERING,2427,544644.630,00000000,0268,797;WAITING_AZIMUTH,NONE,0.00000000000,0.00000000000,0.0000,0.0000,0.0000,0.0000,0.0000,0.000000000,0.000000000,-0.000000000,0.0000,0.0000,0.0000,0.0000,0.0000,0.0000,0.0000,0.0000,0.0000,00000000,18*65bd3826
$GPGGA,071706.60,3109.8268691,N,12127.2280432,E,4,34,0.6,6.046,M,11.031,M,1.600,1793*41
#RAWIMUA,ICOM3,0,86.4,FINESTEERING,2427,544644.626,00000000,0000,797;2427,544644.626039000,1a25001d,1170844,267728,-518806,-21636,-1532,-10051*9f00c06d
#BESTGNSSPOSA,ICOM3,0,86.4,FINESTEERING,2427,544644.600,03e1c006,0000,797;SOL_COMPUTED,NARROW_INT,31.16378115131,121.45380072043,6.0462,11.0314,WGS84,0.0143,0.0124,0.0254,"1793",1.600,0.020,42,34,34,34,0F,00,30,37*ca28a94a
#HEADINGA,ICOM3,0,86.4,FINESTEERING,2427,544644.600,00000000,0000,797;SOL_COMPUTED,NONE,0.000000000,0.000000000,0.000000000,0.0,0.000000000,0.000000000,"1793",0,0,0,0,0,00,30,37*97055e0a
$GPGSV,2,1,07,10,00,000,26,13,00,000,40,15,39,058,40,18,48,218,45*76
$GPGSV,2,2,07,20,13,068,37,24,67,047,45,32,11,272,40,,,,*43
$GLGSV,3,1,09,70,17,072,43,72,24,306,37,73,49,099,47,74,27,160,37*60
$GLGSV,3,2,09,85,00,000,31,86,37,244,47,87,33,295,47,90,00,000,38*69
$GLGSV,3,3,09,91,00,000,36,,,,,,,,,,,,*51
$GAGSV,2,1,06,03,25,266,46,11,07,161,35,16,17,127,40,31,14,073,37*68
$GAGSV,2,2,06,34,55,287,46,36,49,190,46,,,,,,,,*64
$GQGSV,1,1,03,02,00,000,31,03,43,170,44,07,53,169,38,,,,*4D
$GBGSV,5,1,17,01,48,147,48,02,35,243,45,03,55,202,49,04,37,120,42*61
$GBGSV,5,2,17,06,70,042,43,07,58,191,49,10,47,193,45,11,24,268,41*63
$GBGSV,5,3,17,12,13,296,41,20,29,306,44,23,49,086,49,27,00,000,26*60
$GBGSV,5,4,17,29,16,290,45,30,22,238,45,32,00,000,35,37,40,166,45*66
$GBGSV,5,5,17,41,22,086,43,,,,,,,,,,,,*51
$GPGSA,M,3,15,18,20,24,32,,,,,,,,1.3,0.6,1.1,1*2F
#INSPVAXA,ICOM3,0,86.4,FINESTEERING,2427,544644.640,00000000,0272,797;WAITING_AZIMUTH,NONE,0.00000000000,0.00000000000,0.0000,0.0000,0.0000,0.0000,0.0000,0.000000000,0.000000000,-0.000000000,0.0000,0.0000,0.0000,0.0000,0.0000,0.0000,0.0000,0.0000,0.0000,00000000,18*7a8fff7f
#RAWIMUA,ICOM3,0,86.4,FINESTEERING,2427,544644.636,00000000,0000,797;2427,544644.636018000,1a27001e,1168199,271091,-517235,-19767,5579,-21352*33245cc8
#INSPVAXA,ICOM3,0,86.4,FINESTEERING,2427,544644.650,00000000,027c,797;WAITING_AZIMUTH,NONE,0.00000000000,0.00000000000,0.0000,0.0000,0.0000,0.0000,0.0000,0.000000000,0.000000000,-0.000000000,0.0000,0.0000,0.0000,0.0000,0.0000,0.0000,0.0000,0.0000,0.0000,00000000,18*a658e1da
#RAWIMUA,ICOM3,0,86.4,FINESTEERING,2427,544644.646,00000000,0000,797;2427,544644.646040000,1a20001f,1167721,270518,-518704,-10882,418,-17755*4bc05c2c
#INSPVAXA,ICOM3,0,86.4,FINESTEERING,2427,544644.660,00000000,0286,797;WAITING_AZIMUTH,NONE,0.00000000000,0.00000000000,0.0000,0.0000,0.0000,0.0000,0.0000,0.000000000,0.000000000,-0.000000000,0.0000,0.0000,0.0000,0.0000,0.0000,0.0000,0.0000,0.0000,0.0000,00000000,18*173dc19a
#RAWIMUA,ICOM3,0,86.4,FINESTEERING,2427,544644.656,00000000,0000,797;2427,544644.656075000,1a1f0020,1170322,270638,-519298,-13505,-2348,-13662*d32c20a6
#INSPVAXA,ICOM3,0,86.4,FINESTEERING,2427,544644.670,00000000,0290,797;WAITING_AZIMUTH,NONE,0.00000000000,0.00000000000,0.0000,0.0000,0.0000,0.0000,0.0000,0.000000000,0.000000000,-0.000000000,0.0000,0.0000,0.0000,0.0000,0.0000,0.0000,0.0000,0.0000,0.0000,00000000,18*ecea35a5
#RAWIMUA,ICOM3,0,86.4,FINESTEERING,2427,544644.666,00000000,0000,797;2427,544644.666026000,1a1f0021,1169359,269474,-518136,-22423,1397,-22095*a7c028f8
#INSPVAXA,ICOM3,0,86.4,FINESTEERING,2427,544644.680,00000000,029a,797;WAITING_AZIMUTH,NONE,0.00000000000,0.00000000000,0.0000,0.0000,0.0000,0.0000,0.0000,0.000000000,0.000000000,-0.000000000,0.0000,0.0000,0.0000,0.0000,0.0000,0.0000,0.0000,0.0000,0.0000,00000000,18*c368fca1
#RAWIMUA,ICOM3,0,86.4,FINESTEERING,2427,544644.676,00000000,0000,797;2427,544644.676017000,1a1e0022,1168347,270483,-518836,-15407,-474,-9615*4e1e26c7
#INSPVAXA,ICOM3,0,86.4,FINESTEERING,2427,544644.690,00000000,02a4,797;WAITING_AZIMUTH,NONE,0.00000000000,0.00000000000,0.0000,0.0000,0.0000,0.0000,0.0000,0.000000000,0.000000000,-0.000000000,0.0000,0.0000,0.0000,0.0000,0.0000,0.0000,0.0000,0.0000,0.0000,00000000,18*112ba5d9
#RAWIMUA,ICOM3,0,86.4,FINESTEERING,2427,544644.686,00000000,0000,797;2427,544644.686010000,1a1e0023,1170089,270184,-518932,-22128,-2980,-9138*748c463e
#INSPVAXA,ICOM3,0,86.4,FINESTEERING,2427,544644.700,00000000,02ae,797;WAITING_AZIMUTH,NONE,0.00000000000,0.00000000000,0.0000,0.0000,0.0000,0.0000,0.0000,0.000000000,0.000000000,-0.000000000,0.0000,0.0000,0.0000,0.0000,0.0000,0.0000,0.0000,0.0000,0.0000,00000000,18*e11530da
#RAWIMUA,ICOM3,0,86.4,FINESTEERING,2427,544644.696,00000000,0000,797;2427,544644.696031000,1a250024,1169593,268748,-518521,-13800,-1888,-22629*16ca6fa1
#INSPVAXA,ICOM3,0,86.4,FINESTEERING,2427,544644.710,00000000,02b8,797;WAITING_AZIMUTH,NONE,0.00000000000,0.00000000000,0.0000,0.0000,0.0000,0.0000,0.0000,0.000000000,0.000000000,-0.000000000,0.0000,0.0000,0.0000,0.0000,0.0000,0.0000,0.0000,0.0000,0.0000,00000000,18*98b9adcc
#RAWIMUA,ICOM3,0,86.4,FINESTEERING,2427,544644.706,00000000,0000,797;2427,544644.706062000,1a270025,1169654,270161,-518177,-24653,-3904,-20674*d6eebadb
#INSPVAXA,ICOM3,0,86.4,FINESTEERING,2427,544644.720,00000000,02c2,797;WAITING_AZIMUTH,NONE,0.00000000000,0.00000000000,0.0000,0.0000,0.0000,0.0000,0.0000,0.000000000,0.000000000,-0.000000000,0.0000,0.0000,0.0000,0.0000,0.0000,0.0000,0.0000,0.0000,0.0000,00000000,18*cb6888e3
#RAWIMUA,ICOM3,0,86.4,FINESTEERING,2427,544644.716,00000000,0000,797;2427,544644.716037000,1a240026,1169155,270660,-517559,-10554,-2280,-18226*4230ee33
#INSPVAXA,ICOM3,0,86.4,FINESTEERING,2427,544644.730,00000000,02cc,797;WAITING_AZIMUTH,NONE,0.00000000000,0.00000000000,0.0000,0.0000,0.0000,0.0000,0.0000,0.000000000,0.000000000,-0.000000000,0.0000,0.0000,0.0000,0.0000,0.0000,0.0000,0.0000,0.0000,0.0000,00000000,18*17bf9646
#RAWIMUA,ICOM3,0,86.4,FINESTEERING,2427,544644.726,00000000,0000,797;2427,544644.726013000,1a200027,1167659,270842,-519003,-21243,5183,-12058*df5b2174
#INSPVAXA,ICOM3,0,86.4,FINESTEERING,2427,544644.740,00000000,02d6,797;WAITING_AZIMUTH,NONE,0.00000000000,0.00000000000,0.0000,0.0000,0.0000,0.0000,0.0000,0.000000000,0.000000000,-0.000000000,0.0000,0.0000,0.0000,0.0000,0.0000,0.0000,0.0000,0.0000,0.0000,00000000,18*94caa20f
#RAWIMUA,ICOM3,0,86.4,FINESTEERING,2427,544644.736,00000000,0000,797;2427,544644.736033000,1a1d0028,1169291,269705,-518007,-17177,-3569,-11404*4e06a620
#INSPVAXA,ICOM3,0,86.4,FINESTEERING,2427,544644.750,00000000,02e0,797;WAITING_AZIMUTH,NONE,0.00000000000,0.00000000000,0.0000,0.0000,0.0000,0.0000,0.0000,0.000000000,0.000000000,-0.000000000,0.0000,0.0000,0.0000,0.0000,0.0000,0.0000,0.0000,0.0000,0.0000,00000000,18*6f1d5630
#RAWIMUA,ICOM3,0,86.4,FINESTEERING,2427,544644.746,00000000,0000,797;2427,544644.746027000,1a1f0029,1168452,270901,-519464,-17243,3705,-16266*71a70933
#INSPVAXA,ICOM3,0,86.4,FINESTEERING,2427,544644.760,00000000,02ea,797;WAITING_AZIMUTH,NONE,0.00000000000,0.00000000000,0.0000,0.0000,0.0000,0.0000,0.0000,0.000000000,0.000000000,-0.000000000,0.0000,0.0000,0.0000,0.0000,0.0000,0.0000,0.0000,0.0000,0.0000,00000000,18*95bbb9ae
#RAWIMUA,ICOM3,0,86.4,FINESTEERING,2427,544644.756,00000000,0000,797;2427,544644.756018000,1a22002a,1167592,270876,-518872,-22849,1232,-18942*0bfad602
#INSPVAXA,ICOM3,0,86.4,FINESTEERING,2427,544644.770,00000000,02f4,797;WAITING_AZIMUTH,NONE,0.00000000000,0.00000000000,0.0000,0.0000,0.0000,0.0000,0.0000,0.000000000,0.000000000,-0.000000000,0.0000,0.0000,0.0000,0.0000,0.0000,0.0000,0.0000,0.0000,0.0000,00000000,18*ae9de6b5
#RAWIMUA,ICOM3,0,86.4,FINESTEERING,2427,544644.766,00000000,0000,797;2427,544644.766010000,1a22002b,1168681,271098,-519401,-22653,3799,-15941*4b7ec2a4
#INSPVAXA,ICOM3,0,86.4,FINESTEERING,2427,544644.780,00000000,02fe,797;WAITING_AZIMUTH,NONE,0.00000000000,0.00000000000,0.0000,0.0000,0.0000,0.0000,0.0000,0.000000000,0.000000000,-0.000000000,0.0000,0.0000,0.0000,0.0000,0.0000,0.0000,0.0000,0.0000,0.0000,00000000,18*811f2fb1
#RAWIMUA,ICOM3,0,86.4,FINESTEERING,2427,544644.776,00000000,0000,797;2427,544644.776032000,1a23002c,1169762,270346,-519098,-24587,-349,-13661*f62f999d
#INSPVAXA,ICOM3,0,86.4,FINESTEERING,2427,544644.790,00000000,0308,797;WAITING_AZIMUTH,NONE,0.00000000000,0.00000000000,0.0000,0.0000,0.0000,0.0000,0.0000,0.000000000,0.000000000,-0.000000000,0.0000,0.0000,0.0000,0.0000,0.0000,0.0000,0.0000,0.0000,0.0000,00000000,18*6c96f738
#RAWIMUA,ICOM3,0,86.4,FINESTEERING,2427,544644.786,00000000,0000,797;2427,544644.786025000,1a25002d,1168218,270153,-519061,-18456,6139,-12282*78ff1ae8
#INSPVAXA,ICOM3,0,86.4,FINESTEERING,2427,544644.800,00000000,0312,797;WAITING_AZIMUTH,NONE,0.00000000000,0.00000000000,0.0000,0.0000,0.0000,0.0000,0.0000,0.000000000,0.000000000,-0.000000000,0.0000,0.0000,0.0000,0.0000,0.0000,0.0000,0.0000,0.0000,0.0000,00000000,18*94fd6e23
#RAWIMUA,ICOM3,0,86.4,FINESTEERING,2427,544644.796,00000000,0000,797;2427,544644.796019000,1a24002e,1168839,269042,-518721,-27210,7449,-4102*24be130e
#INSPVAXA,ICOM3,0,86.4,FINESTEERING,2427,544644.810,00000000,031c,797;WAITING_AZIMUTH,NONE,0.00000000000,0.00000000000,0.0000,0.0000,0.0000,0.0000,0.0000,0.000000000,0.000000000,-0.000000000,0.0000,0.0000,0.0000,0.0000,0.0000,0.0000,0.0000,0.0000,0.0000,00000000,18*482a7086
#RAWIMUA,ICOM3,0,86.4,FINESTEERING,2427,544644.806,00000000,0000,797;2427,544644.806045000,1a20002f,1169812,270069,-517552,-25440,-942,-9723*a5cdf3aa
#INSPVAXA,ICOM3,0,86.4,FINESTEERING,2427,544644.820,00000000,0326,797;WAITING_AZIMUTH,NONE,0.00000000000,0.00000000000,0.0000,0.0000,0.0000,0.0000,0.0000,0.000000000,0.000000000,-0.000000000,0.0000,0.0000,0.0000,0.0000,0.0000,0.0000,0.0000,0.0000,0.0000,00000000,18*557ddea6
#RAWIMUA,ICOM3,0,86.4,FINESTEERING,2427,544644.816,00000000,0000,797;2427,544644.816064000,1a200030,1170638,269473,-518005,-20981,279,-14905*411cc4d2
$GPGGA,071706.80,3109.8268694,N,12127.2280430,E,4,34,0.6,6.048,M,11.031,M,0.800,1793*49
#BESTGNSSPOSA,ICOM3,0,86.4,FINESTEERING,2427,544644.800,03e1c006,0000,797;SOL_COMPUTED,NARROW_INT,31.16378115654,121.45380071685,6.0477,11.0314,WGS84,0.0149,0.0130,0.0261,"1793",0.800,0.015,42,34,34,34,0F,00,30,37*8978d7ad
#HEADINGA,ICOM3,0,86.4,FINESTEERING,2427,544644.800,00000000,0000,797;SOL_COMPUTED,NONE,0.000000000,0.000000000,0.000000000,0.0,0.000000000,0.000000000,"1793",0,0,0,0,0,00,30,37*5ee5f01d
$GPGSV,2,1,07,10,00,000,26,13,00,000,40,15,39,058,40,18,48,218,45*76
$GPGSV,2,2,07,20,13,068,37,24,67,047,45,32,11,272,40,,,,*43
$GLGSV,3,1,09,70,17,072,42,72,24,306,37,73,49,099,47,74,27,160,38*6E
$GLGSV,3,2,09,85,00,000,31,86,37,244,47,87,33,295,47,90,00,000,38*69
$GLGSV,3,3,09,91,00,000,36,,,,,,,,,,,,*51
$GAGSV,2,1,06,03,25,266,46,11,07,161,35,16,17,127,40,31,14,073,37*68
$GAGSV,2,2,06,34,55,287,46,36,49,190,46,,,,,,,,*64
$GQGSV,1,1,03,02,00,000,31,03,43,170,44,07,53,169,38,,,,*4D
$GBGSV,5,1,17,01,48,147,48,02,35,243,45,03,55,202,49,04,37,120,42*61
$GBGSV,5,2,17,06,70,042,43,07,58,191,49,10,47,193,45,11,24,268,41*63
$GBGSV,5,3,17,12,13,296,41,20,29,306,44,23,49,086,49,27,00,000,26*60
$GBGSV,5,4,17,29,16,290,45,30,22,238,45,32,00,000,35,37,40,166,45*66
$GBGSV,5,5,17,41,22,086,43,,,,,,,,,,,,*51
#INSPVAXA,ICOM3,0,86.4,FINESTEERING,2427,544644.830,00000000,0330,797;WAITING_AZIMUTH,NONE,0.00000000000,0.00000000000,0.0000,0.0000,0.0000,0.0000,0.0000,0.000000000,0.000000000,-0.000000000,0.0000,0.0000,0.0000,0.0000,0.0000,0.0000,0.0000,0.0000,0.0000,00000000,18*aeaa2a99
$GPGSA,M,3,15,18,20,24,32,,,,,,,,1.3,0.6,1.1,1*2F
#RAWIMUA,ICOM3,0,86.4,FINESTEERING,2427,544644.826,00000000,0000,797;2427,544644.826037000,1a250031,1169103,270971,-518940,-17374,1565,-23536*fed8411b
#INSPVAXA,ICOM3,0,86.4,FINESTEERING,2427,544644.840,00000000,033a,797;WAITING_AZIMUTH,NONE,0.00000000000,0.00000000000,0.0000,0.0000,0.0000,0.0000,0.0000,0.000000000,0.000000000,-0.000000000,0.0000,0.0000,0.0000,0.0000,0.0000,0.0000,0.0000,0.0000,0.0000,00000000,18*18ef2771
#RAWIMUA,ICOM3,0,86.4,FINESTEERING,2427,544644.836,00000000,0000,797;2427,544644.836019000,1a240032,1166736,271829,-518751,-20095,-4559,-13973*6d6f3b24
#INSPVAXA,ICOM3,0,86.4,FINESTEERING,2427,544644.850,00000000,0344,797;WAITING_AZIMUTH,NONE,0.00000000000,0.00000000000,0.0000,0.0000,0.0000,0.0000,0.0000,0.000000000,0.000000000,-0.000000000,0.0000,0.0000,0.0000,0.0000,0.0000,0.0000,0.0000,0.0000,0.0000,00000000,18*f1080075
#RAWIMUA,ICOM3,0,86.4,FINESTEERING,2427,544644.846,00000000,0000,797;2427,544644.846012000,1a1e0033,1167687,268425,-518450,-17571,2125,-13909*5acaefe9
#INSPVAXA,ICOM3,0,86.4,FINESTEERING,2427,544644.860,00000000,034e,797;WAITING_AZIMUTH,NONE,0.00000000000,0.00000000000,0.0000,0.0000,0.0000,0.0000,0.0000,0.000000000,0.000000000,-0.000000000,0.0000,0.0000,0.0000,0.0000,0.0000,0.0000,0.0000,0.0000,0.0000,00000000,18*0baeefeb
#RAWIMUA,ICOM3,0,86.4,FINESTEERING,2427,544644.856,00000000,0000,797;2427,544644.856005000,1a1e0034,1169130,269374,-518298,-21177,4590,-16068*de44a0e7
#INSPVAXA,ICOM3,0,86.4,FINESTEERING,2427,544644.870,00000000,0358,797;WAITING_AZIMUTH,NONE,0.00000000000,0.00000000000,0.0000,0.0000,0.0000,0.0000,0.0000,0.000000000,0.000000000,-0.000000000,0.0000,0.0000,0.0000,0.0000,0.0000,0.0000,0.0000,0.0000,0.0000,00000000,18*f6da4dd2
#RAWIMUA,ICOM3,0,86.4,FINESTEERING,2427,544644.866,00000000,0000,797;2427,544644.866027000,1a1e0035,1168078,270555,-518278,-14915,-4489,-15907*910e3abc
#INSPVAXA,ICOM3,0,86.4,FINESTEERING,2427,544644.880,00000000,0362,797;WAITING_AZIMUTH,NONE,0.00000000000,0.00000000000,0.0000,0.0000,0.0000,0.0000,0.0000,0.000000000,0.000000000,-0.000000000,0.0000,0.0000,0.0000,0.0000,0.0000,0.0000,0.0000,0.0000,0.0000,00000000,18*f4f77148
#RAWIMUA,ICOM3,0,86.4,FINESTEERING,2427,544644.876,00000000,0000,797;2427,544644.876020000,1a1d0036,1169290,271702,-518030,-19112,-641,-19014*28f08fe7
#INSPVAXA,ICOM3,0,86.4,FINESTEERING,2427,544644.890,00000000,036c,797;WAITING_AZIMUTH,NONE,0.00000000000,0.00000000000,0.0000,0.0000,0.0000,0.0000,0.0000,0.000000000,0.000000000,-0.000000000,0.0000,0.0000,0.0000,0.0000,0.0000,0.0000,0.0000,0.0000,0.0000,00000000,18*28206fed
#RAWIMUA,ICOM3,0,86.4,FINESTEERING,2427,544644.886,00000000,0000,797;2427,544644.886013000,1a200037,1170114,270946,-518186,-16030,19,-10467*1500164b
#INSPVAXA,ICOM3,0,86.4,FINESTEERING,2427,544644.900,00000000,0376,797;WAITING_AZIMUTH,NONE,0.00000000000,0.00000000000,0.0000,0.0000,0.0000,0.0000,0.0000,0.000000000,0.000000000,-0.000000000,0.0000,0.0000,0.0000,0.0000,0.0000,0.0000,0.0000,0.0000,0.0000,00000000,18*bb37847f
#RAWIMUA,ICOM3,0,86.4,FINESTEERING,2427,544644.896,00000000,0000,797;2427,544644.896005000,1a230038,1168403,270619,-521134,-20849,-708,-14449*5c44cd9d
#INSPVAXA,ICOM3,0,86.4,FINESTEERING,2427,544644.910,00000000,0380,797;WAITING_AZIMUTH,NONE,0.00000000000,0.00000000000,0.0000,0.0000,0.0000,0.0000,0.0000,0.000000000,0.000000000,-0.000000000,0.0000,0.0000,0.0000,0.0000,0.0000,0.0000,0.0000,0.0000,0.0000,00000000,18*680ac10f
#RAWIMUA,ICOM3,0,86.4,FINESTEERING,2427,544644.906,00000000,0000,797;2427,544644.906061000,1a230039,1168650,270735,-519626,-28226,9094,-810*c7939199
#INSPVAXA,ICOM3,0,86.4,FINESTEERING,2427,544644.920,00000000,038a,797;WAITING_AZIMUTH,NONE,0.00000000000,0.00000000000,0.0000,0.0000,0.0000,0.0000,0.0000,0.000000000,0.000000000,-0.000000000,0.0000,0.0000,0.0000,0.0000,0.0000,0.0000,0.0000,0.0000,0.0000,00000000,18*92ac2e91
#RAWIMUA,ICOM3,0,86.4,FINESTEERING,2427,544644.916,00000000,0000,797;2427,544644.916051000,1a27003a,1168642,268061,-518676,-26587,2184,1065*3c8c5cf5
#INSPVAXA,ICOM3,0,86.4,FINESTEERING,2427,544644.930,00000000,0394,797;WAITING_AZIMUTH,NONE,0.00000000000,0.00000000000,0.0000,0.0000,0.0000,0.0000,0.0000,0.000000000,0.000000000,-0.000000000,0.0000,0.0000,0.0000,0.0000,0.0000,0.0000,0.0000,0.0000,0.0000,00000000,18*2d524ea5
#RAWIMUA,ICOM3,0,86.4,FINESTEERING,2427,544644.926,00000000,0000,797;2427,544644.926019000,1a25003b,1170175,268660,-517635,-21964,3076,-12462*f628a1f0
#INSPVAXA,ICOM3,0,86.4,FINESTEERING,2427,544644.940,00000000,039e,797;WAITING_AZIMUTH,NONE,0.00000000000,0.00000000000,0.0000,0.0000,0.0000,0.0000,0.0000,0.000000000,0.000000000,-0.000000000,0.0000,0.0000,0.0000,0.0000,0.0000,0.0000,0.0000,0.0000,0.0000,00000000,18*9b17434d
#RAWIMUA,ICOM3,0,86.4,FINESTEERING,2427,544644.936,00000000,0000,797;2427,544644.936006000,1a20003c,1171056,269189,-517084,-17046,12328,-19776*69eaf258
#INSPVAXA,ICOM3,0,86.4,FINESTEERING,2427,544644.950,00000000,03a8,797;WAITING_AZIMUTH,NONE,0.00000000000,0.00000000000,0.0000,0.0000,0.0000,0.0000,0.0000,0.000000000,0.000000000,-0.000000000,0.0000,0.0000,0.0000,0.0000,0.0000,0.0000,0.0000,0.0000,0.0000,00000000,18*0bded838
#RAWIMUA,ICOM3,0,86.4,FINESTEERING,2427,544644.946,00000000,0000,797;2427,544644.946029000,1a1f003d,1169078,268115,-519563,-21308,4031,-24119*71627be0
#INSPVAXA,ICOM3,0,86.4,FINESTEERING,2427,544644.960,00000000,03b2,797;WAITING_AZIMUTH,NONE,0.00000000000,0.00000000000,0.0000,0.0000,0.0000,0.0000,0.0000,0.000000000,0.000000000,-0.000000000,0.0000,0.0000,0.0000,0.0000,0.0000,0.0000,0.0000,0.0000,0.0000,00000000,18*dcd7c238
#RAWIMUA,ICOM3,0,86.4,FINESTEERING,2427,544644.956,00000000,0000,797;2427,544644.956021000,1a24003e,1167984,271140,-518679,-28948,3169,-18478*ed5a3358
#INSPVAXA,ICOM3,0,86.4,FINESTEERING,2427,544644.970,00000000,03bc,797;WAITING_AZIMUTH,NONE,0.00000000000,0.00000000000,0.0000,0.0000,0.0000,0.0000,0.0000,0.000000000,0.000000000,-0.000000000,0.0000,0.0000,0.0000,0.0000,0.0000,0.0000,0.0000,0.0000,0.0000,00000000,18*0000dc9d
#RAWIMUA,ICOM3,0,86.4,FINESTEERING,2427,544644.966,00000000,0000,797;2427,544644.966014000,1a24003f,1170503,271769,-517770,-20489,-7719,-3836*e94f941a
#INSPVAXA,ICOM3,0,86.4,FINESTEERING,2427,544644.980,00000000,03c6,797;WAITING_AZIMUTH,NONE,0.00000000000,0.00000000000,0.0000,0.0000,0.0000,0.0000,0.0000,0.000000000,0.000000000,-0.000000000,0.0000,0.0000,0.0000,0.0000,0.0000,0.0000,0.0000,0.0000,0.0000,00000000,18*4cab6b08
#RAWIMUA,ICOM3,0,86.4,FINESTEERING,2427,544644.976,00000000,0000,797;2427,544644.976007000,1a1e0040,1169172,268088,-519038,-22685,-414,-12806*f0bde93b
#INSPVAXA,ICOM3,0,86.4,FINESTEERING,2427,544644.990,00000000,03d0,797;WAITING_AZIMUTH,NONE,0.00000000000,0.00000000000,0.0000,0.0000,0.0000,0.0000,0.0000,0.000000000,0.000000000,-0.000000000,0.0000,0.0000,0.0000,0.0000,0.0000,0.0000,0.0000,0.0000,0.0000,00000000,18*e165d807
#RAWIMUA,ICOM3,0,86.4,FINESTEERING,2427,544644.986,00000000,0000,797;2427,544644.985999000,1a210041,1168611,270513,-518967,-20751,7816,-22263*eda6ace8
#INSPVAXA,ICOM3,0,86.4,FINESTEERING,2427,544645.000,00000000,03d9,797;WAITING_AZIMUTH,NONE,0.00000000000,0.00000000000,0.0000,0.0000,0.0000,0.0000,0.0000,0.000000000,0.000000000,-0.000000000,0.0000,0.0000,0.0000,0.0000,0.0000,0.0000,0.0000,0.0000,0.0000,00000000,19*9dd60619
#INSCALSTATUSA,ICOM3,0,86.4,FINESTEERING,2427,544645.000,00000000,0000,797;RBV,0.0000,0.0000,0.0000,45.0000,45.0000,45.0000,CALIBRATED,0*89885a2f
#RAWIMUA,ICOM3,0,86.4,FINESTEERING,2427,544644.996,00000000,0000,797;2427,544644.996024000,1a260042,1169599,271065,-519237,-14817,6537,-23972*d9c741a7
#INSPVAXA,ICOM3,0,86.4,FINESTEERING,2427,544645.010,00000000,0000,797;WAITING_AZIMUTH,NONE,0.00000000000,0.00000000000,0.0000,0.0000,0.0000,0.0000,0.0000,0.000000000,0.000000000,-0.000000000,0.0000,0.0000,0.0000,0.0000,0.0000,0.0000,0.0000,0.0000,0.0000,00000000,19*6fff784e
#RAWIMUA,ICOM3,0,86.4,FINESTEERING,2427,544645.006,00000000,0000,797;2427,544645.006040603,1a220043,1169892,268776,-518883,-16751,-4490,-14266*3e780c45
#INSPVAXA,ICOM3,0,86.4,FINESTEERING,2427,544645.020,00000000,0006,797;WAITING_AZIMUTH,NONE,0.00000000000,0.00000000000,0.0000,0.0000,0.0000,0.0000,0.0000,0.000000000,0.000000000,-0.000000000,0.0000,0.0000,0.0000,0.0000,0.0000,0.0000,0.0000,0.0000,0.0000,00000000,19*1d8de1fd
#RAWIMUA,ICOM3,0,86.4,FINESTEERING,2427,544645.016,00000000,0000,797;2427,544645.016078000,1a200044,1168725,272137,-517346,-20948,7487,-20917*519f50cb
#INSPVAXA,ICOM3,0,86.4,FINESTEERING,2427,544645.030,00000000,0010,797;WAITING_AZIMUTH,NONE,0.00000000000,0.00000000000,0.0000,0.0000,0.0000,0.0000,0.0000,0.000000000,0.000000000,-0.000000000,0.0000,0.0000,0.0000,0.0000,0.0000,0.0000,0.0000,0.0000,0.0000,00000000,19*e65a15c2
#RAWIMUA,ICOM3,0,86.4,FINESTEERING,2427,544645.026,00000000,0000,797;2427,544645.026079000,1a200045,1169787,271959,-518427,-25702,5081,-12390*92e1212f
#BESTPOSA,ICOM3,0,86.4,FINESTEERING,2427,544645.000,03e1c006,0001,797;SOL_COMPUTED,NARROW_INT,31.16378117865,121.45380071297,6.0477,11.0314,WGS84,0.0124,0.0108,0.0235,"1793",1.000,0.023,42,34,34,34,0F,00,30,37*ed603b02
$GPGGA,071707.00,3109.8268707,N,12127.2280428,E,4,34,0.6,6.048,M,11.031,M,1.000,1793*4B
#BESTGNSSPOSA,ICOM3,0,86.4,FINESTEERING,2427,544645.000,03e1c006,0001,797;SOL_COMPUTED,NARROW_INT,31.16378117865,121.45380071297,6.0477,11.0314,WGS84,0.0124,0.0108,0.0235,"1793",1.000,0.023,42,34,34,34,0F,00,30,37*cdd4ad70
#HEADINGA,ICOM3,0,86.4,FINESTEERING,2427,544645.000,00000000,0000,797;SOL_COMPUTED,NONE,0.000000000,0.000000000,0.000000000,0.0,0.000000000,0.000000000,"1793",0,0,0,0,0,00,30,37*c34ab54d
#INSPVAXA,ICOM3,0,86.4,FINESTEERING,2427,544645.040,00000000,001a,797;WAITING_AZIMUTH,NONE,0.00000000000,0.00000000000,0.0000,0.0000,0.0000,0.0000,0.0000,0.000000000,0.000000000,-0.000000000,0.0000,0.0000,0.0000,0.0000,0.0000,0.0000,0.0000,0.0000,0.0000,00000000,19*501f182a
$GPGSV,2,1,07,10,00,000,26,13,00,000,40,15,39,058,40,18,48,218,45*76
$GPGSV,2,2,07,20,13,068,37,24,67,047,45,32,11,272,40,,,,*43
$GLGSV,3,1,09,70,17,072,42,72,24,306,37,73,49,099,47,74,27,160,38*6E
$GLGSV,3,2,09,85,00,000,31,86,37,244,47,87,33,295,47,90,00,000,38*69
$GLGSV,3,3,09,91,00,000,36,,,,,,,,,,,,*51
$GAGSV,2,1,06,03,25,266,46,11,07,161,35,16,17,127,40,31,14,073,37*68
$GAGSV,2,2,06,34,55,287,46,36,49,190,46,,,,,,,,*64
$GQGSV,1,1,03,02,00,000,31,03,43,170,44,07,53,169,38,,,,*4D
$GBGSV,5,1,17,01,48,147,48,02,35,243,45,03,55,202,48,04,37,120,42*60
$GBGSV,5,2,17,06,70,042,43,07,58,191,49,10,47,193,46,11,24,268,41*60
$GBGSV,5,3,17,12,13,296,41,20,29,306,44,23,49,086,49,27,00,000,26*60
$GBGSV,5,4,17,29,16,290,45,30,22,238,45,32,00,000,35,37,40,166,45*66
$GBGSV,5,5,17,41,22,086,43,,,,,,,,,,,,*51
$GPGSA,M,3,15,18,20,24,32,,,,,,,,1.3,0.6,1.1,1*2F
™D*  †H   ¨¥{	àüv ¿·     2   6êÌ)?@ÜE%]^@Ç◊®Ã0@ÃÄ0A=   Ü√K<É¸0<≠ñ¿<1793  Ä?∞ˇ∫<*""" 07‡È©Œ™D7 †0   ¨¥{	àüv                                           1793      07YbJ#RAWIMUA,ICOM3,0,86.4,FINESTEERING,2427,544645.036,00000000,0000,797;2427,544645.036045000,1a200046,1169838,271026,-516973,-18095,479,-15723*35b51851
#TRACKSTATA,ICOM3,0,86.4,FINESTEERING,2427,544645.000,00000000,0000,797;SOL_COMPUTED,NARROW_INT,0.0,108,10,0,00181444,23516967.815,2819.391,25.750,0.000,0.000,GOOD,0.000,10,0,01d81484,23517376.178,2105.445,27.750,0.200,0.000,GOOD,0.000,13,0,10181d44,23209328.635,2562.544,39.750,19.100,0.000,GOOD,0.000,15,0,00101f44,21735618.737,-2096.360,39.750,20.300,0.000,GOOD,0.000,15,0,12301f64,21735622.896,-1633.708,42.250,18.200,0.000,GOOD,0.000,18,0,00101cc4,21544311.058,-2311.831,45.000,19.100,0.000,GOOD,0.000,18,0,12301ce4,21544308.652,-1801.418,45.250,17.900,0.000,GOOD,0.000,18,0,01d01d04,21544330.603,-1726.379,47.250,17.700,0.000,GOOD,0.000,20,0,00101e44,24439279.542,-2493.387,37.250,7.800,0.000,GOOD,0.000,20,0,02301e64,24439282.503,-1942.925,38.750,13.300,0.000,GOOD,0.000,24,0,00101ec4,20197115.097,-1512.247,44.750,19.100,0.000,GOOD,0.000,24,0,02301ee4,20197116.331,-1178.342,43.000,17.300,0.000,GOOD,0.000,24,0,01d01f04,20197134.282,-1129.198,47.750,18.500,0.000,GOOD,0.000,32,0,10101dc4,24780232.539,1883.039,39.500,18.900,0.000,GOOD,0.000,32,0,12301de4,24780239.743,1467.272,37.750,17.000,0.000,GOOD,0.000,32,0,01d01e04,24780256.550,1406.047,39.250,17.100,0.000,GOOD,0.000,43,3,00111d44,23050066.903,-2069.292,42.250,19.500,0.000,GOOD,0.000,43,3,10311d64,23050068.407,-1609.087,43.000,20.100,0.000,GOOD,0.000,45,13,00111644,22459031.312,1682.085,36.500,17.200,0.000,GOOD,0.000,45,13,10311e64,22459029.442,1308.307,41.750,16.600,0.000,GOOD,0.000,46,5,10111dc4,20427741.227,960.030,46.500,19.900,0.000,GOOD,0.000,46,5,00311de4,20427746.144,746.687,47.000,20.300,0.000,GOOD,0.000,47,0,00191cc4,22186638.405,3828.379,37.500,6.900,0.000,GOOD,0.000,58,11,003916e4,24547009.034,-3377.840,30.500,0.800,0.000,GOOD,0.000,59,4,10111d84,21266859.801,-2616.637,46.500,18.400,0.000,GOOD,0.000,59,4,10311da4,21266860.765,-2035.201,44.750,18.600,0.000,GOOD,0.000,60,10,00111e04,21584178.208,31.545,46.500,18.600,0.000,GOOD,0.000,63,1,00191d04,21820817.490,1444.384,38.000,17.900,0.000,GOOD,0.000,64,2,00191e84,22028331.996,-1657.222,35.750,9.800,0.000,GOOD,0.000,3,0,00331fc4,26465210.808,1328.134,46.250,19.100,0.000,GOOD,0.000,3,0,12331c24,26465220.389,1017.842,45.000,17.600,0.000,GOOD,0.000,3,0,11931fe4,26465220.187,991.970,36.750,17.600,0.000,GOOD,0.000,3,0,10d31c04,26465386.999,1078.200,42.500,17.400,0.000,GOOD,0.000,11,0,003314c4,26597483.706,-3300.147,35.000,0.200,0.000,GOOD,0.000,11,0,02331d24,26597495.443,-2527.905,40.250,16.300,0.000,GOOD,0.000,11,0,11931ce4,26597496.639,-2463.795,32.750,16.900,0.000,GOOD,0.000,11,0,00d31d04,26597662.164,-2677.675,38.500,17.000,0.000,GOOD,0.000,16,0,00331f44,27230074.978,2118.721,40.250,19.100,0.000,GOOD,0.000,16,0,023317a4,27230078.288,1625.040,27.000,0.000,0.000,GOOD,0.000,16,0,11931f64,27230084.205,1581.843,37.500,17.900,0.000,GOOD,0.000,31,0,10331c44,27584632.674,638.754,37.250,11.500,0.000,GOOD,0.000,31,0,12331ca4,27584641.883,488.754,46.000,18.300,0.000,GOOD,0.000,31,0,11931c64,27584642.817,476.564,38.000,17.800,0.000,GOOD,0.000,31,0,10d31c84,27584809.013,518.006,43.250,16.700,0.000,GOOD,0.000,34,0,00331dc4,24348909.156,248.782,45.750,19.900,0.000,GOOD,0.000,34,0,02331e24,24348915.460,190.433,49.750,19.000,0.000,GOOD,0.000,34,0,01931de4,24348917.570,185.824,42.250,17.000,0.000,GOOD,0.000,34,0,00d31e04,24349085.183,201.876,45.250,18.900,0.000,GOOD,0.000,36,0,10331d44,24776579.630,-2430.473,46.000,20.800,0.000,GOOD,0.000,36,0,02331da4,24776585.920,-1862.225,50.250,19.300,0.000,GOOD,0.000,36,0,01931d64,24776586.908,-1815.034,42.250,18.400,0.000,GOOD,0.000,36,0,00d31d84,24776754.157,-1972.813,46.500,18.500,0.000,GOOD,0.000,194,0,001d17c4,37848739.900,-21.198,30.750,5.600,0.000,GOOD,0.000,195,0,10151f44,36634146.494,-113.540,44.250,18.800,0.000,GOOD,0.000,195,0,02351f64,36634140.050,-88.677,45.250,18.700,0.000,GOOD,0.000,195,0,01d51f84,36634159.722,-84.968,43.000,18.500,0.000,GOOD,0.000,199,0,00151ec4,36992829.532,-164.867,38.000,18.700,0.000,GOOD,0.000,199,0,12351ee4,36992825.794,-128.242,44.750,18.800,0.000,GOOD,0.000,199,0,11d51f04,36992846.263,-123.118,47.250,18.700,0.000,GOOD,0.000,1,0,00941c04,37288811.467,-175.093,48.250,20.200,0.000,GOOD,0.000,1,0,00d41c24,37288811.278,-142.353,47.000,19.900,0.000,GOOD,0.000,2,0,00941c64,38319071.792,-144.547,45.250,20.000,0.000,GOOD,0.000,2,0,00d41c84,38319063.271,-117.501,44.250,19.600,0.000,GOOD,0.000,3,0,00941cc4,36927633.326,-160.994,48.250,19.900,0.000,GOOD,0.000,3,0,00d41ce4,36927628.457,-130.843,47.750,18.900,0.000,GOOD,0.000,4,0,10941d24,38154886.714,-196.303,42.000,18.500,0.000,GOOD,0.000,4,0,10d41d44,38154888.070,-159.458,45.750,19.600,0.000,GOOD,0.000,6,0,00141e44,36172439.288,263.090,42.500,19.900,0.000,GOOD,0.000,6,0,10541e64,36172445.540,213.759,44.500,19.800,0.000,GOOD,0.000,7,0,00141de4,36872909.256,731.337,49.000,18.800,0.000,GOOD,0.000,7,0,00541e04,36872912.768,594.317,46.500,17.700,0.000,GOOD,0.000,10,0,00141d84,37795478.548,860.951,45.500,19.400,0.000,GOOD,0.000,10,0,00341dc4,37795480.916,665.845,46.000,19.400,0.000,GOOD,0.000,10,0,10541da4,37795485.083,699.606,42.500,17.900,0.000,GOOD,0.000,11,0,00141ea4,25094795.904,-1312.323,40.750,18.700,0.000,GOOD,0.000,11,0,10541ec4,25094802.735,-1066.032,42.500,19.700,0.000,GOOD,0.000,12,0,00141f04,25749520.176,1965.517,40.750,18.400,0.000,GOOD,0.000,12,0,10541f24,25749527.477,1597.369,39.750,16.900,0.000,GOOD,0.000,20,0,10141e84,24630099.190,1676.247,44.250,19.800,0.000,GOOD,0.000,20,0,01341ea4,24630103.895,1263.168,45.000,17.800,0.000,GOOD,0.000,20,0,00541ec4,24630102.562,1362.247,42.750,17.700,0.000,GOOD,0.000,20,0,10f41ee4,24630095.209,1691.499,44.000,19.000,0.000,GOOD,0.000,23,0,10141d44,23035030.439,-168.839,48.750,20.300,0.000,GOOD,0.000,23,0,11341d64,23035030.496,-127.025,50.500,18.800,0.000,GOOD,0.000,23,0,00541d84,23035026.909,-137.108,46.500,18.400,0.000,GOOD,0.000,23,0,10f41da4,23035025.806,-170.277,46.500,19.000,0.000,GOOD,0.000,27,0,001c1724,26506643.948,-2831.109,25.750,0.000,0.000,GOOD,0.000,27,0,00fc1784,26506781.296,-2856.872,31.750,0.300,0.000,GOOD,0.000,29,0,10141d04,25412218.840,-457.187,45.000,19.100,0.000,GOOD,0.000,29,0,01341524,25412227.184,-344.646,41.250,0.600,0.000,GOOD,0.000,29,0,00541d44,25412226.546,-371.506,41.250,17.300,0.000,GOOD,0.000,29,0,10f41d64,25412216.871,-461.291,43.000,18.700,0.000,GOOD,0.000,30,0,00141de4,24839755.011,-2314.102,45.000,19.600,0.000,GOOD,0.000,30,0,01341e04,24839768.456,-1743.978,44.500,18.700,0.000,GOOD,0.000,30,0,10541e24,24839766.994,-1880.439,42.500,18.900,0.000,GOOD,0.000,30,0,10f41e44,24839753.137,-2335.300,43.500,19.100,0.000,GOOD,0.000,32,0,101c1e44,22654477.000,-93.779,35.000,7.300,0.000,GOOD,0.000,32,0,113c1e64,22654484.530,-71.056,40.750,6.000,0.000,GOOD,0.000,32,0,005c1684,22654481.775,-76.432,39.500,5.600,0.000,GOOD,0.000,32,0,00fc16a4,22654469.821,-95.139,33.000,0.500,0.000,GOOD,0.000,37,0,00141fc4,23719849.326,2496.843,44.750,19.100,0.000,GOOD,0.000,37,0,11341fe4,23719861.910,1881.646,46.500,19.200,0.000,GOOD,0.000,37,0,00541c04,23719862.448,2028.991,47.250,18.700,0.000,GOOD,0.000,37,0,10f41c24,23719851.179,2519.863,44.000,19.600,0.000,GOOD,0.000,41,0,10141c64,25285473.038,-1833.785,43.000,19.900,0.000,GOOD,0.000,41,0,11341c84,25285496.273,-1381.953,48.250,18.900,0.000,GOOD,0.000,41,0,00541ca4,25285492.262,-1489.984,46.250,18.500,0.000,GOOD,0.000,41,0,10f41cc4,25285472.729,-1850.540,43.750,20.500,0.000,GOOD,0.000*837aa637
#INSPVAXA,ICOM3,0,86.4,FINESTEERING,2427,544645.050,00000000,0024,797;WAITING_AZIMUTH,NONE,0.00000000000,0.00000000000,0.0000,0.0000,0.0000,0.0000,0.0000,0.000000000,0.000000000,-0.000000000,0.0000,0.0000,0.0000,0.0000,0.0000,0.0000,0.0000,0.0000,0.0000,00000000,19*6b394731
#RAWIMUA,ICOM3,0,86.4,FINESTEERING,2427,544645.046,00000000,0000,797;2427,544645.046034000,1a1f0047,1169097,269898,-518272,-20161,4789,-13669*4d4e9d9f
#INSPVAXA,ICOM3,0,86.4,FINESTEERING,2427,544645.060,00000000,002e,797;WAITING_AZIMUTH,NONE,0.00000000000,0.00000000000,0.0000,0.0000,0.0000,0.0000,0.0000,0.000000000,0.000000000,-0.000000000,0.0000,0.0000,0.0000,0.0000,0.0000,0.0000,0.0000,0.0000,0.0000,00000000,19*919fa8af
#RAWIMUA,ICOM3,0,86.4,FINESTEERING,2427,544645.056,00000000,0000,797;2427,544645.056077000,1a1e0048,1170267,270990,-517170,-15177,3739,-15049*971c1a36
#INSPVAXA,ICOM3,0,86.4,FINESTEERING,2427,544645.070,00000000,0038,797;WAITING_AZIMUTH,NONE,0.00000000000,0.00000000000,0.0000,0.0000,0.0000,0.0000,0.0000,0.000000000,0.000000000,-0.000000000,0.0000,0.0000,0.0000,0.0000,0.0000,0.0000,0.0000,0.0000,0.0000,00000000,19*6ceb0a96
#RAWIMUA,ICOM3,0,86.4,FINESTEERING,2427,544645.066,00000000,0000,797;2427,544645.066059000,1a1f0049,1170074,270267,-517456,-23276,-6273,-16939*97fbb1dd
#INSPVAXA,ICOM3,0,86.4,FINESTEERING,2427,544645.080,00000000,0042,797;WAITING_AZIMUTH,NONE,0.00000000000,0.00000000000,0.0000,0.0000,0.0000,0.0000,0.0000,0.000000000,0.000000000,-0.000000000,0.0000,0.0000,0.0000,0.0000,0.0000,0.0000,0.0000,0.0000,0.0000,00000000,19*bc074e13
#RAWIMUA,ICOM3,0,86.4,FINESTEERING,2427,544645.076,00000000,0000,797;2427,544645.076050000,1a1e004a,1169637,269586,-519679,-24554,2909,-16801*15707506
#INSPVAXA,ICOM3,0,86.4,FINESTEERING,2427,544645.090,00000000,004c,797;WAITING_AZIMUTH,NONE,0.00000000000,0.00000000000,0.0000,0.0000,0.0000,0.0000,0.0000,0.000000000,0.000000000,-0.000000000,0.0000,0.0000,0.0000,0.0000,0.0000,0.0000,0.0000,0.0000,0.0000,00000000,19*60d050b6
#RAWIMUA,ICOM3,0,86.4,FINESTEERING,2427,544645.086,00000000,0000,797;2427,544645.086039000,1a20004b,1167983,270290,-518571,-17538,5317,-21516*75919df0
#INSPVAXA,ICOM3,0,86.4,FINESTEERING,2427,544645.100,00000000,0056,797;WAITING_AZIMUTH,NONE,0.00000000000,0.00000000000,0.0000,0.0000,0.0000,0.0000,0.0000,0.000000000,0.000000000,-0.000000000,0.0000,0.0000,0.0000,0.0000,0.0000,0.0000,0.0000,0.0000,0.0000,00000000,19*f3c7bb24
#RAWIMUA,ICOM3,0,86.4,FINESTEERING,2427,544645.096,00000000,0000,797;2427,544645.096023000,1a20004c,1169420,270362,-517818,-13603,5682,-18653*1535eb2d
#INSPVAXA,ICOM3,0,86.4,FINESTEERING,2427,544645.110,00000000,0060,797;WAITING_AZIMUTH,NONE,0.00000000000,0.00000000000,0.0000,0.0000,0.0000,0.0000,0.0000,0.000000000,0.000000000,-0.000000000,0.0000,0.0000,0.0000,0.0000,0.0000,0.0000,0.0000,0.0000,0.0000,00000000,19*8cc87034
#RAWIMUA,ICOM3,0,86.4,FINESTEERING,2427,544645.106,00000000,0000,797;2427,544645.106167000,1a1f004d,1168534,269413,-517839,-15636,1139,-24029*7d8b05b6
#INSPVAXA,ICOM3,0,86.4,FINESTEERING,2427,544645.120,00000000,006a,797;WAITING_AZIMUTH,NONE,0.00000000000,0.00000000000,0.0000,0.0000,0.0000,0.0000,0.0000,0.000000000,0.000000000,-0.000000000,0.0000,0.0000,0.0000,0.0000,0.0000,0.0000,0.0000,0.0000,0.0000,00000000,19*766e9faa
#RAWIMUA,ICOM3,0,86.4,FINESTEERING,2427,544645.116,00000000,0000,797;2427,544645.116110000,1a1d004e,1168939,270513,-518902,-23505,5872,-18429*5b730116
#INSPVAXA,ICOM3,0,86.4,FINESTEERING,2427,544645.130,00000000,0074,797;WAITING_AZIMUTH,NONE,0.00000000000,0.00000000000,0.0000,0.0000,0.0000,0.0000,0.0000,0.000000000,0.000000000,-0.000000000,0.0000,0.0000,0.0000,0.0000,0.0000,0.0000,0.0000,0.0000,0.0000,00000000,19*c990ff9e
#RAWIMUA,ICOM3,0,86.4,FINESTEERING,2427,544645.126,00000000,0000,797;2427,544645.126142000,1a1c004f,1167362,271367,-518976,-15964,-2679,-23160*3d40c646
#INSPVAXA,ICOM3,0,86.4,FINESTEERING,2427,544645.140,00000000,007e,797;WAITING_AZIMUTH,NONE,0.00000000000,0.00000000000,0.0000,0.0000,0.0000,0.0000,0.0000,0.000000000,0.000000000,-0.000000000,0.0000,0.0000,0.0000,0.0000,0.0000,0.0000,0.0000,0.0000,0.0000,00000000,19*7fd5f276
#RAWIMUA,ICOM3,0,86.4,FINESTEERING,2427,544645.136,00000000,0000,797;2427,544645.136091000,1a1a0050,1168282,270710,-518969,-18587,6106,-13760*545e43bc
#INSPVAXA,ICOM3,0,86.4,FINESTEERING,2427,544645.150,00000000,0088,797;WAITING_AZIMUTH,NONE,0.00000000000,0.00000000000,0.0000,0.0000,0.0000,0.0000,0.0000,0.000000000,0.000000000,-0.000000000,0.0000,0.0000,0.0000,0.0000,0.0000,0.0000,0.0000,0.0000,0.0000,00000000,19*aa4be100
#RAWIMUA,ICOM3,0,86.4,FINESTEERING,2427,544645.146,00000000,0000,797;2427,544645.146072000,1a190051,1168864,270655,-518051,-16882,-5675,-1787*bc011907
#INSPVAXA,ICOM3,0,86.4,FINESTEERING,2427,544645.160,00000000,0092,797;WAITING_AZIMUTH,NONE,0.00000000000,0.00000000000,0.0000,0.0000,0.0000,0.0000,0.0000,0.000000000,0.000000000,-0.000000000,0.0000,0.0000,0.0000,0.0000,0.0000,0.0000,0.0000,0.0000,0.0000,00000000,19*f99ac42f
#RAWIMUA,ICOM3,0,86.4,FINESTEERING,2427,544645.156,00000000,0000,797;2427,544645.156162000,1a1b0052,1169983,269112,-518198,-24587,-1468,-10217*a4d26f2d
#INSPVAXA,ICOM3,0,86.4,FINESTEERING,2427,544645.170,00000000,009c,797;WAITING_AZIMUTH,NONE,0.00000000000,0.00000000000,0.0000,0.0000,0.0000,0.0000,0.0000,0.000000000,0.000000000,-0.000000000,0.0000,0.0000,0.0000,0.0000,0.0000,0.0000,0.0000,0.0000,0.0000,00000000,19*254dda8a
#RAWIMUA,ICOM3,0,86.4,FINESTEERING,2427,544645.166,00000000,0000,797;2427,544645.166087000,1a1d0053,1169653,271536,-518193,-21636,-1268,-11298*e3e472c7
#INSPVAXA,ICOM3,0,86.4,FINESTEERING,2427,544645.180,00000000,00a6,797;WAITING_AZIMUTH,NONE,0.00000000000,0.00000000000,0.0000,0.0000,0.0000,0.0000,0.0000,0.000000000,0.000000000,-0.000000000,0.0000,0.0000,0.0000,0.0000,0.0000,0.0000,0.0000,0.0000,0.0000,00000000,19*045b5453
#RAWIMUA,ICOM3,0,86.4,FINESTEERING,2427,544645.176,00000000,0000,797;2427,544645.176073000,1a1e0054,1168644,271266,-519009,-25767,3073,-2412*e0c9d30a
#INSPVAXA,ICOM3,0,86.4,FINESTEERING,2427,544645.190,00000000,00b0,797;WAITING_AZIMUTH,NONE,0.00000000000,0.00000000000,0.0000,0.0000,0.0000,0.0000,0.0000,0.000000000,0.000000000,-0.000000000,0.0000,0.0000,0.0000,0.0000,0.0000,0.0000,0.0000,0.0000,0.0000,00000000,19*7b549f43
#RAWIMUA,ICOM3,0,86.4,FINESTEERING,2427,544645.186,00000000,0000,797;2427,544645.186065000,1a1f0055,1169145,269488,-519743,-19243,2288,5276*abbe9828
#INSPVAXA,ICOM3,0,86.4,FINESTEERING,2427,544645.200,00000000,00ba,797;WAITING_AZIMUTH,NONE,0.00000000000,0.00000000000,0.0000,0.0000,0.0000,0.0000,0.0000,0.000000000,0.000000000,-0.000000000,0.0000,0.0000,0.0000,0.0000,0.0000,0.0000,0.0000,0.0000,0.0000,00000000,19*3a479295
#RAWIMUA,ICOM3,0,86.4,FINESTEERING,2427,544645.196,00000000,0000,797;2427,544645.196059000,1a220056,1168749,268939,-516357,-21702,-2519,-6671*55d633c3
#INSPVAXA,ICOM3,0,86.4,FINESTEERING,2427,544645.210,00000000,00c4,797;WAITING_AZIMUTH,NONE,0.00000000000,0.00000000000,0.0000,0.0000,0.0000,0.0000,0.0000,0.000000000,0.000000000,-0.000000000,0.0000,0.0000,0.0000,0.0000,0.0000,0.0000,0.0000,0.0000,0.0000,00000000,19*85b9f2a1
#RAWIMUA,ICOM3,0,86.4,FINESTEERING,2427,544645.206,00000000,0000,797;2427,544645.206081000,1a250057,1171616,266109,-517114,-22816,-2257,-34857*39e756dd
#INSPVAXA,ICOM3,0,86.4,FINESTEERING,2427,544645.220,00000000,00ce,797;WAITING_AZIMUTH,NONE,0.00000000000,0.00000000000,0.0000,0.0000,0.0000,0.0000,0.0000,0.000000000,0.000000000,-0.000000000,0.0000,0.0000,0.0000,0.0000,0.0000,0.0000,0.0000,0.0000,0.0000,00000000,19*7f1f1d3f
#RAWIMUA,ICOM3,0,86.4,FINESTEERING,2427,544645.216,00000000,0000,797;2427,544645.216095000,1a230058,1171158,273434,-520906,-15538,3048,-50268*818935a9
$GPGGA,071707.20,3109.8268697,N,12127.2280435,E,4,34,0.6,6.045,M,11.031,M,1.200,1793*42
#BESTGNSSPOSA,ICOM3,0,85.9,FINESTEERING,2427,544645.200,03e1c006,0000,797;SOL_COMPUTED,NARROW_INT,31.16378116215,121.45380072424,6.0452,11.0314,WGS84,0.0130,0.0113,0.0241,"1793",1.200,0.016,42,34,34,34,0F,00,30,37*d6480809
#HEADINGA,ICOM3,0,85.9,FINESTEERING,2427,544645.200,00000000,0000,797;SOL_COMPUTED,NONE,0.000000000,0.000000000,0.000000000,0.0,0.000000000,0.000000000,"1793",0,0,0,0,0,00,30,37*071284c2
#INSPVAXA,ICOM3,0,85.9,FINESTEERING,2427,544645.230,00000000,00d8,797;WAITING_AZIMUTH,NONE,0.00000000000,0.00000000000,0.0000,0.0000,0.0000,0.0000,0.0000,0.000000000,0.000000000,-0.000000000,0.0000,0.0000,0.0000,0.0000,0.0000,0.0000,0.0000,0.0000,0.0000,00000000,19*8fd7e7b1
$GPGSV,2,1,07,10,00,000,26,13,00,000,40,15,39,058,40,18,48,218,45*76
$GPGSV,2,2,07,20,13,068,38,24,67,047,45,32,11,272,40,,,,*4C
$GLGSV,3,1,09,70,17,072,42,72,24,306,37,73,49,099,47,74,27,160,38*6E
$GLGSV,3,2,09,85,00,000,31,86,37,244,47,87,33,295,47,90,00,000,38*69
$GLGSV,3,3,09,91,00,000,36,,,,,,,,,,,,*51
$GAGSV,2,1,06,03,25,266,46,11,07,161,35,16,17,127,40,31,14,073,37*68
$GAGSV,2,2,06,34,55,287,46,36,49,190,46,,,,,,,,*64
$GQGSV,1,1,03,02,00,000,31,03,43,170,44,07,53,169,38,,,,*4D
$GBGSV,5,1,17,01,48,147,48,02,35,243,45,03,55,202,48,04,37,120,42*60
$GBGSV,5,2,17,06,70,042,43,07,58,191,49,10,47,193,46,11,24,268,41*60
$GBGSV,5,3,17,12,13,296,41,20,29,306,44,23,49,086,49,27,00,000,26*60
$GBGSV,5,4,17,29,16,290,45,30,22,238,45,32,00,000,35,37,40,166,45*66
$GBGSV,5,5,17,41,22,086,43,,,,,,,,,,,,*51
$GPGSA,M,3,15,18,20,24,32,,,,,,,,1.3,0.6,1.1,1*2F
#RAWIMUA,ICOM3,0,85.9,FINESTEERING,2427,544645.226,00000000,0000,797;2427,544645.226076000,1a1f0059,1164013,271115,-515788,-15702,-4325,-17582*ead8bf11
#INSPVAXA,ICOM3,0,85.9,FINESTEERING,2427,544645.240,00000000,00e2,797;WAITING_AZIMUTH,NONE,0.00000000000,0.00000000000,0.0000,0.0000,0.0000,0.0000,0.0000,0.000000000,0.000000000,-0.000000000,0.0000,0.0000,0.0000,0.0000,0.0000,0.0000,0.0000,0.0000,0.0000,00000000,19*90e520e8
#RAWIMUA,ICOM3,0,85.9,FINESTEERING,2427,544645.236,00000000,0000,797;2427,544645.236059000,1a1e005a,1171214,269157,-519741,-27308,-2491,-16399*dca45452
#INSPVAXA,ICOM3,0,85.9,FINESTEERING,2427,544645.250,00000000,00ec,797;WAITING_AZIMUTH,NONE,0.00000000000,0.00000000000,0.0000,0.0000,0.0000,0.0000,0.0000,0.000000000,0.000000000,-0.000000000,0.0000,0.0000,0.0000,0.0000,0.0000,0.0000,0.0000,0.0000,0.0000,00000000,19*4c323e4d
#RAWIMUA,ICOM3,0,85.9,FINESTEERING,2427,544645.246,00000000,0000,797;2427,544645.246052000,1a1b005b,1171328,274637,-521577,-18488,-3307,-7461*17198550
#INSPVAXA,ICOM3,0,85.9,FINESTEERING,2427,544645.260,00000000,00f6,797;WAITING_AZIMUTH,NONE,0.00000000000,0.00000000000,0.0000,0.0000,0.0000,0.0000,0.0000,0.000000000,0.000000000,-0.000000000,0.0000,0.0000,0.0000,0.0000,0.0000,0.0000,0.0000,0.0000,0.0000,00000000,19*5165906d
#RAWIMUA,ICOM3,0,85.9,FINESTEERING,2427,544645.256,00000000,0000,797;2427,544645.256074000,1a1d005c,1164385,270643,-516866,-24161,-12889,13550*7e208335
#INSPVAXA,ICOM3,0,85.9,FINESTEERING,2427,544645.270,00000000,0100,797;WAITING_AZIMUTH,NONE,0.00000000000,0.00000000000,0.0000,0.0000,0.0000,0.0000,0.0000,0.000000000,0.000000000,-0.000000000,0.0000,0.0000,0.0000,0.0000,0.0000,0.0000,0.0000,0.0000,0.0000,00000000,19*ba4f1ee2
#RAWIMUA,ICOM3,0,85.9,FINESTEERING,2427,544645.266,00000000,0000,797;2427,544645.266067000,1a1d005d,1172619,267723,-518938,-19964,-1892,1118*e1fecbc2
#INSPVAXA,ICOM3,0,85.9,FINESTEERING,2427,544645.280,00000000,010a,797;WAITING_AZIMUTH,NONE,0.00000000000,0.00000000000,0.0000,0.0000,0.0000,0.0000,0.0000,0.000000000,0.000000000,-0.000000000,0.0000,0.0000,0.0000,0.0000,0.0000,0.0000,0.0000,0.0000,0.0000,00000000,19*95cdd7e6
#RAWIMUA,ICOM3,0,85.9,FINESTEERING,2427,544645.276,00000000,0000,797;2427,544645.276059000,1a1c005e,1172901,270127,-517752,-19308,1366,-3137*faca3627
#INSPVAXA,ICOM3,0,85.9,FINESTEERING,2427,544645.290,00000000,0114,797;WAITING_AZIMUTH,NONE,0.00000000000,0.00000000000,0.0000,0.0000,0.0000,0.0000,0.0000,0.000000000,0.000000000,-0.000000000,0.0000,0.0000,0.0000,0.0000,0.0000,0.0000,0.0000,0.0000,0.0000,00000000,19*2a33b7d2
#RAWIMUA,ICOM3,0,85.9,FINESTEERING,2427,544645.286,00000000,0000,797;2427,544645.286052000,1a1a005f,1164331,268077,-517853,-25833,-4695,-20153*66f93122
#INSPVAXA,ICOM3,0,85.9,FINESTEERING,2427,544645.300,00000000,011e,797;WAITING_AZIMUTH,NONE,0.00000000000,0.00000000000,0.0000,0.0000,0.0000,0.0000,0.0000,0.000000000,0.000000000,-0.000000000,0.0000,0.0000,0.0000,0.0000,0.0000,0.0000,0.0000,0.0000,0.0000,00000000,19*da0d22d1
#RAWIMUA,ICOM3,0,85.9,FINESTEERING,2427,544645.296,00000000,0000,797;2427,544645.296075000,1a1d0060,1168738,271434,-518650,-27865,3038,-2906*e4f3f934
#INSPVAXA,ICOM3,0,85.9,FINESTEERING,2427,544645.310,00000000,0128,797;WAITING_AZIMUTH,NONE,0.00000000000,0.00000000000,0.0000,0.0000,0.0000,0.0000,0.0000,0.000000000,0.000000000,-0.000000000,0.0000,0.0000,0.0000,0.0000,0.0000,0.0000,0.0000,0.0000,0.0000,00000000,19*a3a1bfc7
#RAWIMUA,ICOM3,0,85.9,FINESTEERING,2427,544645.306,00000000,0000,797;2427,544645.306103000,1a240061,1171167,267538,-518213,-18980,-1628,-18820*baa01f13
#INSPVAXA,ICOM3,0,85.9,FINESTEERING,2427,544645.320,00000000,0132,797;WAITING_AZIMUTH,NONE,0.00000000000,0.00000000000,0.0000,0.0000,0.0000,0.0000,0.0000,0.000000000,0.000000000,-0.000000000,0.0000,0.0000,0.0000,0.0000,0.0000,0.0000,0.0000,0.0000,0.0000,00000000,19*f0709ae8
#RAWIMUA,ICOM3,0,85.9,FINESTEERING,2427,544645.316,00000000,0000,797;2427,544645.316087000,1a250062,1167548,269776,-517777,-15505,-1264,-29887*d76649a2
#INSPVAXA,ICOM3,0,85.9,FINESTEERING,2427,544645.330,00000000,013c,797;WAITING_AZIMUTH,NONE,0.00000000000,0.00000000000,0.0000,0.0000,0.0000,0.0000,0.0000,0.000000000,0.000000000,-0.000000000,0.0000,0.0000,0.0000,0.0000,0.0000,0.0000,0.0000,0.0000,0.0000,00000000,19*2ca7844d
#RAWIMUA,ICOM3,0,85.9,FINESTEERING,2427,544645.326,00000000,0000,797;2427,544645.326058000,1a1e0063,1167477,272105,-517410,-20685,-2650,-16592*8ab23f06
#INSPVAXA,ICOM3,0,85.9,FINESTEERING,2427,544645.340,00000000,0146,797;WAITING_AZIMUTH,NONE,0.00000000000,0.00000000000,0.0000,0.0000,0.0000,0.0000,0.0000,0.000000000,0.000000000,-0.000000000,0.0000,0.0000,0.0000,0.0000,0.0000,0.0000,0.0000,0.0000,0.0000,00000000,19*afd2b004
#RAWIMUA,ICOM3,0,85.9,FINESTEERING,2427,544645.336,00000000,0000,797;2427,544645.336046000,1a1e0064,1170158,270571,-519363,-20357,-379,-6365*5eee9c4b
#INSPVAXA,ICOM3,0,85.9,FINESTEERING,2427,544645.350,00000000,0150,797;WAITING_AZIMUTH,NONE,0.00000000000,0.00000000000,0.0000,0.0000,0.0000,0.0000,0.0000,0.000000000,0.000000000,-0.000000000,0.0000,0.0000,0.0000,0.0000,0.0000,0.0000,0.0000,0.0000,0.0000,00000000,19*5405443b
#RAWIMUA,ICOM3,0,85.9,FINESTEERING,2427,544645.346,00000000,0000,797;2427,544645.346068000,1a270065,1167861,268582,-516156,-21144,-3407,-21261*d051aa19
#INSPVAXA,ICOM3,0,85.9,FINESTEERING,2427,544645.360,00000000,015a,797;WAITING_AZIMUTH,NONE,0.00000000000,0.00000000000,0.0000,0.0000,0.0000,0.0000,0.0000,0.000000000,0.000000000,-0.000000000,0.0000,0.0000,0.0000,0.0000,0.0000,0.0000,0.0000,0.0000,0.0000,00000000,19*aea3aba5
#RAWIMUA,ICOM3,0,85.9,FINESTEERING,2427,544645.356,00000000,0000,797;2427,544645.356061000,1a230066,1170344,269669,-518139,-14783,-4028,-26088*d0c51c46
#INSPVAXA,ICOM3,0,85.9,FINESTEERING,2427,544645.370,00000000,0164,797;WAITING_AZIMUTH,NONE,0.00000000000,0.00000000000,0.0000,0.0000,0.0000,0.0000,0.0000,0.000000000,0.000000000,-0.000000000,0.0000,0.0000,0.0000,0.0000,0.0000,0.0000,0.0000,0.0000,0.0000,00000000,19*9585f4be
#RAWIMUA,ICOM3,0,85.9,FINESTEERING,2427,544645.366,00000000,0000,797;2427,544645.366054000,1a1b0067,1171408,270927,-519565,-19472,-3735,-19914*adc36685
#INSPVAXA,ICOM3,0,85.9,FINESTEERING,2427,544645.380,00000000,016e,797;WAITING_AZIMUTH,NONE,0.00000000000,0.00000000000,0.0000,0.0000,0.0000,0.0000,0.0000,0.000000000,0.000000000,-0.000000000,0.0000,0.0000,0.0000,0.0000,0.0000,0.0000,0.0000,0.0000,0.0000,00000000,19*ba073dba
#RAWIMUA,ICOM3,0,85.9,FINESTEERING,2427,544645.376,00000000,0000,797;2427,544645.376047000,1a1c0068,1168190,270834,-519627,-12718,10884,-13701*4868438b
#INSPVAXA,ICOM3,0,85.9,FINESTEERING,2427,544645.390,00000000,0178,797;WAITING_AZIMUTH,NONE,0.00000000000,0.00000000000,0.0000,0.0000,0.0000,0.0000,0.0000,0.000000000,0.000000000,-0.000000000,0.0000,0.0000,0.0000,0.0000,0.0000,0.0000,0.0000,0.0000,0.0000,00000000,19*47739f83
#RAWIMUA,ICOM3,0,85.9,FINESTEERING,2427,544645.386,00000000,0000,797;2427,544645.386070000,1a230069,1170645,269530,-518728,-19833,3473,-19455*bdfd3e1f
#INSPVAXA,ICOM3,0,85.9,FINESTEERING,2427,544645.400,00000000,0182,797;WAITING_AZIMUTH,NONE,0.00000000000,0.00000000000,0.0000,0.0000,0.0000,0.0000,0.0000,0.000000000,0.000000000,-0.000000000,0.0000,0.0000,0.0000,0.0000,0.0000,0.0000,0.0000,0.0000,0.0000,00000000,19*3ed7de40
#RAWIMUA,ICOM3,0,85.9,FINESTEERING,2427,544645.396,00000000,0000,797;2427,544645.396063000,1a24006a,1171536,269622,-519156,-11472,12925,-24762*7f95365d
#INSPVAXA,ICOM3,0,85.9,FINESTEERING,2427,544645.410,00000000,018c,797;WAITING_AZIMUTH,NONE,0.00000000000,0.00000000000,0.0000,0.0000,0.0000,0.0000,0.0000,0.000000000,0.000000000,-0.000000000,0.0000,0.0000,0.0000,0.0000,0.0000,0.0000,0.0000,0.0000,0.0000,00000000,19*e200c0e5
#RAWIMUA,ICOM3,0,85.9,FINESTEERING,2427,544645.406,00000000,0000,797;2427,544645.406076000,1a24006b,1169189,271149,-517761,-11669,5289,-22267*23403a67
#INSPVAXA,ICOM3,0,85.9,FINESTEERING,2427,544645.420,00000000,0196,797;WAITING_AZIMUTH,NONE,0.00000000000,0.00000000000,0.0000,0.0000,0.0000,0.0000,0.0000,0.000000000,0.000000000,-0.000000000,0.0000,0.0000,0.0000,0.0000,0.0000,0.0000,0.0000,0.0000,0.0000,00000000,19*7b8f51ea
#RAWIMUA,ICOM3,0,85.9,FINESTEERING,2427,544645.416,00000000,0000,797;2427,544645.416068000,1a21006c,1168242,269377,-518199,-18324,-1003,-13857*40e62018
$GPGGA,071707.40,3109.8268699,N,12127.2280427,E,4,34,0.6,6.046,M,11.031,M,1.400,1793*4C
#BESTGNSSPOSA,ICOM3,0,85.9,FINESTEERING,2427,544645.400,03e1c006,0000,797;SOL_COMPUTED,NARROW_INT,31.16378116424,121.45380071247,6.0456,11.0314,WGS84,0.0137,0.0120,0.0248,"1793",1.400,0.016,42,34,34,34,0F,00,30,37*7dd604f2
#HEADINGA,ICOM3,0,85.9,FINESTEERING,2427,544645.400,00000000,0000,797;SOL_COMPUTED,NONE,0.000000000,0.000000000,0.000000000,0.0,0.000000000,0.000000000,"1793",0,0,0,0,0,00,30,37*31b9ce0a
#INSPVAXA,ICOM3,0,85.9,FINESTEERING,2427,544645.430,00000000,01a0,797;WAITING_AZIMUTH,NONE,0.00000000000,0.00000000000,0.0000,0.0000,0.0000,0.0000,0.0000,0.000000000,0.000000000,-0.000000000,0.0000,0.0000,0.0000,0.0000,0.0000,0.0000,0.0000,0.0000,0.0000,00000000,19*ede59c99
$GPGSV,2,1,07,10,00,000,25,13,00,000,40,15,39,058,40,18,48,218,45*75
$GPGSV,2,2,07,20,13,068,38,24,67,047,45,32,11,272,40,,,,*4C
$GLGSV,3,1,09,70,17,072,42,72,24,306,37,73,49,099,47,74,27,160,38*6E
$GLGSV,3,2,09,85,00,000,31,86,37,244,47,87,33,295,47,90,00,000,38*69
$GLGSV,3,3,09,91,00,000,36,,,,,,,,,,,,*51
$GAGSV,2,1,06,03,25,266,46,11,07,161,35,16,17,127,40,31,14,073,37*68
$GAGSV,2,2,06,34,55,287,46,36,49,190,46,,,,,,,,*64
$GQGSV,1,1,03,02,00,000,31,03,43,170,44,07,53,169,38,,,,*4D
$GBGSV,5,1,17,01,48,147,48,02,35,243,45,03,55,202,48,04,37,120,42*60
$GBGSV,5,2,17,06,70,042,43,07,58,191,49,10,47,193,46,11,24,268,41*60
$GBGSV,5,3,17,12,13,296,41,20,29,306,44,23,49,086,49,27,00,000,26*60
$GBGSV,5,4,17,29,16,290,45,30,22,238,45,32,00,000,35,37,40,166,45*66
$GBGSV,5,5,17,41,22,086,43,,,,,,,,,,,,*51
$GPGSA,M,3,15,18,20,24,32,,,,,,,,1.3,0.6,1.1,1*2F
#RAWIMUA,ICOM3,0,85.9,FINESTEERING,2427,544645.426,00000000,0000,797;2427,544645.426080000,1a22006d,1169831,268771,-519375,-25931,-1074,-27397*17869520
#INSPVAXA,ICOM3,0,85.9,FINESTEERING,2427,544645.440,00000000,01aa,797;WAITING_AZIMUTH,NONE,0.00000000000,0.00000000000,0.0000,0.0000,0.0000,0.0000,0.0000,0.000000000,0.000000000,-0.000000000,0.0000,0.0000,0.0000,0.0000,0.0000,0.0000,0.0000,0.0000,0.0000,00000000,19*5ba09171
#RAWIMUA,ICOM3,0,85.9,FINESTEERING,2427,544645.436,00000000,0000,797;2427,544645.436063000,1a21006e,1169913,270983,-517858,-14324,3016,-26779*148e9f74
#INSPVAXA,ICOM3,0,85.9,FINESTEERING,2427,544645.450,00000000,01b4,797;WAITING_AZIMUTH,NONE,0.00000000000,0.00000000000,0.0000,0.0000,0.0000,0.0000,0.0000,0.000000000,0.000000000,-0.000000000,0.0000,0.0000,0.0000,0.0000,0.0000,0.0000,0.0000,0.0000,0.0000,00000000,19*6086ce6a
#RAWIMUA,ICOM3,0,85.9,FINESTEERING,2427,544645.446,00000000,0000,797;2427,544645.446057000,1a1c006f,1167725,269990,-519026,-3341,-3591,-29429*0362cb6b
#INSPVAXA,ICOM3,0,85.9,FINESTEERING,2427,544645.460,00000000,01be,797;WAITING_AZIMUTH,NONE,0.00000000000,0.00000000000,0.0000,0.0000,0.0000,0.0000,0.0000,0.000000000,0.000000000,-0.000000000,0.0000,0.0000,0.0000,0.0000,0.0000,0.0000,0.0000,0.0000,0.0000,00000000,19*9a2021f4
#RAWIMUA,ICOM3,0,85.9,FINESTEERING,2427,544645.456,00000000,0000,797;2427,544645.456048000,1a1e0070,1169568,272012,-519478,-16980,-4852,-26093*872dc6bf
#INSPVAXA,ICOM3,0,85.9,FINESTEERING,2427,544645.470,00000000,01c8,797;WAITING_AZIMUTH,NONE,0.00000000000,0.00000000000,0.0000,0.0000,0.0000,0.0000,0.0000,0.000000000,0.000000000,-0.000000000,0.0000,0.0000,0.0000,0.0000,0.0000,0.0000,0.0000,0.0000,0.0000,00000000,19*675483cd
#RAWIMUA,ICOM3,0,85.9,FINESTEERING,2427,544645.466,00000000,0000,797;2427,544645.466070000,1a200071,1167830,271586,-519767,-23275,-480,-14416*860f12a1
#INSPVAXA,ICOM3,0,85.9,FINESTEERING,2427,544645.480,00000000,01d2,797;WAITING_AZIMUTH,NONE,0.00000000000,0.00000000000,0.0000,0.0000,0.0000,0.0000,0.0000,0.000000000,0.000000000,-0.000000000,0.0000,0.0000,0.0000,0.0000,0.0000,0.0000,0.0000,0.0000,0.0000,00000000,19*b7b8c748
#RAWIMUA,ICOM3,0,85.9,FINESTEERING,2427,544645.476,00000000,0000,797;2427,544645.476062000,1a200072,1168143,270784,-518248,-22390,2878,-7108*6a37bdc6
#INSPVAXA,ICOM3,0,85.9,FINESTEERING,2427,544645.490,00000000,01dc,797;WAITING_AZIMUTH,NONE,0.00000000000,0.00000000000,0.0000,0.0000,0.0000,0.0000,0.0000,0.000000000,0.000000000,-0.000000000,0.0000,0.0000,0.0000,0.0000,0.0000,0.0000,0.0000,0.0000,0.0000,00000000,19*6b6fd9ed
#RAWIMUA,ICOM3,0,85.9,FINESTEERING,2427,544645.486,00000000,0000,797;2427,544645.486056000,1a1c0073,1169329,268717,-518422,-25767,-1074,-8902*1af0ba1f
#INSPVAXA,ICOM3,0,85.9,FINESTEERING,2427,544645.500,00000000,01e6,797;WAITING_AZIMUTH,NONE,0.00000000000,0.00000000000,0.0000,0.0000,0.0000,0.0000,0.0000,0.000000000,0.000000000,-0.000000000,0.0000,0.0000,0.0000,0.0000,0.0000,0.0000,0.0000,0.0000,0.0000,00000000,19*f878327f
#RAWIMUA,ICOM3,0,85.9,FINESTEERING,2427,544645.496,00000000,0000,797;2427,544645.496049000,1a1e0074,1170438,268953,-517704,-22226,-2552,-20863*a5423e66
#INSPVAXA,ICOM3,0,85.9,FINESTEERING,2427,544645.510,00000000,01f0,797;WAITING_AZIMUTH,NONE,0.00000000000,0.00000000000,0.0000,0.0000,0.0000,0.0000,0.0000,0.000000000,0.000000000,-0.000000000,0.0000,0.0000,0.0000,0.0000,0.0000,0.0000,0.0000,0.0000,0.0000,00000000,19*8777f96f
#RAWIMUA,ICOM3,0,85.9,FINESTEERING,2427,544645.506,00000000,0000,797;2427,544645.506072000,1a230075,1169131,272809,-518568,-20685,3439,-18700*980814a8
#INSPVAXA,ICOM3,0,85.9,FINESTEERING,2427,544645.520,00000000,01fa,797;WAITING_AZIMUTH,NONE,0.00000000000,0.00000000000,0.0000,0.0000,0.0000,0.0000,0.0000,0.000000000,0.000000000,-0.000000000,0.0000,0.0000,0.0000,0.0000,0.0000,0.0000,0.0000,0.0000,0.0000,00000000,19*7dd116f1
#RAWIMUA,ICOM3,0,85.9,FINESTEERING,2427,544645.516,00000000,0000,797;2427,544645.516085000,1a220076,1170243,270980,-518055,-21701,-3276,-12883*3a3c71a8
#INSPVAXA,ICOM3,0,85.9,FINESTEERING,2427,544645.530,00000000,0204,797;WAITING_AZIMUTH,NONE,0.00000000000,0.00000000000,0.0000,0.0000,0.0000,0.0000,0.0000,0.000000000,0.000000000,-0.000000000,0.0000,0.0000,0.0000,0.0000,0.0000,0.0000,0.0000,0.0000,0.0000,00000000,19*7987e913
#RAWIMUA,ICOM3,0,85.9,FINESTEERING,2427,544645.526,00000000,0000,797;2427,544645.526059000,1a220077,1170341,270196,-517882,-14915,11738,-17543*312cb8be
#INSPVAXA,ICOM3,0,85.9,FINESTEERING,2427,544645.540,00000000,020e,797;WAITING_AZIMUTH,NONE,0.00000000000,0.00000000000,0.0000,0.0000,0.0000,0.0000,0.0000,0.000000000,0.000000000,-0.000000000,0.0000,0.0000,0.0000,0.0000,0.0000,0.0000,0.0000,0.0000,0.0000,00000000,19*cfc2e4fb
#RAWIMUA,ICOM3,0,85.9,FINESTEERING,2427,544645.536,00000000,0000,797;2427,544645.536050000,1a220078,1168962,271015,-517989,-15636,2291,-20147*2eb62032
#INSPVAXA,ICOM3,0,85.9,FINESTEERING,2427,544645.550,00000000,0218,797;WAITING_AZIMUTH,NONE,0.00000000000,0.00000000000,0.0000,0.0000,0.0000,0.0000,0.0000,0.000000000,0.000000000,-0.000000000,0.0000,0.0000,0.0000,0.0000,0.0000,0.0000,0.0000,0.0000,0.0000,00000000,19*32b646c2
#RAWIMUA,ICOM3,0,85.9,FINESTEERING,2427,544645.546,00000000,0000,797;2427,544645.546044000,1a1f0079,1168306,270230,-518012,-16357,2192,-23401*a98150cf
#INSPVAXA,ICOM3,0,85.9,FINESTEERING,2427,544645.560,00000000,0222,797;WAITING_AZIMUTH,NONE,0.00000000000,0.00000000000,0.0000,0.0000,0.0000,0.0000,0.0000,0.000000000,0.000000000,-0.000000000,0.0000,0.0000,0.0000,0.0000,0.0000,0.0000,0.0000,0.0000,0.0000,00000000,19*e5bf5cc2
#RAWIMUA,ICOM3,0,85.9,FINESTEERING,2427,544645.556,00000000,0000,797;2427,544645.556066000,1a1f007a,1169304,270508,-519329,-24390,-2883,-22575*e1a6138c
#INSPVAXA,ICOM3,0,85.9,FINESTEERING,2427,544645.570,00000000,022c,797;WAITING_AZIMUTH,NONE,0.00000000000,0.00000000000,0.0000,0.0000,0.0000,0.0000,0.0000,0.000000000,0.000000000,-0.000000000,0.0000,0.0000,0.0000,0.0000,0.0000,0.0000,0.0000,0.0000,0.0000,00000000,19*39684267
#RAWIMUA,ICOM3,0,85.9,FINESTEERING,2427,544645.566,00000000,0000,797;2427,544645.566060000,1a21007b,1168811,270836,-519332,-10915,1143,-19426*c015cdec
#INSPVAXA,ICOM3,0,85.9,FINESTEERING,2427,544645.580,00000000,0236,797;WAITING_AZIMUTH,NONE,0.00000000000,0.00000000000,0.0000,0.0000,0.0000,0.0000,0.0000,0.000000000,0.000000000,-0.000000000,0.0000,0.0000,0.0000,0.0000,0.0000,0.0000,0.0000,0.0000,0.0000,00000000,19*75c3f5f2
#RAWIMUA,ICOM3,0,85.9,FINESTEERING,2427,544645.576,00000000,0000,797;2427,544645.576051000,1a1f007c,1169825,269334,-518791,-13078,-3994,-8413*5b0260ef
#INSPVAXA,ICOM3,0,85.9,FINESTEERING,2427,544645.590,00000000,0240,797;WAITING_AZIMUTH,NONE,0.00000000000,0.00000000000,0.0000,0.0000,0.0000,0.0000,0.0000,0.000000000,0.000000000,-0.000000000,0.0000,0.0000,0.0000,0.0000,0.0000,0.0000,0.0000,0.0000,0.0000,00000000,19*d80d46fd
#RAWIMUA,ICOM3,0,85.9,FINESTEERING,2427,544645.586,00000000,0000,797;2427,544645.586044000,1a1f007d,1169635,269850,-519485,-27865,3598,-5433*e585344e
#INSPVAXA,ICOM3,0,85.9,FINESTEERING,2427,544645.600,00000000,024a,797;WAITING_AZIMUTH,NONE,0.00000000000,0.00000000000,0.0000,0.0000,0.0000,0.0000,0.0000,0.000000000,0.000000000,-0.000000000,0.0000,0.0000,0.0000,0.0000,0.0000,0.0000,0.0000,0.0000,0.0000,00000000,19*991e4b2b
#RAWIMUA,ICOM3,0,85.9,FINESTEERING,2427,544645.596,00000000,0000,797;2427,544645.596037000,1a1f007e,1169850,270652,-518117,-24456,2811,-5500*d524974d
#INSPVAXA,ICOM3,0,85.9,FINESTEERING,2427,544645.610,00000000,0254,797;WAITING_AZIMUTH,NONE,0.00000000000,0.00000000000,0.0000,0.0000,0.0000,0.0000,0.0000,0.000000000,0.000000000,-0.000000000,0.0000,0.0000,0.0000,0.0000,0.0000,0.0000,0.0000,0.0000,0.0000,00000000,19*26e02b1f
#RAWIMUA,ICOM3,0,85.9,FINESTEERING,2427,544645.606,00000000,0000,797;2427,544645.606077000,1a1d007f,1167684,270294,-518242,-25964,-3181,6595*dd13cc52
#INSPVAXA,ICOM3,0,85.9,FINESTEERING,2427,544645.620,00000000,025e,797;WAITING_AZIMUTH,NONE,0.00000000000,0.00000000000,0.0000,0.0000,0.0000,0.0000,0.0000,0.000000000,0.000000000,-0.000000000,0.0000,0.0000,0.0000,0.0000,0.0000,0.0000,0.0000,0.0000,0.0000,00000000,19*dc46c481
#RAWIMUA,ICOM3,0,85.9,FINESTEERING,2427,544645.616,00000000,0000,797;2427,544645.616076000,1a1c0080,1169227,268034,-518020,-17996,3672,-16529*82733d59
$GPGGA,071707.60,3109.8268689,N,12127.2280435,E,4,34,0.6,6.046,M,11.031,M,1.600,1793*4E
#BESTGNSSPOSA,ICOM3,0,85.9,FINESTEERING,2427,544645.600,03e1c006,0000,797;SOL_COMPUTED,NARROW_INT,31.16378114775,121.45380072575,6.0458,11.0314,WGS84,0.0144,0.0125,0.0255,"1793",1.600,0.016,42,34,34,34,0F,00,30,37*c3facbbe
#HEADINGA,ICOM3,0,85.9,FINESTEERING,2427,544645.600,00000000,0000,797;SOL_COMPUTED,NONE,0.000000000,0.000000000,0.000000000,0.0,0.000000000,0.000000000,"1793",0,0,0,0,0,00,30,37*950ff58d
#INSPVAXA,ICOM3,0,85.9,FINESTEERING,2427,544645.630,00000000,0268,797;WAITING_AZIMUTH,NONE,0.00000000000,0.00000000000,0.0000,0.0000,0.0000,0.0000,0.0000,0.000000000,0.000000000,-0.000000000,0.0000,0.0000,0.0000,0.0000,0.0000,0.0000,0.0000,0.0000,0.0000,00000000,19*a5ea5997
$GPGSV,2,1,07,10,00,000,25,13,00,000,40,15,39,058,40,18,48,218,45*75
$GPGSV,2,2,07,20,13,068,38,24,67,047,45,32,11,272,40,,,,*4C
$GLGSV,3,1,09,70,17,072,42,72,24,306,37,73,49,099,47,74,27,160,38*6E
$GLGSV,3,2,09,85,00,000,30,86,37,244,46,87,33,295,47,90,00,000,38*69
$GLGSV,3,3,09,91,00,000,36,,,,,,,,,,,,*51
$GAGSV,2,1,06,03,25,266,46,11,07,161,35,16,17,127,40,31,14,073,37*68
$GAGSV,2,2,06,34,55,287,46,36,49,190,46,,,,,,,,*64
$GQGSV,1,1,03,02,00,000,31,03,43,170,44,07,53,169,38,,,,*4D
$GBGSV,5,1,17,01,48,147,48,02,35,243,45,03,55,202,48,04,37,120,42*60
$GBGSV,5,2,17,06,70,042,43,07,58,191,49,10,47,193,46,11,24,268,41*60
$GBGSV,5,3,17,12,13,296,41,20,29,306,44,23,49,086,49,27,00,000,26*60
$GBGSV,5,4,17,29,16,290,45,30,22,238,45,32,00,000,35,37,40,166,45*66
$GBGSV,5,5,17,41,22,086,43,,,,,,,,,,,,*51
$GPGSA,M,3,15,18,20,24,32,,,,,,,,1.3,0.6,1.1,1*2F
#RAWIMUA,ICOM3,0,85.9,FINESTEERING,2427,544645.626,00000000,0000,797;2427,544645.626056000,1a1c0081,1169082,268639,-516748,-25078,-3937,-14827*420e7b68
#INSPVAXA,ICOM3,0,85.9,FINESTEERING,2427,544645.640,00000000,0272,797;WAITING_AZIMUTH,NONE,0.00000000000,0.00000000000,0.0000,0.0000,0.0000,0.0000,0.0000,0.000000000,0.000000000,-0.000000000,0.0000,0.0000,0.0000,0.0000,0.0000,0.0000,0.0000,0.0000,0.0000,00000000,19*bad89ece
#RAWIMUA,ICOM3,0,85.9,FINESTEERING,2427,544645.636,00000000,0000,797;2427,544645.636038000,1a200082,1168874,268941,-518949,-20783,-7258,-16382*3decda4c
#INSPVAXA,ICOM3,0,85.9,FINESTEERING,2427,544645.650,00000000,027c,797;WAITING_AZIMUTH,NONE,0.00000000000,0.00000000000,0.0000,0.0000,0.0000,0.0000,0.0000,0.000000000,0.000000000,-0.000000000,0.0000,0.0000,0.0000,0.0000,0.0000,0.0000,0.0000,0.0000,0.0000,00000000,19*660f806b
#RAWIMUA,ICOM3,0,85.9,FINESTEERING,2427,544645.646,00000000,0000,797;2427,544645.646060000,1a1d0083,1169585,270753,-517888,-20390,-115,-21508*d04de81b
#INSPVAXA,ICOM3,0,85.9,FINESTEERING,2427,544645.660,00000000,0286,797;WAITING_AZIMUTH,NONE,0.00000000000,0.00000000000,0.0000,0.0000,0.0000,0.0000,0.0000,0.000000000,0.000000000,-0.000000000,0.0000,0.0000,0.0000,0.0000,0.0000,0.0000,0.0000,0.0000,0.0000,00000000,19*d76aa02b
#RAWIMUA,ICOM3,0,85.9,FINESTEERING,2427,544645.656,00000000,0000,797;2427,544645.656054000,1a1a0084,1169260,269965,-518174,-16127,-2219,-31501*d2481185
#INSPVAXA,ICOM3,0,85.9,FINESTEERING,2427,544645.670,00000000,0290,797;WAITING_AZIMUTH,NONE,0.00000000000,0.00000000000,0.0000,0.0000,0.0000,0.0000,0.0000,0.000000000,0.000000000,-0.000000000,0.0000,0.0000,0.0000,0.0000,0.0000,0.0000,0.0000,0.0000,0.0000,00000000,19*2cbd5414
#RAWIMUA,ICOM3,0,85.9,FINESTEERING,2427,544645.666,00000000,0000,797;2427,544645.666044000,1a200085,1169390,270489,-518115,-16849,-3996,-32199*bd340cf7
#INSPVAXA,ICOM3,0,85.9,FINESTEERING,2427,544645.680,00000000,029a,797;WAITING_AZIMUTH,NONE,0.00000000000,0.00000000000,0.0000,0.0000,0.0000,0.0000,0.0000,0.000000000,0.000000000,-0.000000000,0.0000,0.0000,0.0000,0.0000,0.0000,0.0000,0.0000,0.0000,0.0000,00000000,19*033f9d10
#RAWIMUA,ICOM3,0,85.9,FINESTEERING,2427,544645.676,00000000,0000,797;2427,544645.676036000,1a1f0086,1169512,270593,-520413,-21242,-544,-21708*044e418d
#INSPVAXA,ICOM3,0,85.9,FINESTEERING,2427,544645.690,00000000,02a4,797;WAITING_AZIMUTH,NONE,0.00000000000,0.00000000000,0.0000,0.0000,0.0000,0.0000,0.0000,0.000000000,0.000000000,-0.000000000,0.0000,0.0000,0.0000,0.0000,0.0000,0.0000,0.0000,0.0000,0.0000,00000000,19*d17cc468
#RAWIMUA,ICOM3,0,85.9,FINESTEERING,2427,544645.686,00000000,0000,797;2427,544645.686060000,1a1f0087,1168579,270905,-519103,-16652,3080,-21524*ba72822f
#INSPVAXA,ICOM3,0,85.9,FINESTEERING,2427,544645.700,00000000,02ae,797;WAITING_AZIMUTH,NONE,0.00000000000,0.00000000000,0.0000,0.0000,0.0000,0.0000,0.0000,0.000000000,0.000000000,-0.000000000,0.0000,0.0000,0.0000,0.0000,0.0000,0.0000,0.0000,0.0000,0.0000,00000000,19*2142516b
#RAWIMUA,ICOM3,0,85.9,FINESTEERING,2427,544645.696,00000000,0000,797;2427,544645.696055000,1a1f0088,1169035,269534,-518661,-26259,-1239,-5814*eda20cc8
#INSPVAXA,ICOM3,0,85.9,FINESTEERING,2427,544645.710,00000000,02b8,797;WAITING_AZIMUTH,NONE,0.00000000000,0.00000000000,0.0000,0.0000,0.0000,0.0000,0.0000,0.000000000,0.000000000,-0.000000000,0.0000,0.0000,0.0000,0.0000,0.0000,0.0000,0.0000,0.0000,0.0000,00000000,19*58eecc7d
#RAWIMUA,ICOM3,0,85.9,FINESTEERING,2427,544645.706,00000000,0000,797;2427,544645.706070000,1a210089,1169140,269133,-519280,-15341,5385,-9982*5ef70b0e
#INSPVAXA,ICOM3,0,85.9,FINESTEERING,2427,544645.720,00000000,02c2,797;WAITING_AZIMUTH,NONE,0.00000000000,0.00000000000,0.0000,0.0000,0.0000,0.0000,0.0000,0.000000000,0.000000000,-0.000000000,0.0000,0.0000,0.0000,0.0000,0.0000,0.0000,0.0000,0.0000,0.0000,00000000,19*0b3fe952
#RAWIMUA,ICOM3,0,85.9,FINESTEERING,2427,544645.716,00000000,0000,797;2427,544645.716057000,1a24008a,1168341,271700,-518325,-24390,10414,-15452*271a9d1b
#INSPVAXA,ICOM3,0,85.9,FINESTEERING,2427,544645.730,00000000,02cc,797;WAITING_AZIMUTH,NONE,0.00000000000,0.00000000000,0.0000,0.0000,0.0000,0.0000,0.0000,0.000000000,0.000000000,-0.000000000,0.0000,0.0000,0.0000,0.0000,0.0000,0.0000,0.0000,0.0000,0.0000,00000000,19*d7e8f7f7
#RAWIMUA,ICOM3,0,85.9,FINESTEERING,2427,544645.726,00000000,0000,797;2427,544645.726134000,1a21008b,1167095,270489,-518474,-25275,-547,-6829*3384e734
#INSPVAXA,ICOM3,0,85.9,FINESTEERING,2427,544645.740,00000000,02d6,797;WAITING_AZIMUTH,NONE,0.00000000000,0.00000000000,0.0000,0.0000,0.0000,0.0000,0.0000,0.000000000,0.000000000,-0.000000000,0.0000,0.0000,0.0000,0.0000,0.0000,0.0000,0.0000,0.0000,0.0000,00000000,19*549dc3be
#RAWIMUA,ICOM3,0,85.9,FINESTEERING,2427,544645.736,00000000,0000,797;2427,544645.736054000,1a1e008c,1170258,270046,-519488,-30685,74,-5615*ce1ca2a9
#INSPVAXA,ICOM3,0,85.9,FINESTEERING,2427,544645.750,00000000,02e0,797;WAITING_AZIMUTH,NONE,0.00000000000,0.00000000000,0.0000,0.0000,0.0000,0.0000,0.0000,0.000000000,0.000000000,-0.000000000,0.0000,0.0000,0.0000,0.0000,0.0000,0.0000,0.0000,0.0000,0.0000,00000000,19*af4a3781
#RAWIMUA,ICOM3,0,85.9,FINESTEERING,2427,544645.746,00000000,0000,797;2427,544645.746046000,1a20008d,1170179,269080,-518066,-18095,4758,-4829*d7303985
#INSPVAXA,ICOM3,0,85.9,FINESTEERING,2427,544645.760,00000000,02ea,797;WAITING_AZIMUTH,NONE,0.00000000000,0.00000000000,0.0000,0.0000,0.0000,0.0000,0.0000,0.000000000,0.000000000,-0.000000000,0.0000,0.0000,0.0000,0.0000,0.0000,0.0000,0.0000,0.0000,0.0000,00000000,19*55ecd81f
#RAWIMUA,ICOM3,0,85.9,FINESTEERING,2427,544645.756,00000000,0000,797;2427,544645.756039000,1a1f008e,1169646,268958,-517375,-18423,-410,-14314*68fc1077
#INSPVAXA,ICOM3,0,85.9,FINESTEERING,2427,544645.770,00000000,02f4,797;WAITING_AZIMUTH,NONE,0.00000000000,0.00000000000,0.0000,0.0000,0.0000,0.0000,0.0000,0.000000000,0.000000000,-0.000000000,0.0000,0.0000,0.0000,0.0000,0.0000,0.0000,0.0000,0.0000,0.0000,00000000,19*6eca8704
#RAWIMUA,ICOM3,0,85.9,FINESTEERING,2427,544645.766,00000000,0000,797;2427,544645.766031000,1a21008f,1170153,271462,-518848,-22947,-5351,-10561*ec24915e
#INSPVAXA,ICOM3,0,85.9,FINESTEERING,2427,544645.780,00000000,02fe,797;WAITING_AZIMUTH,NONE,0.00000000000,0.00000000000,0.0000,0.0000,0.0000,0.0000,0.0000,0.000000000,0.000000000,-0.000000000,0.0000,0.0000,0.0000,0.0000,0.0000,0.0000,0.0000,0.0000,0.0000,00000000,19*41484e00
#RAWIMUA,ICOM3,0,85.9,FINESTEERING,2427,544645.776,00000000,0000,797;2427,544645.776054000,1a1d0090,1169240,271390,-519503,-22226,-216,-9092*6b88ecb2
#INSPVAXA,ICOM3,0,85.9,FINESTEERING,2427,544645.790,00000000,0308,797;WAITING_AZIMUTH,NONE,0.00000000000,0.00000000000,0.0000,0.0000,0.0000,0.0000,0.0000,0.000000000,0.000000000,-0.000000000,0.0000,0.0000,0.0000,0.0000,0.0000,0.0000,0.0000,0.0000,0.0000,00000000,19*acc19689
#RAWIMUA,ICOM3,0,85.9,FINESTEERING,2427,544645.786,00000000,0000,797;2427,544645.786046000,1a1a0091,1170540,270454,-518115,-16586,-2680,-3777*dc8a3590
#INSPVAXA,ICOM3,0,85.9,FINESTEERING,2427,544645.800,00000000,0312,797;WAITING_AZIMUTH,NONE,0.00000000000,0.00000000000,0.0000,0.0000,0.0000,0.0000,0.0000,0.000000000,0.000000000,-0.000000000,0.0000,0.0000,0.0000,0.0000,0.0000,0.0000,0.0000,0.0000,0.0000,00000000,19*54aa0f92
#RAWIMUA,ICOM3,0,85.9,FINESTEERING,2427,544645.796,00000000,0000,797;2427,544645.796038000,1a1d0092,1169025,269774,-517680,-26849,2842,-5140*e3171823
#INSPVAXA,ICOM3,0,85.9,FINESTEERING,2427,544645.810,00000000,031c,797;WAITING_AZIMUTH,NONE,0.00000000000,0.00000000000,0.0000,0.0000,0.0000,0.0000,0.0000,0.000000000,0.000000000,-0.000000000,0.0000,0.0000,0.0000,0.0000,0.0000,0.0000,0.0000,0.0000,0.0000,00000000,19*887d1137
#RAWIMUA,ICOM3,0,85.9,FINESTEERING,2427,544645.806,00000000,0000,797;2427,544645.806051000,1a210093,1168112,269310,-518330,-22652,-3079,-16398*73e2f8b2
#INSPVAXA,ICOM3,0,85.9,FINESTEERING,2427,544645.820,00000000,0326,797;WAITING_AZIMUTH,NONE,0.00000000000,0.00000000000,0.0000,0.0000,0.0000,0.0000,0.0000,0.000000000,0.000000000,-0.000000000,0.0000,0.0000,0.0000,0.0000,0.0000,0.0000,0.0000,0.0000,0.0000,00000000,19*952abf17
#RAWIMUA,ICOM3,0,85.9,FINESTEERING,2427,544645.816,00000000,0000,797;2427,544645.816081000,1a240094,1170532,268336,-517238,-24390,-2752,-5491*5683ba4a
$GPGGA,071707.80,3109.8268700,N,12127.2280426,E,4,34,0.6,6.049,M,11.031,M,0.800,1793*42
#BESTGNSSPOSA,ICOM3,0,85.9,FINESTEERING,2427,544645.800,c3e1c006,0000,797;SOL_COMPUTED,NARROW_INT,31.16378116593,121.45380070956,6.0492,11.0314,WGS84,0.0149,0.0130,0.0261,"1793",0.800,0.016,42,34,34,34,0F,00,30,37*387619d4
#HEADINGA,ICOM3,0,85.9,FINESTEERING,2427,544645.800,00000000,0000,797;SOL_COMPUTED,NONE,0.000000000,0.000000000,0.000000000,0.0,0.000000000,0.000000000,"1793",0,0,0,0,0,00,30,37*5cef5b9a
#INSPVAXA,ICOM3,0,85.9,FINESTEERING,2427,544645.830,00000000,0330,797;WAITING_AZIMUTH,NONE,0.00000000000,0.00000000000,0.0000,0.0000,0.0000,0.0000,0.0000,0.000000000,0.000000000,-0.000000000,0.0000,0.0000,0.0000,0.0000,0.0000,0.0000,0.0000,0.0000,0.0000,00000000,19*6efd4b28
$GPGSV,2,1,07,10,00,000,25,13,00,000,40,15,39,058,40,18,48,218,45*75
$GPGSV,2,2,07,20,13,068,38,24,67,047,45,32,11,272,40,,,,*4C
$GLGSV,3,1,09,70,17,072,42,72,24,306,38,73,49,099,47,74,27,160,38*61
$GLGSV,3,2,09,85,00,000,30,86,37,244,46,87,33,295,47,90,00,000,38*69
$GLGSV,3,3,09,91,00,000,36,,,,,,,,,,,,*51
$GAGSV,2,1,06,03,25,266,46,11,07,161,36,16,17,127,40,31,14,073,37*6B
$GAGSV,2,2,06,34,55,287,46,36,49,190,46,,,,,,,,*64
$GQGSV,1,1,03,02,00,000,31,03,43,170,44,07,53,169,38,,,,*4D
$GBGSV,5,1,17,01,48,147,48,02,35,243,45,03,55,202,48,04,37,120,42*60
$GBGSV,5,2,17,06,70,042,43,07,58,191,49,10,47,193,46,11,24,268,41*60
$GBGSV,5,3,17,12,13,296,41,20,29,306,44,23,49,086,49,27,00,000,26*60
$GBGSV,5,4,17,29,16,290,45,30,22,238,45,32,00,000,35,37,40,166,45*66
$GBGSV,5,5,17,41,22,086,43,,,,,,,,,,,,*51
$GPGSA,M,3,15,18,20,24,32,,,,,,,,1.3,0.6,1.1,1*2F
#RAWIMUA,ICOM3,0,85.9,FINESTEERING,2427,544645.826,00000000,0000,797;2427,544645.826063000,1a220095,1169690,269895,-518502,-17537,-2812,-13568*a9757e8f
#INSPVAXA,ICOM3,0,85.9,FINESTEERING,2427,544645.840,00000000,033a,797;WAITING_AZIMUTH,NONE,0.00000000000,0.00000000000,0.0000,0.0000,0.0000,0.0000,0.0000,0.000000000,0.000000000,-0.000000000,0.0000,0.0000,0.0000,0.0000,0.0000,0.0000,0.0000,0.0000,0.0000,00000000,19*d8b846c0
#RAWIMUA,ICOM3,0,85.9,FINESTEERING,2427,544645.836,00000000,0000,797;2427,544645.836039000,1a220096,1168057,270083,-519454,-22324,-13315,-9971*65a972c4
#INSPVAXA,ICOM3,0,85.9,FINESTEERING,2427,544645.850,00000000,0344,797;WAITING_AZIMUTH,NONE,0.00000000000,0.00000000000,0.0000,0.0000,0.0000,0.0000,0.0000,0.000000000,0.000000000,-0.000000000,0.0000,0.0000,0.0000,0.0000,0.0000,0.0000,0.0000,0.0000,0.0000,00000000,19*315f61c4
#RAWIMUA,ICOM3,0,85.9,FINESTEERING,2427,544645.846,00000000,0000,797;2427,544645.846032000,1a210097,1169072,270543,-519165,-20127,8311,-5242*fdcbc568
#INSPVAXA,ICOM3,0,85.9,FINESTEERING,2427,544645.860,00000000,034e,797;WAITING_AZIMUTH,NONE,0.00000000000,0.00000000000,0.0000,0.0000,0.0000,0.0000,0.0000,0.000000000,0.000000000,-0.000000000,0.0000,0.0000,0.0000,0.0000,0.0000,0.0000,0.0000,0.0000,0.0000,00000000,19*cbf98e5a
#RAWIMUA,ICOM3,0,85.9,FINESTEERING,2427,544645.856,00000000,0000,797;2427,544645.856055000,1a1e0098,1169168,268909,-518818,-25439,4785,14778*2f92a41e
#INSPVAXA,ICOM3,0,85.9,FINESTEERING,2427,544645.870,00000000,0358,797;WAITING_AZIMUTH,NONE,0.00000000000,0.00000000000,0.0000,0.0000,0.0000,0.0000,0.0000,0.000000000,0.000000000,-0.000000000,0.0000,0.0000,0.0000,0.0000,0.0000,0.0000,0.0000,0.0000,0.0000,00000000,19*368d2c63
#RAWIMUA,ICOM3,0,85.9,FINESTEERING,2427,544645.866,00000000,0000,797;2427,544645.866048000,1a1e0099,1170826,268861,-517145,-31373,2740,-643*ec6743ff
#INSPVAXA,ICOM3,0,85.9,FINESTEERING,2427,544645.880,00000000,0362,797;WAITING_AZIMUTH,NONE,0.00000000000,0.00000000000,0.0000,0.0000,0.0000,0.0000,0.0000,0.000000000,0.000000000,-0.000000000,0.0000,0.0000,0.0000,0.0000,0.0000,0.0000,0.0000,0.0000,0.0000,00000000,19*34a010f9
#RAWIMUA,ICOM3,0,85.9,FINESTEERING,2427,544645.876,00000000,0000,797;2427,544645.876039000,1a1f009a,1169079,268806,-516454,-23865,4227,-16169*9dd9570b
#INSPVAXA,ICOM3,0,85.9,FINESTEERING,2427,544645.890,00000000,036c,797;WAITING_AZIMUTH,NONE,0.00000000000,0.00000000000,0.0000,0.0000,0.0000,0.0000,0.0000,0.000000000,0.000000000,-0.000000000,0.0000,0.0000,0.0000,0.0000,0.0000,0.0000,0.0000,0.0000,0.0000,00000000,19*e8770e5c
#RAWIMUA,ICOM3,0,85.9,FINESTEERING,2427,544645.886,00000000,0000,797;2427,544645.886032000,1a1d009b,1171361,267148,-517913,-15800,579,-39307*b6b4cf68
#INSPVAXA,ICOM3,0,85.9,FINESTEERING,2427,544645.900,00000000,0376,797;WAITING_AZIMUTH,NONE,0.00000000000,0.00000000000,0.0000,0.0000,0.0000,0.0000,0.0000,0.000000000,0.000000000,-0.000000000,0.0000,0.0000,0.0000,0.0000,0.0000,0.0000,0.0000,0.0000,0.0000,00000000,19*7b60e5ce
#RAWIMUA,ICOM3,0,85.9,FINESTEERING,2427,544645.896,00000000,0000,797;2427,544645.896056000,1a1a009c,1170732,272385,-521025,-27144,4290,-44324*53e3f790
#INSPVAXA,ICOM3,0,85.9,FINESTEERING,2427,544645.910,00000000,0380,797;WAITING_AZIMUTH,NONE,0.00000000000,0.00000000000,0.0000,0.0000,0.0000,0.0000,0.0000,0.000000000,0.000000000,-0.000000000,0.0000,0.0000,0.0000,0.0000,0.0000,0.0000,0.0000,0.0000,0.0000,00000000,19*a85da0be
#RAWIMUA,ICOM3,0,85.9,FINESTEERING,2427,544645.906,00000000,0000,797;2427,544645.906078000,1a1c009d,1164085,271761,-516517,-23144,3174,-13677*ee548398
#INSPVAXA,ICOM3,0,85.9,FINESTEERING,2427,544645.920,00000000,038a,797;WAITING_AZIMUTH,NONE,0.00000000000,0.00000000000,0.0000,0.0000,0.0000,0.0000,0.0000,0.000000000,0.000000000,-0.000000000,0.0000,0.0000,0.0000,0.0000,0.0000,0.0000,0.0000,0.0000,0.0000,00000000,19*52fb4f20
#RAWIMUA,ICOM3,0,85.9,FINESTEERING,2427,544645.916,00000000,0000,797;2427,544645.916105000,1a21009e,1170916,269618,-519549,-23111,-11111,-9502*b6cd4634
#INSPVAXA,ICOM3,0,85.9,FINESTEERING,2427,544645.930,00000000,0394,797;WAITING_AZIMUTH,NONE,0.00000000000,0.00000000000,0.0000,0.0000,0.0000,0.0000,0.0000,0.000000000,0.000000000,-0.000000000,0.0000,0.0000,0.0000,0.0000,0.0000,0.0000,0.0000,0.0000,0.0000,00000000,19*ed052f14
#RAWIMUA,ICOM3,0,85.9,FINESTEERING,2427,544645.926,00000000,0000,797;2427,544645.926038000,1a1e009f,1171422,272646,-521029,-17898,8411,-17460*7cab8ce7
#INSPVAXA,ICOM3,0,85.9,FINESTEERING,2427,544645.940,00000000,039e,797;WAITING_AZIMUTH,NONE,0.00000000000,0.00000000000,0.0000,0.0000,0.0000,0.0000,0.0000,0.000000000,0.000000000,-0.000000000,0.0000,0.0000,0.0000,0.0000,0.0000,0.0000,0.0000,0.0000,0.0000,00000000,19*5b4022fc
#RAWIMUA,ICOM3,0,85.9,FINESTEERING,2427,544645.936,00000000,0000,797;2427,544645.936026000,1a1c00a0,1165403,270445,-516864,-18914,2091,-78*904d3fed
#INSPVAXA,ICOM3,0,85.9,FINESTEERING,2427,544645.950,00000000,03a8,797;WAITING_AZIMUTH,NONE,0.00000000000,0.00000000000,0.0000,0.0000,0.0000,0.0000,0.0000,0.000000000,0.000000000,-0.000000000,0.0000,0.0000,0.0000,0.0000,0.0000,0.0000,0.0000,0.0000,0.0000,00000000,19*cb89b989
#RAWIMUA,ICOM3,0,85.9,FINESTEERING,2427,544645.946,00000000,0000,797;2427,544645.946050000,1a2100a1,1170323,268149,-519269,-22488,-1203,-6797*0eeac161
#INSPVAXA,ICOM3,0,85.9,FINESTEERING,2427,544645.960,00000000,03b2,797;WAITING_AZIMUTH,NONE,0.00000000000,0.00000000000,0.0000,0.0000,0.0000,0.0000,0.0000,0.000000000,0.000000000,-0.000000000,0.0000,0.0000,0.0000,0.0000,0.0000,0.0000,0.0000,0.0000,0.0000,00000000,19*1c80a389
#RAWIMUA,ICOM3,0,85.9,FINESTEERING,2427,544645.956,00000000,0000,797;2427,544645.956041000,1a2400a2,1171690,270550,-518150,-22291,311,-28734*ce70aee5
#INSPVAXA,ICOM3,0,85.9,FINESTEERING,2427,544645.970,00000000,03bc,797;WAITING_AZIMUTH,NONE,0.00000000000,0.00000000000,0.0000,0.0000,0.0000,0.0000,0.0000,0.000000000,0.000000000,-0.000000000,0.0000,0.0000,0.0000,0.0000,0.0000,0.0000,0.0000,0.0000,0.0000,00000000,19*c057bd2c
#RAWIMUA,ICOM3,0,85.9,FINESTEERING,2427,544645.966,00000000,0000,797;2427,544645.966034000,1a2400a3,1166320,271069,-516577,-20357,5480,-28644*049093d8
#INSPVAXA,ICOM3,0,85.9,FINESTEERING,2427,544645.980,00000000,03c6,797;WAITING_AZIMUTH,NONE,0.00000000000,0.00000000000,0.0000,0.0000,0.0000,0.0000,0.0000,0.000000000,0.000000000,-0.000000000,0.0000,0.0000,0.0000,0.0000,0.0000,0.0000,0.0000,0.0000,0.0000,00000000,19*8cfc0ab9
#RAWIMUA,ICOM3,0,85.9,FINESTEERING,2427,544645.976,00000000,0000,797;2427,544645.976026000,1a2100a4,1167890,270709,-519166,-20881,-3045,-17743*1da21c58
#INSPVAXA,ICOM3,0,85.9,FINESTEERING,2427,544645.990,00000000,03d0,797;WAITING_AZIMUTH,NONE,0.00000000000,0.00000000000,0.0000,0.0000,0.0000,0.0000,0.0000,0.000000000,0.000000000,-0.000000000,0.0000,0.0000,0.0000,0.0000,0.0000,0.0000,0.0000,0.0000,0.0000,00000000,19*2132b9b6
#RAWIMUA,ICOM3,0,85.9,FINESTEERING,2427,544645.986,00000000,0000,797;2427,544645.986050000,1a2100a5,1169835,271090,-519861,-21242,2583,-15025*66be7eaf
#INSPVAXA,ICOM3,0,85.9,FINESTEERING,2427,544646.000,00000000,03da,797;WAITING_AZIMUTH,NONE,0.00000000000,0.00000000000,0.0000,0.0000,0.0000,0.0000,0.0000,0.000000000,0.000000000,-0.000000000,0.0000,0.0000,0.0000,0.0000,0.0000,0.0000,0.0000,0.0000,0.0000,00000000,20*c4b67be4
#INSCALSTATUSA,ICOM3,0,85.9,FINESTEERING,2427,544646.000,00000000,0000,797;RBV,0.0000,0.0000,0.0000,45.0000,45.0000,45.0000,CALIBRATED,0*7b9fd5db
#RAWIMUA,ICOM3,0,85.9,FINESTEERING,2427,544645.996,00000000,0000,797;2427,544645.996043000,1a1f00a6,1167120,268207,-517594,-19504,3868,-18993*7d77c8a0
#INSPVAXA,ICOM3,0,85.9,FINESTEERING,2427,544646.010,00000000,0000,797;WAITING_AZIMUTH,NONE,0.00000000000,0.00000000000,0.0000,0.0000,0.0000,0.0000,0.0000,0.000000000,0.000000000,-0.000000000,0.0000,0.0000,0.0000,0.0000,0.0000,0.0000,0.0000,0.0000,0.0000,00000000,20*88c5590f
#RAWIMUA,ICOM3,0,85.9,FINESTEERING,2427,544646.006,00000000,0000,797;2427,544646.006055309,1a1a00a7,1168374,270259,-518308,-22586,-5284,-15323*7b0d6c3f
#INSPVAXA,ICOM3,0,85.9,FINESTEERING,2427,544646.020,00000000,0006,797;WAITING_AZIMUTH,NONE,0.00000000000,0.00000000000,0.0000,0.0000,0.0000,0.0000,0.0000,0.000000000,0.000000000,-0.000000000,0.0000,0.0000,0.0000,0.0000,0.0000,0.0000,0.0000,0.0000,0.0000,00000000,20*fab7c0bc
#RAWIMUA,ICOM3,0,85.9,FINESTEERING,2427,544646.016,00000000,0000,797;2427,544646.016079000,1a1b00a8,1169179,270468,-519984,-21963,4985,-21388*83f0995f
#INSPVAXA,ICOM3,0,85.9,FINESTEERING,2427,544646.030,00000000,0010,797;WAITING_AZIMUTH,NONE,0.00000000000,0.00000000000,0.0000,0.0000,0.0000,0.0000,0.0000,0.000000000,0.000000000,-0.000000000,0.0000,0.0000,0.0000,0.0000,0.0000,0.0000,0.0000,0.0000,0.0000,00000000,20*01603483
#RAWIMUA,ICOM3,0,85.9,FINESTEERING,2427,544646.026,00000000,0000,797;2427,544646.026065000,1a1800a9,1168018,268944,-518785,-14849,-3040,-18659*c5f8526b
#BESTPOSA,ICOM3,0,85.9,FINESTEERING,2427,544646.000,03e1c006,0001,797;SOL_COMPUTED,NARROW_INT,31.16378116613,121.45380074020,6.0419,11.0314,WGS84,0.0116,0.0098,0.0231,"1793",1.000,0.022,42,34,34,34,0F,00,30,37*a3bad9d9
$GPGGA,071708.00,3109.8268700,N,12127.2280444,E,4,34,0.6,6.042,M,11.031,M,1.000,1793*43
#BESTGNSSPOSA,ICOM3,0,85.9,FINESTEERING,2427,544646.000,03e1c006,0001,797;SOL_COMPUTED,NARROW_INT,31.16378116613,121.45380074020,6.0419,11.0314,WGS84,0.0116,0.0098,0.0231,"1793",1.000,0.022,42,34,34,34,0F,00,30,37*830e4fab
#HEADINGA,ICOM3,0,85.9,FINESTEERING,2427,544646.000,00000000,0000,797;SOL_COMPUTED,NONE,0.000000000,0.000000000,0.000000000,0.0,0.000000000,0.000000000,"1793",0,0,0,0,0,00,30,37*04895dd4
#INSPVAXA,ICOM3,0,85.9,FINESTEERING,2427,544646.040,00000000,001a,797;WAITING_AZIMUTH,NONE,0.00000000000,0.00000000000,0.0000,0.0000,0.0000,0.0000,0.0000,0.000000000,0.000000000,-0.000000000,0.0000,0.0000,0.0000,0.0000,0.0000,0.0000,0.0000,0.0000,0.0000,00000000,20*b725396b
$GPGSV,2,1,07,10,00,000,25,13,00,000,40,15,39,058,40,18,48,218,45*75
$GPGSV,2,2,07,20,13,068,38,24,67,047,45,32,11,272,40,,,,*4C
$GLGSV,3,1,09,70,17,072,42,72,24,306,38,73,49,099,47,74,27,160,38*61
$GLGSV,3,2,09,85,00,000,29,86,37,244,46,87,33,295,46,90,00,000,38*60
$GLGSV,3,3,09,91,00,000,36,,,,,,,,,,,,*51
$GAGSV,2,1,06,03,25,266,46,11,07,161,36,16,17,127,40,31,14,073,37*6B
$GAGSV,2,2,06,34,55,287,46,36,49,190,46,,,,,,,,*64
$GQGSV,1,1,03,02,00,000,31,03,43,170,44,07,53,169,38,,,,*4D
$GBGSV,5,1,17,01,48,147,48,02,35,243,45,03,55,202,48,04,37,120,43*61
$GBGSV,5,2,17,06,70,042,43,07,58,191,49,10,47,193,46,11,24,268,41*60
$GBGSV,5,3,17,12,13,296,41,20,29,306,44,23,49,086,49,27,00,000,26*60
$GBGSV,5,4,17,29,16,290,45,30,22,238,45,32,00,000,35,37,40,166,45*66
$GBGSV,5,5,17,41,22,086,43,,,,,,,,,,,,*51
$GPGSA,M,3,15,18,20,24,32,,,,,,,,1.3,0.6,1.1,1*2F
™D*  †H   ´¥{	p£v ¿·     2   Ê: êÌ)?@ÑB]^@ ªà„*@ÃÄ0A=   "?><≠P!<f›º<1793  Ä?ï“≥<*""" 07`ªu⁄™D7 †0   ´¥{	p£v                                           1793      07ÜÙÕ#RAWIMUA,ICOM3,0,85.9,FINESTEERING,2427,544646.036,00000000,0000,797;2427,544646.036069000,1a2200aa,1169985,270713,-518511,-20422,5513,-15668*e2b46214
#TRACKSTATA,ICOM3,0,85.9,FINESTEERING,2427,544646.000,00000000,0000,797;SOL_COMPUTED,NARROW_INT,0.0,108,10,0,00181444,23516430.858,2818.546,25.250,0.000,0.000,GOOD,0.000,10,0,01d81484,23516839.782,2105.181,26.500,0.200,0.000,GOOD,0.000,13,0,10181d44,23208840.798,2561.667,39.750,20.100,0.000,GOOD,0.000,15,0,00101f44,21736017.830,-2097.731,39.750,21.300,0.000,GOOD,0.000,15,0,12301f64,21736021.899,-1634.630,42.000,19.200,0.000,GOOD,0.000,18,0,00101cc4,21544751.316,-2313.268,45.000,20.100,0.000,GOOD,0.000,18,0,12301ce4,21544748.745,-1802.548,45.250,18.900,0.000,GOOD,0.000,18,0,01d01d04,21544770.701,-1727.400,47.250,18.700,0.000,GOOD,0.000,20,0,00101e44,24439754.232,-2494.330,37.750,8.800,0.000,GOOD,0.000,20,0,02301e64,24439757.098,-1943.759,38.750,14.300,0.000,GOOD,0.000,24,0,00101ec4,20197403.015,-1513.629,44.750,20.100,0.000,GOOD,0.000,24,0,02301ee4,20197404.250,-1179.549,43.000,18.300,0.000,GOOD,0.000,24,0,01d01f04,20197422.166,-1130.295,47.750,19.500,0.000,GOOD,0.000,32,0,10101dc4,24779874.340,1882.074,39.750,19.900,0.000,GOOD,0.000,32,0,12301de4,24779881.468,1466.427,38.000,18.000,0.000,GOOD,0.000,32,0,01d01e04,24779898.105,1405.235,39.500,18.100,0.000,GOOD,0.000,43,3,00111d44,23050454.461,-2069.994,41.750,20.500,0.000,GOOD,0.000,43,3,10311d64,23050456.244,-1609.921,43.000,21.100,0.000,GOOD,0.000,45,13,00111644,22458717.983,1681.393,37.750,18.200,0.000,GOOD,0.000,45,13,10311e64,22458715.183,1307.485,41.000,17.600,0.000,GOOD,0.000,46,5,10111dc4,20427561.552,958.362,46.500,20.900,0.000,GOOD,0.000,46,5,00311de4,20427566.746,745.349,47.000,21.300,0.000,GOOD,0.000,47,0,00191cc4,22185921.054,3827.194,38.000,7.900,0.000,GOOD,0.000,58,11,003916e4,24547823.093,-3378.345,29.000,0.100,0.000,GOOD,0.000,59,4,10111d84,21267349.860,-2618.228,46.250,19.400,0.000,GOOD,0.000,59,4,10311da4,21267351.531,-2036.331,45.000,19.600,0.000,GOOD,0.000,60,10,00111e04,21584172.354,29.735,46.250,19.600,0.000,GOOD,0.000,63,1,00191d04,21820546.996,1443.649,38.250,18.900,0.000,GOOD,0.000,64,2,00191e84,22028642.200,-1658.319,35.750,10.800,0.000,GOOD,0.000,3,0,00331fc4,26464958.250,1327.147,46.250,20.100,0.000,GOOD,0.000,3,0,12331c24,26464967.531,1016.964,45.000,18.600,0.000,GOOD,0.000,3,0,11931fe4,26464967.511,990.905,36.750,18.600,0.000,GOOD,0.000,3,0,10d31c04,26465134.199,1077.344,42.250,18.400,0.000,GOOD,0.000,11,0,003314c4,26598111.289,-3299.368,35.750,0.400,0.000,GOOD,0.000,11,0,02331d24,26598123.339,-2528.662,40.000,17.300,0.000,GOOD,0.000,11,0,11931ce4,26598124.342,-2464.047,32.500,17.900,0.000,GOOD,0.000,11,0,00d31d04,26598290.052,-2678.597,38.500,18.000,0.000,GOOD,0.000,16,0,00331f44,27229672.110,2117.448,40.250,20.100,0.000,GOOD,0.000,16,0,023317a4,27229675.114,1622.166,35.000,0.100,0.000,GOOD,0.000,16,0,11931f64,27229681.193,1580.625,37.500,18.900,0.000,GOOD,0.000,31,0,10331c44,27584511.326,636.308,36.750,12.500,0.000,GOOD,0.000,31,0,12331ca4,27584520.528,487.898,46.000,19.300,0.000,GOOD,0.000,31,0,11931c64,27584521.409,475.664,38.000,18.800,0.000,GOOD,0.000,31,0,10d31c84,27584687.670,517.084,43.250,17.700,0.000,GOOD,0.000,34,0,00331dc4,24348861.936,247.268,45.750,20.900,0.000,GOOD,0.000,34,0,02331e24,24348868.250,189.313,49.750,20.000,0.000,GOOD,0.000,34,0,01931de4,24348870.402,184.628,42.250,18.000,0.000,GOOD,0.000,34,0,00d31e04,24349037.981,200.812,45.750,19.900,0.000,GOOD,0.000,36,0,10331d44,24777042.170,-2431.899,45.750,21.800,0.000,GOOD,0.000,36,0,02331da4,24777048.522,-1863.202,50.250,20.300,0.000,GOOD,0.000,36,0,01931d64,24777049.566,-1815.857,42.250,19.400,0.000,GOOD,0.000,36,0,00d31d84,24777216.732,-1973.790,46.500,19.500,0.000,GOOD,0.000,194,0,101d1fc4,37848748.119,-21.824,30.750,6.600,0.000,GOOD,0.000,195,0,10151f44,36634168.163,-114.637,44.250,19.800,0.000,GOOD,0.000,195,0,02351f64,36634161.778,-89.401,45.250,19.700,0.000,GOOD,0.000,195,0,01d51f84,36634181.393,-85.660,43.000,19.500,0.000,GOOD,0.000,199,0,00151ec4,36992860.946,-165.767,37.750,19.700,0.000,GOOD,0.000,199,0,12351ee4,36992857.189,-128.934,44.750,19.800,0.000,GOOD,0.000,199,0,11d51f04,36992877.710,-123.744,47.250,19.700,0.000,GOOD,0.000,1,0,00941c04,37288845.201,-176.081,48.250,21.200,0.000,GOOD,0.000,1,0,00d41c24,37288845.023,-143.219,47.000,20.900,0.000,GOOD,0.000,2,0,00941c64,38319099.630,-145.502,45.250,21.000,0.000,GOOD,0.000,2,0,00d41c84,38319091.046,-118.148,44.250,20.600,0.000,GOOD,0.000,3,0,00941cc4,36927664.352,-162.146,48.250,20.900,0.000,GOOD,0.000,3,0,00d41ce4,36927659.506,-131.754,47.750,19.900,0.000,GOOD,0.000,4,0,10941d24,38154924.443,-197.257,42.500,19.500,0.000,GOOD,0.000,4,0,10d41d44,38154925.796,-160.117,45.500,20.600,0.000,GOOD,0.000,6,0,00141e44,36172388.886,261.982,42.500,20.900,0.000,GOOD,0.000,6,0,10541e64,36172395.094,213.079,44.250,20.800,0.000,GOOD,0.000,7,0,00141de4,36872768.787,730.427,49.000,19.800,0.000,GOOD,0.000,7,0,00541e04,36872772.458,593.483,46.500,18.700,0.000,GOOD,0.000,10,0,00141d84,37795313.308,859.986,45.500,20.400,0.000,GOOD,0.000,10,0,00341dc4,37795315.667,664.956,45.750,20.400,0.000,GOOD,0.000,10,0,10541da4,37795319.838,698.739,42.500,18.900,0.000,GOOD,0.000,11,0,00141ea4,25095047.822,-1313.311,40.500,19.700,0.000,GOOD,0.000,11,0,10541ec4,25095054.641,-1067.184,42.500,20.700,0.000,GOOD,0.000,12,0,00141f04,25749142.800,1964.892,40.750,19.400,0.000,GOOD,0.000,12,0,10541f24,25749149.964,1596.557,39.500,17.900,0.000,GOOD,0.000,20,0,10141e84,24629777.312,1675.304,44.250,20.800,0.000,GOOD,0.000,20,0,01341ea4,24629782.100,1262.609,45.250,18.800,0.000,GOOD,0.000,20,0,00541ec4,24629780.723,1361.347,42.750,18.700,0.000,GOOD,0.000,20,0,10f41ee4,24629773.442,1690.643,44.000,20.000,0.000,GOOD,0.000,23,0,10141d44,23035063.005,-170.222,48.750,21.300,0.000,GOOD,0.000,23,0,11341d64,23035063.142,-128.100,50.500,19.800,0.000,GOOD,0.000,23,0,00541d84,23035059.367,-138.315,46.250,19.400,0.000,GOOD,0.000,23,0,10f41da4,23035058.138,-171.736,46.250,20.000,0.000,GOOD,0.000,27,0,001c1724,26507193.083,-2832.009,26.250,0.300,0.000,GOOD,0.000,27,0,00fc1784,26507325.562,-2857.256,31.750,0.300,0.000,GOOD,0.000,29,0,10141d04,25412306.753,-458.482,45.000,20.100,0.000,GOOD,0.000,29,0,01341524,25412315.157,-345.491,41.750,1.600,0.000,GOOD,0.000,29,0,00541d44,25412314.506,-372.833,41.250,18.300,0.000,GOOD,0.000,29,0,10f41d64,25412304.805,-462.794,42.750,19.700,0.000,GOOD,0.000,30,0,00141de4,24840199.537,-2315.144,45.250,20.600,0.000,GOOD,0.000,30,0,01341e04,24840212.931,-1744.746,44.500,19.700,0.000,GOOD,0.000,30,0,10541e24,24840211.558,-1881.350,42.500,19.900,0.000,GOOD,0.000,30,0,10f41e44,24840197.587,-2336.397,43.250,20.100,0.000,GOOD,0.000,32,0,101c1e44,22654492.895,-95.085,34.750,8.300,0.000,GOOD,0.000,32,0,113c1e64,22654502.899,-71.396,41.000,7.000,0.000,GOOD,0.000,32,0,005c1684,22654499.865,-77.222,39.750,6.600,0.000,GOOD,0.000,32,0,00fc16a4,22654486.020,-95.622,33.500,0.000,0.000,GOOD,0.000,37,0,00141fc4,23719369.668,2495.669,44.750,20.100,0.000,GOOD,0.000,37,0,11341fe4,23719382.439,1880.768,46.500,20.200,0.000,GOOD,0.000,37,0,00541c04,23719383.012,2028.003,47.250,19.700,0.000,GOOD,0.000,37,0,10f41c24,23719371.877,2518.579,44.000,20.600,0.000,GOOD,0.000,41,0,10141c64,25285825.207,-1834.718,42.750,20.900,0.000,GOOD,0.000,41,0,11341c84,25285848.343,-1382.655,48.000,19.900,0.000,GOOD,0.000,41,0,00541ca4,25285844.549,-1490.895,46.250,19.500,0.000,GOOD,0.000,41,0,10f41cc4,25285825.205,-1851.648,43.500,21.500,0.000,GOOD,0.000*7ee487dd
#INSPVAXA,ICOM3,0,85.9,FINESTEERING,2427,544646.050,00000000,0024,797;WAITING_AZIMUTH,NONE,0.00000000000,0.00000000000,0.0000,0.0000,0.0000,0.0000,0.0000,0.000000000,0.000000000,-0.000000000,0.0000,0.0000,0.0000,0.0000,0.0000,0.0000,0.0000,0.0000,0.0000,00000000,20*8c036670
#RAWIMUA,ICOM3,0,85.9,FINESTEERING,2427,544646.046,00000000,0000,797;2427,544646.046079000,1a2800ab,1170474,271207,-518157,-16914,9794,-9307*9a4924f9
#INSPVAXA,ICOM3,0,85.9,FINESTEERING,2427,544646.060,00000000,002e,797;WAITING_AZIMUTH,NONE,0.00000000000,0.00000000000,0.0000,0.0000,0.0000,0.0000,0.0000,0.000000000,0.000000000,-0.000000000,0.0000,0.0000,0.0000,0.0000,0.0000,0.0000,0.0000,0.0000,0.0000,00000000,20*76a589ee
#RAWIMUA,ICOM3,0,85.9,FINESTEERING,2427,544646.056,00000000,0000,797;2427,544646.056046000,1a2700ac,1168666,269674,-517941,-12193,3972,-18626*d7cfcd2a
#INSPVAXA,ICOM3,0,85.9,FINESTEERING,2427,544646.070,00000000,0038,797;WAITING_AZIMUTH,NONE,0.00000000000,0.00000000000,0.0000,0.0000,0.0000,0.0000,0.0000,0.000000000,0.000000000,-0.000000000,0.0000,0.0000,0.0000,0.0000,0.0000,0.0000,0.0000,0.0000,0.0000,00000000,20*8bd12bd7
#RAWIMUA,ICOM3,0,85.9,FINESTEERING,2427,544646.066,00000000,0000,797;2427,544646.066036000,1a2200ad,1169190,270624,-517821,-19668,-4196,-15054*079099e2
#INSPVAXA,ICOM3,0,85.9,FINESTEERING,2427,544646.080,00000000,0042,797;WAITING_AZIMUTH,NONE,0.00000000000,0.00000000000,0.0000,0.0000,0.0000,0.0000,0.0000,0.000000000,0.000000000,-0.000000000,0.0000,0.0000,0.0000,0.0000,0.0000,0.0000,0.0000,0.0000,0.0000,00000000,20*5b3d6f52
#RAWIMUA,ICOM3,0,85.9,FINESTEERING,2427,544646.076,00000000,0000,797;2427,544646.076095000,1a1b00ae,1167802,270964,-516971,-19275,-2221,-24801*ba5de0a2
#INSPVAXA,ICOM3,0,85.9,FINESTEERING,2427,544646.090,00000000,004c,797;WAITING_AZIMUTH,NONE,0.00000000000,0.00000000000,0.0000,0.0000,0.0000,0.0000,0.0000,0.000000000,0.000000000,-0.000000000,0.0000,0.0000,0.0000,0.0000,0.0000,0.0000,0.0000,0.0000,0.0000,00000000,20*87ea71f7
#RAWIMUA,ICOM3,0,85.9,FINESTEERING,2427,544646.086,00000000,0000,797;2427,544646.086078000,1a2200af,1169398,270775,-518873,-18160,-2253,-26082*06203a9b
#INSPVAXA,ICOM3,0,85.9,FINESTEERING,2427,544646.100,00000000,0056,797;WAITING_AZIMUTH,NONE,0.00000000000,0.00000000000,0.0000,0.0000,0.0000,0.0000,0.0000,0.000000000,0.000000000,-0.000000000,0.0000,0.0000,0.0000,0.0000,0.0000,0.0000,0.0000,0.0000,0.0000,00000000,20*14fd9a65
#RAWIMUA,ICOM3,0,85.9,FINESTEERING,2427,544646.096,00000000,0000,797;2427,544646.096104000,1a2300b0,1169330,271366,-518748,-12488,1076,-23928*dfe6b45f
#INSPVAXA,ICOM3,0,85.9,FINESTEERING,2427,544646.110,00000000,0060,797;WAITING_AZIMUTH,NONE,0.00000000000,0.00000000000,0.0000,0.0000,0.0000,0.0000,0.0000,0.000000000,0.000000000,-0.000000000,0.0000,0.0000,0.0000,0.0000,0.0000,0.0000,0.0000,0.0000,0.0000,00000000,20*6bf25175
#RAWIMUA,ICOM3,0,85.9,FINESTEERING,2427,544646.106,00000000,0000,797;2427,544646.106087000,1a2100b1,1169930,268933,-519475,-20652,-7554,-23972*0702efc1
#INSPVAXA,ICOM3,0,85.9,FINESTEERING,2427,544646.120,00000000,006a,797;WAITING_AZIMUTH,NONE,0.00000000000,0.00000000000,0.0000,0.0000,0.0000,0.0000,0.0000,0.000000000,0.000000000,-0.000000000,0.0000,0.0000,0.0000,0.0000,0.0000,0.0000,0.0000,0.0000,0.0000,00000000,20*9154beeb
#RAWIMUA,ICOM3,0,85.9,FINESTEERING,2427,544646.116,00000000,0000,797;2427,544646.116129000,1a2100b2,1169341,270764,-519791,-17111,-5445,-36148*68ba6121
#INSPVAXA,ICOM3,0,91.9,FINESTEERING,2427,544646.130,00000000,0074,797;WAITING_AZIMUTH,NONE,0.00000000000,0.00000000000,0.0000,0.0000,0.0000,0.0000,0.0000,0.000000000,0.000000000,-0.000000000,0.0000,0.0000,0.0000,0.0000,0.0000,0.0000,0.0000,0.0000,0.0000,00000000,20*1816f441
#RAWIMUA,ICOM3,0,91.9,FINESTEERING,2427,544646.126,00000000,0000,797;2427,544646.126118000,1a2000b3,1169727,271363,-518945,-33177,-6214,-16649*cc20ccb6
#INSPVAXA,ICOM3,0,91.9,FINESTEERING,2427,544646.140,00000000,007e,797;WAITING_AZIMUTH,NONE,0.00000000000,0.00000000000,0.0000,0.0000,0.0000,0.0000,0.0000,0.000000000,0.000000000,-0.000000000,0.0000,0.0000,0.0000,0.0000,0.0000,0.0000,0.0000,0.0000,0.0000,00000000,20*ae53f9a9
#RAWIMUA,ICOM3,0,91.9,FINESTEERING,2427,544646.136,00000000,0000,797;2427,544646.136081000,1a1b00b4,1170120,270316,-518802,-18488,-4294,-34140*84b4dc6c
#INSPVAXA,ICOM3,0,91.9,FINESTEERING,2427,544646.150,00000000,0088,797;WAITING_AZIMUTH,NONE,0.00000000000,0.00000000000,0.0000,0.0000,0.0000,0.0000,0.0000,0.000000000,0.000000000,-0.000000000,0.0000,0.0000,0.0000,0.0000,0.0000,0.0000,0.0000,0.0000,0.0000,00000000,20*7bcdeadf
#RAWIMUA,ICOM3,0,91.9,FINESTEERING,2427,544646.146,00000000,0000,797;2427,544646.146072000,1a1c00b5,1169180,271579,-520161,-12652,4268,-29827*2179676c
#INSPVAXA,ICOM3,0,91.9,FINESTEERING,2427,544646.160,00000000,0092,797;WAITING_AZIMUTH,NONE,0.00000000000,0.00000000000,0.0000,0.0000,0.0000,0.0000,0.0000,0.000000000,0.000000000,-0.000000000,0.0000,0.0000,0.0000,0.0000,0.0000,0.0000,0.0000,0.0000,0.0000,00000000,20*281ccff0
#RAWIMUA,ICOM3,0,91.9,FINESTEERING,2427,544646.156,00000000,0000,797;2427,544646.156096000,1a2100b6,1168702,270194,-518275,-15767,8084,-20286*f666f841
#INSPVAXA,ICOM3,0,91.9,FINESTEERING,2427,544646.170,00000000,009c,797;WAITING_AZIMUTH,NONE,0.00000000000,0.00000000000,0.0000,0.0000,0.0000,0.0000,0.0000,0.000000000,0.000000000,-0.000000000,0.0000,0.0000,0.0000,0.0000,0.0000,0.0000,0.0000,0.0000,0.0000,00000000,20*f4cbd155
#RAWIMUA,ICOM3,0,91.9,FINESTEERING,2427,544646.166,00000000,0000,797;2427,544646.166088000,1a1f00b7,1168016,270158,-518635,-19013,-2879,-19614*7232d9b3
#INSPVAXA,ICOM3,0,91.9,FINESTEERING,2427,544646.180,00000000,00a6,797;WAITING_AZIMUTH,NONE,0.00000000000,0.00000000000,0.0000,0.0000,0.0000,0.0000,0.0000,0.000000000,0.000000000,-0.000000000,0.0000,0.0000,0.0000,0.0000,0.0000,0.0000,0.0000,0.0000,0.0000,00000000,20*d5dd5f8c
#RAWIMUA,ICOM3,0,91.9,FINESTEERING,2427,544646.176,00000000,0000,797;2427,544646.176081000,1a2200b8,1169785,269081,-518066,-21767,-2223,-27070*2ef3f3c1
#INSPVAXA,ICOM3,0,91.9,FINESTEERING,2427,544646.190,00000000,00b0,797;WAITING_AZIMUTH,NONE,0.00000000000,0.00000000000,0.0000,0.0000,0.0000,0.0000,0.0000,0.000000000,0.000000000,-0.000000000,0.0000,0.0000,0.0000,0.0000,0.0000,0.0000,0.0000,0.0000,0.0000,00000000,20*aad2949c
#RAWIMUA,ICOM3,0,91.9,FINESTEERING,2427,544646.186,00000000,0000,797;2427,544646.186074000,1a2400b9,1168914,271616,-519833,-22422,3207,-20936*61020452
#INSPVAXA,ICOM3,0,91.9,FINESTEERING,2427,544646.200,00000000,00ba,797;WAITING_AZIMUTH,NONE,0.00000000000,0.00000000000,0.0000,0.0000,0.0000,0.0000,0.0000,0.000000000,0.000000000,-0.000000000,0.0000,0.0000,0.0000,0.0000,0.0000,0.0000,0.0000,0.0000,0.0000,00000000,20*ebc1994a
#RAWIMUA,ICOM3,0,91.9,FINESTEERING,2427,544646.196,00000000,0000,797;2427,544646.196066000,1a2000ba,1167381,272560,-517710,-23767,8078,-13327*8cf40334
#INSPVAXA,ICOM3,0,91.9,FINESTEERING,2427,544646.210,00000000,00c4,797;WAITING_AZIMUTH,NONE,0.00000000000,0.00000000000,0.0000,0.0000,0.0000,0.0000,0.0000,0.000000000,0.000000000,-0.000000000,0.0000,0.0000,0.0000,0.0000,0.0000,0.0000,0.0000,0.0000,0.0000,00000000,20*543ff97e
#RAWIMUA,ICOM3,0,91.9,FINESTEERING,2427,544646.206,00000000,0000,797;2427,544646.206128000,1a1f00bb,1169308,271125,-519730,-27275,3204,-2149*7c338d6d
#INSPVAXA,ICOM3,0,91.9,FINESTEERING,2427,544646.220,00000000,00ce,797;WAITING_AZIMUTH,NONE,0.00000000000,0.00000000000,0.0000,0.0000,0.0000,0.0000,0.0000,0.000000000,0.000000000,-0.000000000,0.0000,0.0000,0.0000,0.0000,0.0000,0.0000,0.0000,0.0000,0.0000,00000000,20*ae9916e0
#RAWIMUA,ICOM3,0,91.9,FINESTEERING,2427,544646.216,00000000,0000,797;2427,544646.216110000,1a1d00bc,1168773,271529,-518881,-26259,8800,-4686*29639653
#INSPVAXA,ICOM3,0,91.9,FINESTEERING,2427,544646.230,00000000,00d8,797;WAITING_AZIMUTH,NONE,0.00000000000,0.00000000000,0.0000,0.0000,0.0000,0.0000,0.0000,0.000000000,0.000000000,-0.000000000,0.0000,0.0000,0.0000,0.0000,0.0000,0.0000,0.0000,0.0000,0.0000,00000000,20*05f4f3e9
$GPGGA,071708.20,3109.8268694,N,12127.2280433,E,4,34,0.6,6.041,M,11.031,M,1.200,1793*4C
#RAWIMUA,ICOM3,0,91.9,FINESTEERING,2427,544646.226,00000000,0000,797;2427,544646.226110000,1a1e00bd,1166952,270600,-517392,-24488,4753,5777*38f6c70f
#BESTGNSSPOSA,ICOM3,0,91.9,FINESTEERING,2427,544646.200,03e1c006,0000,797;SOL_COMPUTED,NARROW_INT,31.16378115631,121.45380072180,6.0406,11.0314,WGS84,0.0123,0.0105,0.0238,"1793",1.200,0.022,42,34,34,34,0F,00,30,37*db768d4c
#HEADINGA,ICOM3,0,91.9,FINESTEERING,2427,544646.200,00000000,0000,797;SOL_COMPUTED,NONE,0.000000000,0.000000000,0.000000000,0.0,0.000000000,0.000000000,"1793",0,0,0,0,0,00,30,37*82c87bf5
$GPGSV,2,1,07,10,00,000,25,13,00,000,40,15,39,058,40,18,48,218,45*75
$GPGSV,2,2,07,20,13,068,38,24,67,047,45,32,11,272,40,,,,*4C
$GLGSV,3,1,09,70,17,072,42,72,24,306,38,73,49,099,47,74,27,160,38*61
$GLGSV,3,2,09,85,00,000,29,86,37,244,46,87,33,295,46,90,00,000,38*60
$GLGSV,3,3,09,91,00,000,36,,,,,,,,,,,,*51
$GAGSV,2,1,06,03,25,266,46,11,07,161,36,16,17,127,40,31,14,073,37*6B
$GAGSV,2,2,06,34,55,287,46,36,49,190,46,,,,,,,,*64
$GQGSV,1,1,03,02,00,000,31,03,43,170,44,07,53,169,38,,,,*4D
$GBGSV,5,1,17,01,48,147,48,02,35,243,45,03,55,202,48,04,37,120,42*60
$GBGSV,5,2,17,06,70,042,43,07,58,191,49,10,47,193,46,11,24,268,41*60
$GBGSV,5,3,17,12,13,296,41,20,29,306,44,23,49,086,49,27,00,000,27*61
$GBGSV,5,4,17,29,16,290,45,30,22,238,46,32,00,000,35,37,40,166,45*65
$GBGSV,5,5,17,41,22,086,43,,,,,,,,,,,,*51
$GPGSA,M,3,15,18,20,24,32,,,,,,,,1.3,0.6,1.1,1*2F
#INSPVAXA,ICOM3,0,91.9,FINESTEERING,2427,544646.240,00000000,00e2,797;WAITING_AZIMUTH,NONE,0.00000000000,0.00000000000,0.0000,0.0000,0.0000,0.0000,0.0000,0.000000000,0.000000000,-0.000000000,0.0000,0.0000,0.0000,0.0000,0.0000,0.0000,0.0000,0.0000,0.0000,00000000,20*1ac634b0
#RAWIMUA,ICOM3,0,91.9,FINESTEERING,2427,544646.236,00000000,0000,797;2427,544646.236068000,1a2000be,1171271,270214,-518999,-27308,1262,5004*77b015a4
#INSPVAXA,ICOM3,0,91.9,FINESTEERING,2427,544646.250,00000000,00ec,797;WAITING_AZIMUTH,NONE,0.00000000000,0.00000000000,0.0000,0.0000,0.0000,0.0000,0.0000,0.000000000,0.000000000,-0.000000000,0.0000,0.0000,0.0000,0.0000,0.0000,0.0000,0.0000,0.0000,0.0000,00000000,20*c6112a15
#RAWIMUA,ICOM3,0,91.9,FINESTEERING,2427,544646.246,00000000,0000,797;2427,544646.246089000,1a1f00bf,1168697,270494,-517753,-27734,5606,1738*8fa28dde
#INSPVAXA,ICOM3,0,91.9,FINESTEERING,2427,544646.260,00000000,00f6,797;WAITING_AZIMUTH,NONE,0.00000000000,0.00000000000,0.0000,0.0000,0.0000,0.0000,0.0000,0.000000000,0.000000000,-0.000000000,0.0000,0.0000,0.0000,0.0000,0.0000,0.0000,0.0000,0.0000,0.0000,00000000,20*db468435
#RAWIMUA,ICOM3,0,91.9,FINESTEERING,2427,544646.256,00000000,0000,797;2427,544646.256082000,1a1b00c0,1166618,268120,-516674,-29603,-3875,4520*7ad4f8a4
#INSPVAXA,ICOM3,0,91.9,FINESTEERING,2427,544646.270,00000000,0100,797;WAITING_AZIMUTH,NONE,0.00000000000,0.00000000000,0.0000,0.0000,0.0000,0.0000,0.0000,0.000000000,0.000000000,-0.000000000,0.0000,0.0000,0.0000,0.0000,0.0000,0.0000,0.0000,0.0000,0.0000,00000000,20*306c0aba
#RAWIMUA,ICOM3,0,91.9,FINESTEERING,2427,544646.266,00000000,0000,797;2427,544646.266073000,1a1d00c1,1170416,266355,-518625,-23013,-5778,-22257*9aee9305
#INSPVAXA,ICOM3,0,91.9,FINESTEERING,2427,544646.280,00000000,010a,797;WAITING_AZIMUTH,NONE,0.00000000000,0.00000000000,0.0000,0.0000,0.0000,0.0000,0.0000,0.000000000,0.000000000,-0.000000000,0.0000,0.0000,0.0000,0.0000,0.0000,0.0000,0.0000,0.0000,0.0000,00000000,20*1feec3be
#RAWIMUA,ICOM3,0,91.9,FINESTEERING,2427,544646.276,00000000,0000,797;2427,544646.276066000,1a2300c2,1170533,270233,-517489,-17636,4429,-35743*ad3e8cd6
#INSPVAXA,ICOM3,0,91.9,FINESTEERING,2427,544646.290,00000000,0114,797;WAITING_AZIMUTH,NONE,0.00000000000,0.00000000000,0.0000,0.0000,0.0000,0.0000,0.0000,0.000000000,0.000000000,-0.000000000,0.0000,0.0000,0.0000,0.0000,0.0000,0.0000,0.0000,0.0000,0.0000,00000000,20*a010a38a
#RAWIMUA,ICOM3,0,91.9,FINESTEERING,2427,544646.286,00000000,0000,797;2427,544646.286088000,1a2500c3,1164188,272541,-517019,-13701,-3665,-28253*00d5c80c
#INSPVAXA,ICOM3,0,91.9,FINESTEERING,2427,544646.300,00000000,011e,797;WAITING_AZIMUTH,NONE,0.00000000000,0.00000000000,0.0000,0.0000,0.0000,0.0000,0.0000,0.000000000,0.000000000,-0.000000000,0.0000,0.0000,0.0000,0.0000,0.0000,0.0000,0.0000,0.0000,0.0000,00000000,20*502e3689
#RAWIMUA,ICOM3,0,91.9,FINESTEERING,2427,544646.296,00000000,0000,797;2427,544646.296081000,1a2600c4,1168079,273335,-518540,-16881,-2318,-16193*1f36f5dc
#INSPVAXA,ICOM3,0,91.9,FINESTEERING,2427,544646.310,00000000,0128,797;WAITING_AZIMUTH,NONE,0.00000000000,0.00000000000,0.0000,0.0000,0.0000,0.0000,0.0000,0.000000000,0.000000000,-0.000000000,0.0000,0.0000,0.0000,0.0000,0.0000,0.0000,0.0000,0.0000,0.0000,00000000,20*2982ab9f
#RAWIMUA,ICOM3,0,91.9,FINESTEERING,2427,544646.306,00000000,0000,797;2427,544646.306092000,1a2500c5,1170955,272295,-520302,-23701,47,3917*681933f2
#INSPVAXA,ICOM3,0,91.9,FINESTEERING,2427,544646.320,00000000,0132,797;WAITING_AZIMUTH,NONE,0.00000000000,0.00000000000,0.0000,0.0000,0.0000,0.0000,0.0000,0.000000000,0.000000000,-0.000000000,0.0000,0.0000,0.0000,0.0000,0.0000,0.0000,0.0000,0.0000,0.0000,00000000,20*7a538eb0
#RAWIMUA,ICOM3,0,91.9,FINESTEERING,2427,544646.316,00000000,0000,797;2427,544646.316089000,1a2200c6,1168200,269485,-517315,-14226,-1987,5952*5277097c
#INSPVAXA,ICOM3,0,91.9,FINESTEERING,2427,544646.330,00000000,013c,797;WAITING_AZIMUTH,NONE,0.00000000000,0.00000000000,0.0000,0.0000,0.0000,0.0000,0.0000,0.000000000,0.000000000,-0.000000000,0.0000,0.0000,0.0000,0.0000,0.0000,0.0000,0.0000,0.0000,0.0000,00000000,20*a6849015
#RAWIMUA,ICOM3,0,91.9,FINESTEERING,2427,544646.326,00000000,0000,797;2427,544646.326092000,1a1d00c7,1171872,267425,-516539,-25636,-251,-4922*8a603c25
#INSPVAXA,ICOM3,0,91.9,FINESTEERING,2427,544646.340,00000000,0146,797;WAITING_AZIMUTH,NONE,0.00000000000,0.00000000000,0.0000,0.0000,0.0000,0.0000,0.0000,0.000000000,0.000000000,-0.000000000,0.0000,0.0000,0.0000,0.0000,0.0000,0.0000,0.0000,0.0000,0.0000,00000000,20*25f1a45c
#RAWIMUA,ICOM3,0,91.9,FINESTEERING,2427,544646.336,00000000,0000,797;2427,544646.336082000,1a1d00c8,1168721,269752,-516859,-16390,-6432,-22650*dbc026f0
#INSPVAXA,ICOM3,0,91.9,FINESTEERING,2427,544646.350,00000000,0150,797;WAITING_AZIMUTH,NONE,0.00000000000,0.00000000000,0.0000,0.0000,0.0000,0.0000,0.0000,0.000000000,0.000000000,-0.000000000,0.0000,0.0000,0.0000,0.0000,0.0000,0.0000,0.0000,0.0000,0.0000,00000000,20*de265063
#RAWIMUA,ICOM3,0,91.9,FINESTEERING,2427,544646.346,00000000,0000,797;2427,544646.346074000,1a2300c9,1168812,270803,-519397,-22849,4260,-20373*7e05bf6f
#INSPVAXA,ICOM3,0,91.9,FINESTEERING,2427,544646.360,00000000,015a,797;WAITING_AZIMUTH,NONE,0.00000000000,0.00000000000,0.0000,0.0000,0.0000,0.0000,0.0000,0.000000000,0.000000000,-0.000000000,0.0000,0.0000,0.0000,0.0000,0.0000,0.0000,0.0000,0.0000,0.0000,00000000,20*2480bffd
#RAWIMUA,ICOM3,0,91.9,FINESTEERING,2427,544646.356,00000000,0000,797;2427,544646.356066000,1a2900ca,1171118,272099,-520202,-19701,2946,-15844*20202c50
#INSPVAXA,ICOM3,0,91.9,FINESTEERING,2427,544646.370,00000000,0164,797;WAITING_AZIMUTH,NONE,0.00000000000,0.00000000000,0.0000,0.0000,0.0000,0.0000,0.0000,0.000000000,0.000000000,-0.000000000,0.0000,0.0000,0.0000,0.0000,0.0000,0.0000,0.0000,0.0000,0.0000,00000000,20*1fa6e0e6
#RAWIMUA,ICOM3,0,91.9,FINESTEERING,2427,544646.366,00000000,0000,797;2427,544646.366090000,1a2400cb,1168752,270698,-519987,-18685,643,1032*ddb5648c
#INSPVAXA,ICOM3,0,91.9,FINESTEERING,2427,544646.380,00000000,016e,797;WAITING_AZIMUTH,NONE,0.00000000000,0.00000000000,0.0000,0.0000,0.0000,0.0000,0.0000,0.000000000,0.000000000,-0.000000000,0.0000,0.0000,0.0000,0.0000,0.0000,0.0000,0.0000,0.0000,0.0000,00000000,20*302429e2
#RAWIMUA,ICOM3,0,91.9,FINESTEERING,2427,544646.376,00000000,0000,797;2427,544646.376082000,1a1e00cc,1168002,267982,-517067,-23078,2088,-3596*3fad953b
#INSPVAXA,ICOM3,0,91.9,FINESTEERING,2427,544646.390,00000000,0178,797;WAITING_AZIMUTH,NONE,0.00000000000,0.00000000000,0.0000,0.0000,0.0000,0.0000,0.0000,0.000000000,0.000000000,-0.000000000,0.0000,0.0000,0.0000,0.0000,0.0000,0.0000,0.0000,0.0000,0.0000,00000000,20*cd508bdb
#RAWIMUA,ICOM3,0,91.9,FINESTEERING,2427,544646.386,00000000,0000,797;2427,544646.386074000,1a2200cd,1171777,267879,-516938,-21636,2747,-18540*a38a50ef
#INSPVAXA,ICOM3,0,91.9,FINESTEERING,2427,544646.400,00000000,0182,797;WAITING_AZIMUTH,NONE,0.00000000000,0.00000000000,0.0000,0.0000,0.0000,0.0000,0.0000,0.000000000,0.000000000,-0.000000000,0.0000,0.0000,0.0000,0.0000,0.0000,0.0000,0.0000,0.0000,0.0000,00000000,20*b4f4ca18
#RAWIMUA,ICOM3,0,91.9,FINESTEERING,2427,544646.396,00000000,0000,797;2427,544646.396066000,1a2700ce,1168037,270662,-517492,-17734,6272,-33173*f70f1728
#INSPVAXA,ICOM3,0,91.9,FINESTEERING,2427,544646.410,00000000,018c,797;WAITING_AZIMUTH,NONE,0.00000000000,0.00000000000,0.0000,0.0000,0.0000,0.0000,0.0000,0.000000000,0.000000000,-0.000000000,0.0000,0.0000,0.0000,0.0000,0.0000,0.0000,0.0000,0.0000,0.0000,00000000,20*6823d4bd
#RAWIMUA,ICOM3,0,91.9,FINESTEERING,2427,544646.406,00000000,0000,797;2427,544646.406094000,1a2300cf,1166656,271027,-517331,-18488,-1299,-36426*bddd410f
#INSPVAXA,ICOM3,0,91.9,FINESTEERING,2427,544646.420,00000000,0196,797;WAITING_AZIMUTH,NONE,0.00000000000,0.00000000000,0.0000,0.0000,0.0000,0.0000,0.0000,0.000000000,0.000000000,-0.000000000,0.0000,0.0000,0.0000,0.0000,0.0000,0.0000,0.0000,0.0000,0.0000,00000000,20*f1ac45b2
#RAWIMUA,ICOM3,0,91.9,FINESTEERING,2427,544646.416,00000000,0000,797;2427,544646.416107000,1a2000d0,1167370,272045,-519771,-20882,-5678,-18149*2cb5a69a
$GPGGA,071708.40,3109.8268695,N,12127.2280439,E,4,34,0.6,6.040,M,11.031,M,1.400,1793*46
#BESTGNSSPOSA,ICOM3,0,91.9,FINESTEERING,2427,544646.400,03e1c006,0000,797;SOL_COMPUTED,NARROW_INT,31.16378115784,121.45380073169,6.0403,11.0314,WGS84,0.0129,0.0109,0.0243,"1793",1.400,0.016,42,34,34,34,0F,00,30,37*c6f6e47d
#HEADINGA,ICOM3,0,91.9,FINESTEERING,2427,544646.400,00000000,0000,797;SOL_COMPUTED,NONE,0.000000000,0.000000000,0.000000000,0.0,0.000000000,0.000000000,"1793",0,0,0,0,0,00,30,37*b463313d
$GPGSV,2,1,07,10,00,000,25,13,00,000,40,15,39,058,40,18,48,218,45*75
$GPGSV,2,2,07,20,13,068,38,24,67,047,45,32,11,272,40,,,,*4C
$GLGSV,3,1,09,70,17,072,42,72,24,306,38,73,49,099,47,74,27,160,38*61
$GLGSV,3,2,09,85,00,000,29,86,37,244,46,87,33,295,46,90,00,000,38*60
$GLGSV,3,3,09,91,00,000,36,,,,,,,,,,,,*51
$GAGSV,2,1,06,03,25,266,46,11,07,161,36,16,17,127,40,31,14,073,37*6B
$GAGSV,2,2,06,34,55,287,46,36,49,190,46,,,,,,,,*64
$GQGSV,1,1,03,02,00,000,31,03,43,170,44,07,53,169,38,,,,*4D
$GBGSV,5,1,17,01,48,147,48,02,35,243,45,03,55,202,48,04,37,120,42*60
$GBGSV,5,2,17,06,70,042,43,07,58,191,49,10,47,193,46,11,24,268,41*60
$GBGSV,5,3,17,12,13,296,41,20,29,306,44,23,49,086,49,27,00,000,27*61
$GBGSV,5,4,17,29,16,290,45,30,22,238,46,32,00,000,35,37,40,166,45*65
$GBGSV,5,5,17,41,22,086,43,,,,,,,,,,,,*51
#INSPVAXA,ICOM3,0,91.9,FINESTEERING,2427,544646.430,00000000,01a0,797;WAITING_AZIMUTH,NONE,0.00000000000,0.00000000000,0.0000,0.0000,0.0000,0.0000,0.0000,0.000000000,0.000000000,-0.000000000,0.0000,0.0000,0.0000,0.0000,0.0000,0.0000,0.0000,0.0000,0.0000,00000000,20*67c688c1
$GPGSA,M,3,15,18,20,24,32,,,,,,,,1.3,0.6,1.1,1*2F
#RAWIMUA,ICOM3,0,91.9,FINESTEERING,2427,544646.426,00000000,0000,797;2427,544646.426085000,1a1c00d1,1168154,270936,-519267,-17734,-2779,-16722*f8a01e16
#INSPVAXA,ICOM3,0,91.9,FINESTEERING,2427,544646.440,00000000,01aa,797;WAITING_AZIMUTH,NONE,0.00000000000,0.00000000000,0.0000,0.0000,0.0000,0.0000,0.0000,0.000000000,0.000000000,-0.000000000,0.0000,0.0000,0.0000,0.0000,0.0000,0.0000,0.0000,0.0000,0.0000,00000000,20*d1838529
#RAWIMUA,ICOM3,0,91.9,FINESTEERING,2427,544646.436,00000000,0000,797;2427,544646.436067000,1a1800d2,1166921,271220,-517596,-24455,1264,-15690*bc13b0fd
#INSPVAXA,ICOM3,0,91.9,FINESTEERING,2427,544646.450,00000000,01b4,797;WAITING_AZIMUTH,NONE,0.00000000000,0.00000000000,0.0000,0.0000,0.0000,0.0000,0.0000,0.000000000,0.000000000,-0.000000000,0.0000,0.0000,0.0000,0.0000,0.0000,0.0000,0.0000,0.0000,0.0000,00000000,20*eaa5da32
#RAWIMUA,ICOM3,0,91.9,FINESTEERING,2427,544646.446,00000000,0000,797;2427,544646.446059000,1a1b00d3,1169270,268643,-519143,-15800,-4391,-13081*bdbc24b1
#INSPVAXA,ICOM3,0,91.9,FINESTEERING,2427,544646.460,00000000,01be,797;WAITING_AZIMUTH,NONE,0.00000000000,0.00000000000,0.0000,0.0000,0.0000,0.0000,0.0000,0.000000000,0.000000000,-0.000000000,0.0000,0.0000,0.0000,0.0000,0.0000,0.0000,0.0000,0.0000,0.0000,00000000,20*100335ac
#RAWIMUA,ICOM3,0,91.9,FINESTEERING,2427,544646.456,00000000,0000,797;2427,544646.456082000,1a1f00d4,1168675,271529,-518881,-24455,9657,-16606*15ee9762
#INSPVAXA,ICOM3,0,91.9,FINESTEERING,2427,544646.470,00000000,01c8,797;WAITING_AZIMUTH,NONE,0.00000000000,0.00000000000,0.0000,0.0000,0.0000,0.0000,0.0000,0.000000000,0.000000000,-0.000000000,0.0000,0.0000,0.0000,0.0000,0.0000,0.0000,0.0000,0.0000,0.0000,00000000,20*ed779795
#RAWIMUA,ICOM3,0,91.9,FINESTEERING,2427,544646.466,00000000,0000,797;2427,544646.466073000,1a2000d5,1169714,269675,-517646,-19603,5777,-9918*ddca6975
#INSPVAXA,ICOM3,0,91.9,FINESTEERING,2427,544646.480,00000000,01d2,797;WAITING_AZIMUTH,NONE,0.00000000000,0.00000000000,0.0000,0.0000,0.0000,0.0000,0.0000,0.000000000,0.000000000,-0.000000000,0.0000,0.0000,0.0000,0.0000,0.0000,0.0000,0.0000,0.0000,0.0000,00000000,20*3d9bd310
#RAWIMUA,ICOM3,0,91.9,FINESTEERING,2427,544646.476,00000000,0000,797;2427,544646.476067000,1a2300d6,1168561,269873,-520535,-18783,7423,-11290*47acf710
#INSPVAXA,ICOM3,0,91.9,FINESTEERING,2427,544646.490,00000000,01dc,797;WAITING_AZIMUTH,NONE,0.00000000000,0.00000000000,0.0000,0.0000,0.0000,0.0000,0.0000,0.000000000,0.000000000,-0.000000000,0.0000,0.0000,0.0000,0.0000,0.0000,0.0000,0.0000,0.0000,0.0000,00000000,20*e14ccdb5
#RAWIMUA,ICOM3,0,91.9,FINESTEERING,2427,544646.486,00000000,0000,797;2427,544646.486059000,1a2100d7,1167644,271840,-517637,-20783,16,-9057*deab7a9f
#INSPVAXA,ICOM3,0,91.9,FINESTEERING,2427,544646.500,00000000,01e6,797;WAITING_AZIMUTH,NONE,0.00000000000,0.00000000000,0.0000,0.0000,0.0000,0.0000,0.0000,0.000000000,0.000000000,-0.000000000,0.0000,0.0000,0.0000,0.0000,0.0000,0.0000,0.0000,0.0000,0.0000,00000000,20*725b2627
#RAWIMUA,ICOM3,0,91.9,FINESTEERING,2427,544646.496,00000000,0000,797;2427,544646.496081000,1a1a00d8,1167483,267647,-517752,-26783,-6407,-6363*4c468b8b
#INSPVAXA,ICOM3,0,91.9,FINESTEERING,2427,544646.510,00000000,01f0,797;WAITING_AZIMUTH,NONE,0.00000000000,0.00000000000,0.0000,0.0000,0.0000,0.0000,0.0000,0.000000000,0.000000000,-0.000000000,0.0000,0.0000,0.0000,0.0000,0.0000,0.0000,0.0000,0.0000,0.0000,00000000,20*0d54ed37
#RAWIMUA,ICOM3,0,91.9,FINESTEERING,2427,544646.506,00000000,0000,797;2427,544646.506099000,1a1a00d9,1170616,267923,-518972,-16718,-2581,-18067*3e5ac3ea
#INSPVAXA,ICOM3,0,91.9,FINESTEERING,2427,544646.520,00000000,01fa,797;WAITING_AZIMUTH,NONE,0.00000000000,0.00000000000,0.0000,0.0000,0.0000,0.0000,0.0000,0.000000000,0.000000000,-0.000000000,0.0000,0.0000,0.0000,0.0000,0.0000,0.0000,0.0000,0.0000,0.0000,00000000,20*f7f202a9
#RAWIMUA,ICOM3,0,91.9,FINESTEERING,2427,544646.516,00000000,0000,797;2427,544646.516160000,1a1f00da,1169950,273694,-518448,-15177,7689,-21667*e8c2c30e
#INSPVAXA,ICOM3,0,91.9,FINESTEERING,2427,544646.530,00000000,0204,797;WAITING_AZIMUTH,NONE,0.00000000000,0.00000000000,0.0000,0.0000,0.0000,0.0000,0.0000,0.000000000,0.000000000,-0.000000000,0.0000,0.0000,0.0000,0.0000,0.0000,0.0000,0.0000,0.0000,0.0000,00000000,20*f3a4fd4b
#RAWIMUA,ICOM3,0,91.9,FINESTEERING,2427,544646.526,00000000,0000,797;2427,544646.526063000,1a1f00db,1165275,271554,-517238,-23800,-447,-19508*94f4a786
#INSPVAXA,ICOM3,0,91.9,FINESTEERING,2427,544646.540,00000000,020e,797;WAITING_AZIMUTH,NONE,0.00000000000,0.00000000000,0.0000,0.0000,0.0000,0.0000,0.0000,0.000000000,0.000000000,-0.000000000,0.0000,0.0000,0.0000,0.0000,0.0000,0.0000,0.0000,0.0000,0.0000,00000000,20*45e1f0a3
#RAWIMUA,ICOM3,0,91.9,FINESTEERING,2427,544646.536,00000000,0000,797;2427,544646.536086000,1a1b00dc,1169426,269078,-518328,-14062,-12,-10563*d318bd44
#INSPVAXA,ICOM3,0,91.9,FINESTEERING,2427,544646.550,00000000,0218,797;WAITING_AZIMUTH,NONE,0.00000000000,0.00000000000,0.0000,0.0000,0.0000,0.0000,0.0000,0.000000000,0.000000000,-0.000000000,0.0000,0.0000,0.0000,0.0000,0.0000,0.0000,0.0000,0.0000,0.0000,00000000,20*b895529a
#RAWIMUA,ICOM3,0,91.9,FINESTEERING,2427,544646.546,00000000,0000,797;2427,544646.546076000,1a2100dd,1169714,268988,-517573,-19013,-6039,-16047*8d4697f3
#INSPVAXA,ICOM3,0,91.9,FINESTEERING,2427,544646.560,00000000,0222,797;WAITING_AZIMUTH,NONE,0.00000000000,0.00000000000,0.0000,0.0000,0.0000,0.0000,0.0000,0.000000000,0.000000000,-0.000000000,0.0000,0.0000,0.0000,0.0000,0.0000,0.0000,0.0000,0.0000,0.0000,00000000,20*6f9c489a
#RAWIMUA,ICOM3,0,91.9,FINESTEERING,2427,544646.556,00000000,0000,797;2427,544646.556069000,1a2500de,1167383,268893,-517701,-16455,-4029,-25037*05f5390d
#INSPVAXA,ICOM3,0,91.9,FINESTEERING,2427,544646.570,00000000,022c,797;WAITING_AZIMUTH,NONE,0.00000000000,0.00000000000,0.0000,0.0000,0.0000,0.0000,0.0000,0.000000000,0.000000000,-0.000000000,0.0000,0.0000,0.0000,0.0000,0.0000,0.0000,0.0000,0.0000,0.0000,00000000,20*b34b563f
#RAWIMUA,ICOM3,0,91.9,FINESTEERING,2427,544646.566,00000000,0000,797;2427,544646.566062000,1a2400df,1169828,270345,-519130,-18291,-4656,-20212*5dea964c
#INSPVAXA,ICOM3,0,91.9,FINESTEERING,2427,544646.580,00000000,0236,797;WAITING_AZIMUTH,NONE,0.00000000000,0.00000000000,0.0000,0.0000,0.0000,0.0000,0.0000,0.000000000,0.000000000,-0.000000000,0.0000,0.0000,0.0000,0.0000,0.0000,0.0000,0.0000,0.0000,0.0000,00000000,20*ffe0e1aa
#RAWIMUA,ICOM3,0,91.9,FINESTEERING,2427,544646.576,00000000,0000,797;2427,544646.576054000,1a2000e0,1168326,272595,-520205,-14685,3740,-24049*1dcef5a8
#INSPVAXA,ICOM3,0,91.9,FINESTEERING,2427,544646.590,00000000,0240,797;WAITING_AZIMUTH,NONE,0.00000000000,0.00000000000,0.0000,0.0000,0.0000,0.0000,0.0000,0.000000000,0.000000000,-0.000000000,0.0000,0.0000,0.0000,0.0000,0.0000,0.0000,0.0000,0.0000,0.0000,00000000,20*522e52a5
#RAWIMUA,ICOM3,0,91.9,FINESTEERING,2427,544646.586,00000000,0000,797;2427,544646.586075000,1a1e00e1,1168141,270885,-518053,-17865,3178,-13213*4b23fe64
#INSPVAXA,ICOM3,0,91.9,FINESTEERING,2427,544646.600,00000000,024a,797;WAITING_AZIMUTH,NONE,0.00000000000,0.00000000000,0.0000,0.0000,0.0000,0.0000,0.0000,0.000000000,0.000000000,-0.000000000,0.0000,0.0000,0.0000,0.0000,0.0000,0.0000,0.0000,0.0000,0.0000,00000000,20*133d5f73
#RAWIMUA,ICOM3,0,91.9,FINESTEERING,2427,544646.596,00000000,0000,797;2427,544646.596068000,1a1d00e2,1168795,271476,-517798,-17898,-2779,-12090*137acc1f
#INSPVAXA,ICOM3,0,91.9,FINESTEERING,2427,544646.610,00000000,0254,797;WAITING_AZIMUTH,NONE,0.00000000000,0.00000000000,0.0000,0.0000,0.0000,0.0000,0.0000,0.000000000,0.000000000,-0.000000000,0.0000,0.0000,0.0000,0.0000,0.0000,0.0000,0.0000,0.0000,0.0000,00000000,20*acc33f47
#RAWIMUA,ICOM3,0,91.9,FINESTEERING,2427,544646.606,00000000,0000,797;2427,544646.606086000,1a2100e3,1169136,268909,-518851,-27701,-1470,-6013*d26c6e85
#INSPVAXA,ICOM3,0,91.9,FINESTEERING,2427,544646.620,00000000,025e,797;WAITING_AZIMUTH,NONE,0.00000000000,0.00000000000,0.0000,0.0000,0.0000,0.0000,0.0000,0.000000000,0.000000000,-0.000000000,0.0000,0.0000,0.0000,0.0000,0.0000,0.0000,0.0000,0.0000,0.0000,00000000,20*5665d0d9
#RAWIMUA,ICOM3,0,91.9,FINESTEERING,2427,544646.616,00000000,0000,797;2427,544646.616127000,1a2100e4,1168315,269925,-518927,-23209,2219,-13418*404f31e0
$GPGGA,071708.60,3109.8268689,N,12127.2280433,E,4,34,0.6,6.042,M,11.031,M,1.600,1793*43
#BESTGNSSPOSA,ICOM3,0,91.9,FINESTEERING,2427,544646.600,03e1c006,0000,797;SOL_COMPUTED,NARROW_INT,31.16378114755,121.45380072136,6.0416,11.0314,WGS84,0.0136,0.0116,0.0250,"1793",1.600,0.015,42,34,34,34,0F,00,30,37*f964ec06
#HEADINGA,ICOM3,0,91.9,FINESTEERING,2427,544646.600,00000000,0000,797;SOL_COMPUTED,NONE,0.000000000,0.000000000,0.000000000,0.0,0.000000000,0.000000000,"1793",0,0,0,0,0,00,30,37*10d50aba
#INSPVAXA,ICOM3,0,91.9,FINESTEERING,2427,544646.630,00000000,0268,797;WAITING_AZIMUTH,NONE,0.00000000000,0.00000000000,0.0000,0.0000,0.0000,0.0000,0.0000,0.000000000,0.000000000,-0.000000000,0.0000,0.0000,0.0000,0.0000,0.0000,0.0000,0.0000,0.0000,0.0000,00000000,20*2fc94dcf
$GPGSV,2,1,07,10,00,000,26,13,00,000,40,15,39,058,40,18,48,218,45*76
$GPGSV,2,2,07,20,13,068,38,24,67,047,45,32,11,272,40,,,,*4C
$GLGSV,3,1,09,70,17,072,42,72,24,306,38,73,49,099,47,74,27,160,38*61
$GLGSV,3,2,09,85,00,000,27,86,37,244,46,87,33,295,46,90,00,000,39*6F
$GLGSV,3,3,09,91,00,000,36,,,,,,,,,,,,*51
$GAGSV,2,1,06,03,25,266,46,11,07,161,36,16,17,127,40,31,14,073,37*6B
$GAGSV,2,2,06,34,55,287,46,36,49,190,46,,,,,,,,*64
$GQGSV,1,1,03,02,00,000,31,03,43,170,44,07,53,169,38,,,,*4D
$GBGSV,5,1,17,01,48,147,48,02,35,243,46,03,55,202,48,04,37,120,42*63
$GBGSV,5,2,17,06,70,042,43,07,58,191,49,10,47,193,46,11,24,268,40*61
$GBGSV,5,3,17,12,13,296,41,20,29,306,44,23,49,086,49,27,00,000,27*61
$GBGSV,5,4,17,29,16,290,45,30,22,238,46,32,00,000,35,37,40,166,45*65
$GBGSV,5,5,17,41,22,086,43,,,,,,,,,,,,*51
$GPGSA,M,3,15,18,20,24,32,,,,,,,,1.3,0.6,1.1,1*2F
#RAWIMUA,ICOM3,0,91.9,FINESTEERING,2427,544646.626,00000000,0000,797;2427,544646.626089000,1a1e00e5,1167668,269854,-516629,-19406,50,-14476*35b5931b
#INSPVAXA,ICOM3,0,91.9,FINESTEERING,2427,544646.640,00000000,0272,797;WAITING_AZIMUTH,NONE,0.00000000000,0.00000000000,0.0000,0.0000,0.0000,0.0000,0.0000,0.000000000,0.000000000,-0.000000000,0.0000,0.0000,0.0000,0.0000,0.0000,0.0000,0.0000,0.0000,0.0000,00000000,20*30fb8a96
#RAWIMUA,ICOM3,0,91.9,FINESTEERING,2427,544646.636,00000000,0000,797;2427,544646.636074000,1a1d00e6,1169108,271227,-519501,-23963,-5121,-10626*960b217c
#INSPVAXA,ICOM3,0,91.9,FINESTEERING,2427,544646.650,00000000,027c,797;WAITING_AZIMUTH,NONE,0.00000000000,0.00000000000,0.0000,0.0000,0.0000,0.0000,0.0000,0.000000000,0.000000000,-0.000000000,0.0000,0.0000,0.0000,0.0000,0.0000,0.0000,0.0000,0.0000,0.0000,00000000,20*ec2c9433
#RAWIMUA,ICOM3,0,91.9,FINESTEERING,2427,544646.646,00000000,0000,797;2427,544646.646062000,1a2000e7,1168999,270847,-518381,-22193,607,-14673*d5dc7a67
#INSPVAXA,ICOM3,0,91.9,FINESTEERING,2427,544646.660,00000000,0286,797;WAITING_AZIMUTH,NONE,0.00000000000,0.00000000000,0.0000,0.0000,0.0000,0.0000,0.0000,0.000000000,0.000000000,-0.000000000,0.0000,0.0000,0.0000,0.0000,0.0000,0.0000,0.0000,0.0000,0.0000,00000000,20*5d49b473
#RAWIMUA,ICOM3,0,91.9,FINESTEERING,2427,544646.656,00000000,0000,797;2427,544646.656055000,1a2400e8,1168632,269185,-517738,-24521,5279,-7361*5fbe8014
#INSPVAXA,ICOM3,0,91.9,FINESTEERING,2427,544646.670,00000000,0290,797;WAITING_AZIMUTH,NONE,0.00000000000,0.00000000000,0.0000,0.0000,0.0000,0.0000,0.0000,0.000000000,0.000000000,-0.000000000,0.0000,0.0000,0.0000,0.0000,0.0000,0.0000,0.0000,0.0000,0.0000,00000000,20*a69e404c
#RAWIMUA,ICOM3,0,91.9,FINESTEERING,2427,544646.666,00000000,0000,797;2427,544646.666079000,1a2700e9,1169339,271029,-519532,-14750,-2678,-16358*c5ebdfea
#INSPVAXA,ICOM3,0,91.9,FINESTEERING,2427,544646.680,00000000,029a,797;WAITING_AZIMUTH,NONE,0.00000000000,0.00000000000,0.0000,0.0000,0.0000,0.0000,0.0000,0.000000000,0.000000000,-0.000000000,0.0000,0.0000,0.0000,0.0000,0.0000,0.0000,0.0000,0.0000,0.0000,00000000,20*891c8948
#RAWIMUA,ICOM3,0,91.9,FINESTEERING,2427,544646.676,00000000,0000,797;2427,544646.676071000,1a2700ea,1167450,271281,-517893,-28914,1622,-4687*376d55c3
#INSPVAXA,ICOM3,0,91.9,FINESTEERING,2427,544646.690,00000000,02a4,797;WAITING_AZIMUTH,NONE,0.00000000000,0.00000000000,0.0000,0.0000,0.0000,0.0000,0.0000,0.000000000,0.000000000,-0.000000000,0.0000,0.0000,0.0000,0.0000,0.0000,0.0000,0.0000,0.0000,0.0000,00000000,20*5b5fd030
#RAWIMUA,ICOM3,0,91.9,FINESTEERING,2427,544646.686,00000000,0000,797;2427,544646.686059000,1a2100eb,1169013,268806,-516487,-18652,1960,-5171*92406bb9
#INSPVAXA,ICOM3,0,91.9,FINESTEERING,2427,544646.700,00000000,02ae,797;WAITING_AZIMUTH,NONE,0.00000000000,0.00000000000,0.0000,0.0000,0.0000,0.0000,0.0000,0.000000000,0.000000000,-0.000000000,0.0000,0.0000,0.0000,0.0000,0.0000,0.0000,0.0000,0.0000,0.0000,00000000,20*ab614533
#RAWIMUA,ICOM3,0,91.9,FINESTEERING,2427,544646.696,00000000,0000,797;2427,544646.696093000,1a2000ec,1169951,269405,-518332,-19472,1926,-15618*863a3d4e
#INSPVAXA,ICOM3,0,91.9,FINESTEERING,2427,544646.710,00000000,02b8,797;WAITING_AZIMUTH,NONE,0.00000000000,0.00000000000,0.0000,0.0000,0.0000,0.0000,0.0000,0.000000000,0.000000000,-0.000000000,0.0000,0.0000,0.0000,0.0000,0.0000,0.0000,0.0000,0.0000,0.0000,00000000,20*d2cdd825
#RAWIMUA,ICOM3,0,91.9,FINESTEERING,2427,544646.706,00000000,0000,797;2427,544646.706094000,1a2600ed,1167390,271143,-518514,-19242,-6335,-15753*fdeaa6c8
#INSPVAXA,ICOM3,0,91.9,FINESTEERING,2427,544646.720,00000000,02c2,797;WAITING_AZIMUTH,NONE,0.00000000000,0.00000000000,0.0000,0.0000,0.0000,0.0000,0.0000,0.000000000,0.000000000,-0.000000000,0.0000,0.0000,0.0000,0.0000,0.0000,0.0000,0.0000,0.0000,0.0000,00000000,20*811cfd0a
#RAWIMUA,ICOM3,0,91.9,FINESTEERING,2427,544646.716,00000000,0000,797;2427,544646.716090000,1a2500ee,1167823,271037,-519104,-18291,-3767,-6904*21af6704
#INSPVAXA,ICOM3,0,91.9,FINESTEERING,2427,544646.730,00000000,02cc,797;WAITING_AZIMUTH,NONE,0.00000000000,0.00000000000,0.0000,0.0000,0.0000,0.0000,0.0000,0.000000000,0.000000000,-0.000000000,0.0000,0.0000,0.0000,0.0000,0.0000,0.0000,0.0000,0.0000,0.0000,00000000,20*5dcbe3af
#RAWIMUA,ICOM3,0,91.9,FINESTEERING,2427,544646.726,00000000,0000,797;2427,544646.726063000,1a2000ef,1169217,269681,-517219,-17406,-4688,-7400*885cbc8a
#INSPVAXA,ICOM3,0,91.9,FINESTEERING,2427,544646.740,00000000,02d6,797;WAITING_AZIMUTH,NONE,0.00000000000,0.00000000000,0.0000,0.0000,0.0000,0.0000,0.0000,0.000000000,0.000000000,-0.000000000,0.0000,0.0000,0.0000,0.0000,0.0000,0.0000,0.0000,0.0000,0.0000,00000000,20*debed7e6
#RAWIMUA,ICOM3,0,91.9,FINESTEERING,2427,544646.736,00000000,0000,797;2427,544646.736051000,1a1f00f0,1170986,268861,-519902,-25013,-1534,-6768*24facd8a
#INSPVAXA,ICOM3,0,91.9,FINESTEERING,2427,544646.750,00000000,02e0,797;WAITING_AZIMUTH,NONE,0.00000000000,0.00000000000,0.0000,0.0000,0.0000,0.0000,0.0000,0.000000000,0.000000000,-0.000000000,0.0000,0.0000,0.0000,0.0000,0.0000,0.0000,0.0000,0.0000,0.0000,00000000,20*256923d9
#RAWIMUA,ICOM3,0,91.9,FINESTEERING,2427,544646.746,00000000,0000,797;2427,544646.746073000,1a2200f1,1168729,270953,-517759,-18882,5942,-21283*a3422b23
#INSPVAXA,ICOM3,0,91.9,FINESTEERING,2427,544646.760,00000000,02ea,797;WAITING_AZIMUTH,NONE,0.00000000000,0.00000000000,0.0000,0.0000,0.0000,0.0000,0.0000,0.000000000,0.000000000,-0.000000000,0.0000,0.0000,0.0000,0.0000,0.0000,0.0000,0.0000,0.0000,0.0000,00000000,20*dfcfcc47
#RAWIMUA,ICOM3,0,91.9,FINESTEERING,2427,544646.756,00000000,0000,797;2427,544646.756065000,1a2600f2,1171622,268001,-517760,-17898,-4491,-27899*1c5c9c33
#INSPVAXA,ICOM3,0,91.9,FINESTEERING,2427,544646.770,00000000,02f4,797;WAITING_AZIMUTH,NONE,0.00000000000,0.00000000000,0.0000,0.0000,0.0000,0.0000,0.0000,0.000000000,0.000000000,-0.000000000,0.0000,0.0000,0.0000,0.0000,0.0000,0.0000,0.0000,0.0000,0.0000,00000000,20*e4e9935c
#RAWIMUA,ICOM3,0,91.9,FINESTEERING,2427,544646.766,00000000,0000,797;2427,544646.766057000,1a2c00f3,1169139,269985,-519224,-11341,-4058,-41985*46ab32c9
#INSPVAXA,ICOM3,0,91.9,FINESTEERING,2427,544646.780,00000000,02fe,797;WAITING_AZIMUTH,NONE,0.00000000000,0.00000000000,0.0000,0.0000,0.0000,0.0000,0.0000,0.000000000,0.000000000,-0.000000000,0.0000,0.0000,0.0000,0.0000,0.0000,0.0000,0.0000,0.0000,0.0000,00000000,20*cb6b5a58
#RAWIMUA,ICOM3,0,91.9,FINESTEERING,2427,544646.776,00000000,0000,797;2427,544646.776048000,1a2700f4,1167761,270706,-519395,-16947,-3602,-33578*5ab19357
#INSPVAXA,ICOM3,0,91.9,FINESTEERING,2427,544646.790,00000000,0308,797;WAITING_AZIMUTH,NONE,0.00000000000,0.00000000000,0.0000,0.0000,0.0000,0.0000,0.0000,0.000000000,0.000000000,-0.000000000,0.0000,0.0000,0.0000,0.0000,0.0000,0.0000,0.0000,0.0000,0.0000,00000000,20*26e282d1
#RAWIMUA,ICOM3,0,91.9,FINESTEERING,2427,544646.786,00000000,0000,797;2427,544646.786071000,1a2200f5,1169498,270872,-519005,-12685,3412,-26941*1c1649df
#INSPVAXA,ICOM3,0,91.9,FINESTEERING,2427,544646.800,00000000,0312,797;WAITING_AZIMUTH,NONE,0.00000000000,0.00000000000,0.0000,0.0000,0.0000,0.0000,0.0000,0.000000000,0.000000000,-0.000000000,0.0000,0.0000,0.0000,0.0000,0.0000,0.0000,0.0000,0.0000,0.0000,00000000,20*de891bca
#RAWIMUA,ICOM3,0,91.9,FINESTEERING,2427,544646.796,00000000,0000,797;2427,544646.796064000,1a1c00f6,1167726,270218,-519160,-17636,-1858,-14024*8022bbe3
#INSPVAXA,ICOM3,0,91.9,FINESTEERING,2427,544646.810,00000000,031c,797;WAITING_AZIMUTH,NONE,0.00000000000,0.00000000000,0.0000,0.0000,0.0000,0.0000,0.0000,0.000000000,0.000000000,-0.000000000,0.0000,0.0000,0.0000,0.0000,0.0000,0.0000,0.0000,0.0000,0.0000,00000000,20*025e056f
#RAWIMUA,ICOM3,0,91.9,FINESTEERING,2427,544646.806,00000000,0000,797;2427,544646.806084000,1a1e00f7,1169234,270153,-518898,-26062,-3280,-13051*e47f7abb
#INSPVAXA,ICOM3,0,91.9,FINESTEERING,2427,544646.820,00000000,0326,797;WAITING_AZIMUTH,NONE,0.00000000000,0.00000000000,0.0000,0.0000,0.0000,0.0000,0.0000,0.000000000,0.000000000,-0.000000000,0.0000,0.0000,0.0000,0.0000,0.0000,0.0000,0.0000,0.0000,0.0000,00000000,20*1f09ab4f
#RAWIMUA,ICOM3,0,91.9,FINESTEERING,2427,544646.816,00000000,0000,797;2427,544646.816072000,1a2200f8,1168841,271495,-519012,-21931,-3408,-19093*119f0a95
$GPGGA,071708.80,3109.8268691,N,12127.2280437,E,4,34,0.6,6.039,M,11.031,M,0.800,1793*43
#BESTGNSSPOSA,ICOM3,0,91.9,FINESTEERING,2427,544646.800,03e1c006,0000,797;SOL_COMPUTED,NARROW_INT,31.16378115177,121.45380072859,6.0390,11.0314,WGS84,0.0141,0.0120,0.0256,"1793",0.800,0.017,42,34,34,34,0F,00,30,37*db6b4db0
#HEADINGA,ICOM3,0,91.9,FINESTEERING,2427,544646.800,00000000,0000,797;SOL_COMPUTED,NONE,0.000000000,0.000000000,0.000000000,0.0,0.000000000,0.000000000,"1793",0,0,0,0,0,00,30,37*d935a4ad
#INSPVAXA,ICOM3,0,91.9,FINESTEERING,2427,544646.830,00000000,0330,797;WAITING_AZIMUTH,NONE,0.00000000000,0.00000000000,0.0000,0.0000,0.0000,0.0000,0.0000,0.000000000,0.000000000,-0.000000000,0.0000,0.0000,0.0000,0.0000,0.0000,0.0000,0.0000,0.0000,0.0000,00000000,20*e4de5f70
$GPGSV,2,1,07,10,00,000,26,13,00,000,40,15,39,058,40,18,48,218,45*76
$GPGSV,2,2,07,20,13,068,38,24,67,047,45,32,11,272,40,,,,*4C
$GLGSV,3,1,09,70,17,072,42,72,24,306,38,73,49,099,47,74,27,160,39*60
$GLGSV,3,2,09,85,00,000,24,86,37,244,46,87,33,295,46,90,00,000,39*6C
$GLGSV,3,3,09,91,00,000,36,,,,,,,,,,,,*51
$GAGSV,2,1,06,03,25,266,46,11,07,161,36,16,17,127,40,31,14,073,37*6B
$GAGSV,2,2,06,34,55,287,46,36,49,190,46,,,,,,,,*64
$GQGSV,1,1,03,02,00,000,31,03,43,170,44,07,53,169,38,,,,*4D
$GBGSV,5,1,17,01,48,147,49,02,35,243,46,03,55,202,48,04,37,120,42*62
$GBGSV,5,2,17,06,70,042,43,07,58,191,49,10,47,193,46,11,24,268,40*61
$GBGSV,5,3,17,12,13,296,41,20,29,306,44,23,49,086,49,27,00,000,27*61
$GBGSV,5,4,17,29,16,290,45,30,22,238,46,32,00,000,35,37,40,166,45*65
$GBGSV,5,5,17,41,22,086,43,,,,,,,,,,,,*51
$GPGSA,M,3,15,18,20,24,32,,,,,,,,1.3,0.6,1.1,1*2F
#RAWIMUA,ICOM3,0,91.9,FINESTEERING,2427,544646.826,00000000,0000,797;2427,544646.826119000,1a2400f9,1166569,271374,-518483,-16947,2915,-19291*daac9a52
#INSPVAXA,ICOM3,0,91.9,FINESTEERING,2427,544646.840,00000000,033a,797;WAITING_AZIMUTH,NONE,0.00000000000,0.00000000000,0.0000,0.0000,0.0000,0.0000,0.0000,0.000000000,0.000000000,-0.000000000,0.0000,0.0000,0.0000,0.0000,0.0000,0.0000,0.0000,0.0000,0.0000,00000000,20*529b5298
#RAWIMUA,ICOM3,0,91.9,FINESTEERING,2427,544646.836,00000000,0000,797;2427,544646.836065000,1a2500fa,1167676,269584,-517381,-17570,2948,-11999*472fd89d
#INSPVAXA,ICOM3,0,91.9,FINESTEERING,2427,544646.850,00000000,0344,797;WAITING_AZIMUTH,NONE,0.00000000000,0.00000000000,0.0000,0.0000,0.0000,0.0000,0.0000,0.000000000,0.000000000,-0.000000000,0.0000,0.0000,0.0000,0.0000,0.0000,0.0000,0.0000,0.0000,0.0000,00000000,20*bb7c759c
#RAWIMUA,ICOM3,0,91.9,FINESTEERING,2427,544646.846,00000000,0000,797;2427,544646.846057000,1a2200fb,1169925,271427,-519077,-17505,18,-15954*5eaac8ad
#INSPVAXA,ICOM3,0,91.9,FINESTEERING,2427,544646.860,00000000,034e,797;WAITING_AZIMUTH,NONE,0.00000000000,0.00000000000,0.0000,0.0000,0.0000,0.0000,0.0000,0.000000000,0.000000000,-0.000000000,0.0000,0.0000,0.0000,0.0000,0.0000,0.0000,0.0000,0.0000,0.0000,00000000,20*41da9a02
#RAWIMUA,ICOM3,0,91.9,FINESTEERING,2427,544646.856,00000000,0000,797;2427,544646.856049000,1a2300fc,1169957,269856,-518928,-20980,-2157,-14948*9aabe382
#INSPVAXA,ICOM3,0,91.9,FINESTEERING,2427,544646.870,00000000,0358,797;WAITING_AZIMUTH,NONE,0.00000000000,0.00000000000,0.0000,0.0000,0.0000,0.0000,0.0000,0.000000000,0.000000000,-0.000000000,0.0000,0.0000,0.0000,0.0000,0.0000,0.0000,0.0000,0.0000,0.0000,00000000,20*bcae383b
#RAWIMUA,ICOM3,0,91.9,FINESTEERING,2427,544646.866,00000000,0000,797;2427,544646.866072000,1a1f00fd,1169028,269444,-517938,-17111,-5182,-22317*27021804
#INSPVAXA,ICOM3,0,91.9,FINESTEERING,2427,544646.880,00000000,0362,797;WAITING_AZIMUTH,NONE,0.00000000000,0.00000000000,0.0000,0.0000,0.0000,0.0000,0.0000,0.000000000,0.000000000,-0.000000000,0.0000,0.0000,0.0000,0.0000,0.0000,0.0000,0.0000,0.0000,0.0000,00000000,20*be8304a1
#RAWIMUA,ICOM3,0,91.9,FINESTEERING,2427,544646.876,00000000,0000,797;2427,544646.876063000,1a2100fe,1169662,270151,-518997,-13111,3116,-24380*141109ab
#INSPVAXA,ICOM3,0,91.9,FINESTEERING,2427,544646.890,00000000,036c,797;WAITING_AZIMUTH,NONE,0.00000000000,0.00000000000,0.0000,0.0000,0.0000,0.0000,0.0000,0.000000000,0.000000000,-0.000000000,0.0000,0.0000,0.0000,0.0000,0.0000,0.0000,0.0000,0.0000,0.0000,00000000,20*62541a04
#RAWIMUA,ICOM3,0,91.9,FINESTEERING,2427,544646.886,00000000,0000,797;2427,544646.886056000,1a2600ff,1168938,271398,-518847,-10652,-1819,-20261*97ec1ece
#INSPVAXA,ICOM3,0,91.9,FINESTEERING,2427,544646.900,00000000,0376,797;WAITING_AZIMUTH,NONE,0.00000000000,0.00000000000,0.0000,0.0000,0.0000,0.0000,0.0000,0.000000000,0.000000000,-0.000000000,0.0000,0.0000,0.0000,0.0000,0.0000,0.0000,0.0000,0.0000,0.0000,00000000,20*f143f196
#RAWIMUA,ICOM3,0,91.9,FINESTEERING,2427,544646.896,00000000,0000,797;2427,544646.896049000,1a260000,1169262,269963,-518338,-19570,-576,-22890*0090d7b9
#INSPVAXA,ICOM3,0,91.9,FINESTEERING,2427,544646.910,00000000,0380,797;WAITING_AZIMUTH,NONE,0.00000000000,0.00000000000,0.0000,0.0000,0.0000,0.0000,0.0000,0.000000000,0.000000000,-0.000000000,0.0000,0.0000,0.0000,0.0000,0.0000,0.0000,0.0000,0.0000,0.0000,00000000,20*227eb4e6
#RAWIMUA,ICOM3,0,91.9,FINESTEERING,2427,544646.906,00000000,0000,797;2427,544646.906092000,1a290001,1168601,270001,-517944,-18325,-3800,-18041*29ad3f15
#INSPVAXA,ICOM3,0,91.9,FINESTEERING,2427,544646.920,00000000,038a,797;WAITING_AZIMUTH,NONE,0.00000000000,0.00000000000,0.0000,0.0000,0.0000,0.0000,0.0000,0.000000000,0.000000000,-0.000000000,0.0000,0.0000,0.0000,0.0000,0.0000,0.0000,0.0000,0.0000,0.0000,00000000,20*d8d85b78
#RAWIMUA,ICOM3,0,91.9,FINESTEERING,2427,544646.916,00000000,0000,797;2427,544646.916124000,1a2a0002,1168781,270212,-519489,-16620,7425,-11388*caafdafc
#INSPVAXA,ICOM3,0,91.9,FINESTEERING,2427,544646.930,00000000,0394,797;WAITING_AZIMUTH,NONE,0.00000000000,0.00000000000,0.0000,0.0000,0.0000,0.0000,0.0000,0.000000000,0.000000000,-0.000000000,0.0000,0.0000,0.0000,0.0000,0.0000,0.0000,0.0000,0.0000,0.0000,00000000,20*67263b4c
#RAWIMUA,ICOM3,0,91.9,FINESTEERING,2427,544646.926,00000000,0000,797;2427,544646.926059000,1a290003,1167197,271892,-518884,-22030,-1697,-9362*f989d921
#INSPVAXA,ICOM3,0,91.9,FINESTEERING,2427,544646.940,00000000,039e,797;WAITING_AZIMUTH,NONE,0.00000000000,0.00000000000,0.0000,0.0000,0.0000,0.0000,0.0000,0.000000000,0.000000000,-0.000000000,0.0000,0.0000,0.0000,0.0000,0.0000,0.0000,0.0000,0.0000,0.0000,00000000,20*d16336a4
#RAWIMUA,ICOM3,0,91.9,FINESTEERING,2427,544646.936,00000000,0000,797;2427,544646.936047000,1a290004,1167718,271667,-518455,-26423,-8875,97*b505bd80
#INSPVAXA,ICOM3,0,91.9,FINESTEERING,2427,544646.950,00000000,03a8,797;WAITING_AZIMUTH,NONE,0.00000000000,0.00000000000,0.0000,0.0000,0.0000,0.0000,0.0000,0.000000000,0.000000000,-0.000000000,0.0000,0.0000,0.0000,0.0000,0.0000,0.0000,0.0000,0.0000,0.0000,00000000,20*41aaadd1
#RAWIMUA,ICOM3,0,91.9,FINESTEERING,2427,544646.946,00000000,0000,797;2427,544646.946069000,1a270005,1171240,268641,-519046,-32259,-651,-10350*904ab983
#INSPVAXA,ICOM3,0,91.9,FINESTEERING,2427,544646.960,00000000,03b2,797;WAITING_AZIMUTH,NONE,0.00000000000,0.00000000000,0.0000,0.0000,0.0000,0.0000,0.0000,0.000000000,0.000000000,-0.000000000,0.0000,0.0000,0.0000,0.0000,0.0000,0.0000,0.0000,0.0000,0.0000,00000000,20*96a3b7d1
#RAWIMUA,ICOM3,0,91.9,FINESTEERING,2427,544646.956,00000000,0000,797;2427,544646.956061000,1a270006,1169223,270395,-517785,-27505,1623,-5180*8ca075aa
#INSPVAXA,ICOM3,0,91.9,FINESTEERING,2427,544646.970,00000000,03bc,797;WAITING_AZIMUTH,NONE,0.00000000000,0.00000000000,0.0000,0.0000,0.0000,0.0000,0.0000,0.000000000,0.000000000,-0.000000000,0.0000,0.0000,0.0000,0.0000,0.0000,0.0000,0.0000,0.0000,0.0000,00000000,20*4a74a974
#RAWIMUA,ICOM3,0,91.9,FINESTEERING,2427,544646.966,00000000,0000,797;2427,544646.966053000,1a270007,1167857,270578,-519132,-22718,1956,2907*4abbc8e5
#INSPVAXA,ICOM3,0,91.9,FINESTEERING,2427,544646.980,00000000,03c6,797;WAITING_AZIMUTH,NONE,0.00000000000,0.00000000000,0.0000,0.0000,0.0000,0.0000,0.0000,0.000000000,0.000000000,-0.000000000,0.0000,0.0000,0.0000,0.0000,0.0000,0.0000,0.0000,0.0000,0.0000,00000000,20*06df1ee1
#RAWIMUA,ICOM3,0,91.9,FINESTEERING,2427,544646.976,00000000,0000,797;2427,544646.976045000,1a260008,1168693,270696,-517329,-18325,2980,-14168*29bff98f
#INSPVAXA,ICOM3,0,91.9,FINESTEERING,2427,544646.990,00000000,03d0,797;WAITING_AZIMUTH,NONE,0.00000000000,0.00000000000,0.0000,0.0000,0.0000,0.0000,0.0000,0.000000000,0.000000000,-0.000000000,0.0000,0.0000,0.0000,0.0000,0.0000,0.0000,0.0000,0.0000,0.0000,00000000,20*ab11adee
#RAWIMUA,ICOM3,0,91.9,FINESTEERING,2427,544646.986,00000000,0000,797;2427,544646.986066000,1a210009,1170066,270471,-516737,-23571,-1402,-1150*8a01e325
#INSPVAXA,ICOM3,0,91.9,FINESTEERING,2427,544647.000,00000000,03da,797;WAITING_AZIMUTH,NONE,0.00000000000,0.00000000000,0.0000,0.0000,0.0000,0.0000,0.0000,0.000000000,0.000000000,-0.000000000,0.0000,0.0000,0.0000,0.0000,0.0000,0.0000,0.0000,0.0000,0.0000,00000000,21*69f82f4c
#INSCALSTATUSA,ICOM3,0,91.9,FINESTEERING,2427,544647.000,00000000,0000,797;RBV,0.0000,0.0000,0.0000,45.0000,45.0000,45.0000,CALIBRATED,0*01a91cab
#RAWIMUA,ICOM3,0,91.9,FINESTEERING,2427,544646.996,00000000,0000,797;2427,544646.996061000,1a1f000a,1169808,270631,-517132,-20882,-3473,-12228*41fb8a62
#INSPVAXA,ICOM3,0,91.9,FINESTEERING,2427,544647.010,00000000,0000,797;WAITING_AZIMUTH,NONE,0.00000000000,0.00000000000,0.0000,0.0000,0.0000,0.0000,0.0000,0.000000000,0.000000000,-0.000000000,0.0000,0.0000,0.0000,0.0000,0.0000,0.0000,0.0000,0.0000,0.0000,00000000,21*258b0da7
#RAWIMUA,ICOM3,0,91.9,FINESTEERING,2427,544647.006,00000000,0000,797;2427,544647.006075256,1a24000b,1169694,272083,-518986,-18227,4132,-12159*39686472
#INSPVAXA,ICOM3,0,91.9,FINESTEERING,2427,544647.020,00000000,0006,797;WAITING_AZIMUTH,NONE,0.00000000000,0.00000000000,0.0000,0.0000,0.0000,0.0000,0.0000,0.000000000,0.000000000,-0.000000000,0.0000,0.0000,0.0000,0.0000,0.0000,0.0000,0.0000,0.0000,0.0000,00000000,21*57f99414
#RAWIMUA,ICOM3,0,91.9,FINESTEERING,2427,544647.016,00000000,0000,797;2427,544647.016093000,1a26000c,1169559,271466,-518618,-17866,6008,-11954*614a9255
#INSPVAXA,ICOM3,0,91.9,FINESTEERING,2427,544647.030,00000000,0010,797;WAITING_AZIMUTH,NONE,0.00000000000,0.00000000000,0.0000,0.0000,0.0000,0.0000,0.0000,0.000000000,0.000000000,-0.000000000,0.0000,0.0000,0.0000,0.0000,0.0000,0.0000,0.0000,0.0000,0.0000,00000000,21*ac2e602b
#RAWIMUA,ICOM3,0,91.9,FINESTEERING,2427,544647.026,00000000,0000,797;2427,544647.026086000,1a26000d,1169079,270634,-519789,-26358,-449,1283*8cca3550
#BESTPOSA,ICOM3,0,91.9,FINESTEERING,2427,544647.000,03e1c006,0001,797;SOL_COMPUTED,NARROW_INT,31.16378115962,121.45380074284,6.0422,11.0314,WGS84,0.0116,0.0099,0.0231,"1793",1.000,0.022,42,34,34,34,0F,00,30,37*432c541b
$GPGGA,071709.00,3109.8268696,N,12127.2280446,E,4,34,0.6,6.042,M,11.031,M,1.000,1793*4E
#BESTGNSSPOSA,ICOM3,0,91.9,FINESTEERING,2427,544647.000,03e1c006,0001,797;SOL_COMPUTED,NARROW_INT,31.16378115962,121.45380074284,6.0422,11.0314,WGS84,0.0116,0.0099,0.0231,"1793",1.000,0.022,42,34,34,34,0F,00,30,37*6398c269
#HEADINGA,ICOM3,0,91.9,FINESTEERING,2427,544647.000,00000000,0000,797;SOL_COMPUTED,NONE,0.000000000,0.000000000,0.000000000,0.0,0.000000000,0.000000000,"1793",0,0,0,0,0,00,30,37*449ae1fd
#INSPVAXA,ICOM3,0,91.9,FINESTEERING,2427,544647.040,00000000,001a,797;WAITING_AZIMUTH,NONE,0.00000000000,0.00000000000,0.0000,0.0000,0.0000,0.0000,0.0000,0.000000000,0.000000000,-0.000000000,0.0000,0.0000,0.0000,0.0000,0.0000,0.0000,0.0000,0.0000,0.0000,00000000,21*1a6b6dc3
$GPGSV,2,1,07,10,00,000,26,13,00,000,40,15,39,059,40,18,48,218,45*77
$GPGSV,2,2,07,20,13,068,38,24,67,047,45,32,12,272,40,,,,*4F
$GLGSV,3,1,09,70,17,072,42,72,24,306,39,73,49,099,47,74,27,160,39*61
$GLGSV,3,2,09,85,00,000,23,86,37,244,46,87,33,295,46,90,00,000,39*6B
$GLGSV,3,3,09,91,00,000,36,,,,,,,,,,,,*51
$GAGSV,2,1,06,03,25,266,46,11,07,161,36,16,17,127,40,31,14,073,37*6B
$GAGSV,2,2,06,34,55,287,46,36,49,190,46,,,,,,,,*64
$GQGSV,1,1,03,02,00,000,31,03,43,170,44,07,53,169,37,,,,*42
$GBGSV,5,1,17,01,48,147,49,02,35,243,45,03,55,202,48,04,37,120,42*61
$GBGSV,5,2,17,06,70,042,43,07,58,191,49,10,47,193,46,11,24,268,40*61
$GBGSV,5,3,17,12,13,296,41,20,29,306,44,23,49,086,49,27,00,000,27*61
$GBGSV,5,4,17,29,16,290,45,30,22,238,46,32,00,000,35,37,40,166,45*65
$GBGSV,5,5,17,41,22,086,43,,,,,,,,,,,,*51
$GPGSA,M,3,15,18,20,24,32,,,,,,,,1.3,0.6,1.1,1*2F
™D*  †H   ∑¥{	Xßv ¿·     2   ◊?‰èÌ)?@—XE]^@H¨"Ò@+@ÃÄ0A=   ’q><D°!</◊º<1793  Ä?¸¥<*""" 07π∑â™D7 †0   ∑¥{	Xßv                                           1793      07nm|#RAWIMUA,ICOM3,0,91.9,FINESTEERING,2427,544647.036,00000000,0000,797;2427,544647.036081000,1a24000e,1168185,271495,-519110,-17243,5877,-522*64f128db
#TRACKSTATA,ICOM3,0,91.9,FINESTEERING,2427,544647.000,00000000,0000,797;SOL_COMPUTED,NARROW_INT,0.0,109,10,0,00181444,23515893.861,2819.260,25.750,0.000,0.000,GOOD,0.000,13,0,10181d44,23208353.079,2562.325,39.500,21.100,0.000,GOOD,0.000,15,0,00101f44,21736416.904,-2096.722,39.750,22.300,0.000,GOOD,0.000,15,0,12301f64,21736420.933,-1633.829,42.000,20.200,0.000,GOOD,0.000,18,0,00101cc4,21545191.637,-2312.851,45.000,21.100,0.000,GOOD,0.000,18,0,12301ce4,21545188.936,-1802.251,45.000,19.900,0.000,GOOD,0.000,18,0,01d01d04,21545210.916,-1727.136,47.250,19.700,0.000,GOOD,0.000,20,0,00101e44,24440228.926,-2493.354,37.750,9.800,0.000,GOOD,0.000,20,0,02301e64,24440231.788,-1942.673,39.000,15.300,0.000,GOOD,0.000,24,0,00101ec4,20197691.046,-1513.344,44.750,21.100,0.000,GOOD,0.000,24,0,02301ee4,20197692.311,-1179.209,43.000,19.300,0.000,GOOD,0.000,24,0,01d01f04,20197710.174,-1130.021,47.750,20.500,0.000,GOOD,0.000,32,0,10101dc4,24779516.306,1883.182,39.750,20.900,0.000,GOOD,0.000,32,0,12301de4,24779523.250,1467.206,37.750,19.000,0.000,GOOD,0.000,32,0,01d01e04,24779539.650,1406.300,39.500,19.100,0.000,GOOD,0.000,43,3,00111d44,23050842.817,-2068.885,41.750,21.500,0.000,GOOD,0.000,43,3,10311d64,23050844.214,-1609.339,43.250,22.100,0.000,GOOD,0.000,45,13,10111e44,22458403.822,1682.403,38.500,19.200,0.000,GOOD,0.000,45,13,10311e64,22458401.120,1308.560,40.500,18.600,0.000,GOOD,0.000,46,5,10111dc4,20427381.975,958.384,46.500,21.900,0.000,GOOD,0.000,46,5,00311de4,20427387.411,745.426,47.000,22.300,0.000,GOOD,0.000,47,0,00191cc4,22185203.668,3827.874,38.500,8.900,0.000,GOOD,0.000,58,11,001916c4,24548598.879,-4348.688,22.750,0.000,0.000,GOOD,0.000,58,11,003916e4,24548635.567,-3377.577,26.750,0.000,0.000,GOOD,0.000,59,4,10111d84,21267840.116,-2617.855,46.000,20.400,0.000,GOOD,0.000,59,4,10311da4,21267842.557,-2036.232,45.000,20.600,0.000,GOOD,0.000,60,10,00111e04,21584166.759,29.877,46.000,20.600,0.000,GOOD,0.000,63,1,00191d04,21820276.404,1444.636,38.750,19.900,0.000,GOOD,0.000,63,1,00391524,21820323.562,1123.361,34.250,0.000,0.000,GOOD,0.000,64,2,00191e84,22028953.864,-1657.342,35.750,11.800,0.000,GOOD,0.000,3,0,00331fc4,26464705.751,1328.189,46.250,21.100,0.000,GOOD,0.000,3,0,12331c24,26464714.754,1017.875,45.000,19.600,0.000,GOOD,0.000,3,0,11931fe4,26464714.788,991.915,36.750,19.600,0.000,GOOD,0.000,3,0,10d31c04,26464881.475,1078.079,42.000,19.400,0.000,GOOD,0.000,11,0,00331cc4,26598738.928,-3299.170,35.750,1.400,0.000,GOOD,0.000,11,0,02331d24,26598751.243,-2527.477,40.250,18.300,0.000,GOOD,0.000,11,0,11931ce4,26598752.274,-2463.641,32.500,18.900,0.000,GOOD,0.000,11,0,00d31d04,26598917.951,-2677.829,38.750,19.000,0.000,GOOD,0.000,16,0,00331f44,27229269.207,2118.655,40.250,21.100,0.000,GOOD,0.000,16,0,12331fa4,27229272.054,1623.548,35.500,1.100,0.000,GOOD,0.000,16,0,11931f64,27229278.198,1581.909,37.250,19.900,0.000,GOOD,0.000,31,0,10331c44,27584390.138,637.350,36.750,13.500,0.000,GOOD,0.000,31,0,12331ca4,27584399.281,488.601,46.000,20.300,0.000,GOOD,0.000,31,0,11931c64,27584400.120,476.059,38.000,19.800,0.000,GOOD,0.000,31,0,10d31c84,27584566.427,517.567,43.000,18.700,0.000,GOOD,0.000,34,0,00331dc4,24348814.912,248.047,45.750,21.900,0.000,GOOD,0.000,34,0,02331e24,24348821.193,189.785,49.750,21.000,0.000,GOOD,0.000,34,0,01931de4,24348823.376,185.188,42.250,19.000,0.000,GOOD,0.000,34,0,00d31e04,24348990.840,201.163,46.000,20.900,0.000,GOOD,0.000,36,0,10331d44,24777504.703,-2431.032,45.500,22.800,0.000,GOOD,0.000,36,0,02331da4,24777511.246,-1862.467,50.000,21.300,0.000,GOOD,0.000,36,0,01931d64,24777512.293,-1815.330,42.250,20.400,0.000,GOOD,0.000,36,0,00d31d84,24777679.420,-1973.274,46.500,20.500,0.000,GOOD,0.000,194,0,101d1fc4,37848750.006,-21.154,30.500,7.600,0.000,GOOD,0.000,195,0,10151f44,36634189.869,-113.759,44.000,20.800,0.000,GOOD,0.000,195,0,02351f64,36634183.577,-88.655,45.250,20.700,0.000,GOOD,0.000,195,0,01d51f84,36634203.118,-85.001,43.000,20.500,0.000,GOOD,0.000,199,0,001516c4,36992892.394,-164.538,37.000,20.700,0.000,GOOD,0.000,199,0,12351ee4,36992888.656,-128.242,44.750,20.800,0.000,GOOD,0.000,199,0,11d51f04,36992909.181,-123.053,47.000,20.700,0.000,GOOD,0.000,1,0,00941c04,37288878.991,-174.984,48.500,22.200,0.000,GOOD,0.000,1,0,00d41c24,37288878.802,-142.451,47.250,21.900,0.000,GOOD,0.000,2,0,00941c64,38319127.515,-144.339,45.250,22.000,0.000,GOOD,0.000,2,0,00d41c84,38319118.905,-117.303,44.250,21.600,0.000,GOOD,0.000,3,0,00941cc4,36927695.424,-161.060,48.250,21.900,0.000,GOOD,0.000,3,0,00d41ce4,36927690.611,-130.623,47.750,20.900,0.000,GOOD,0.000,4,0,10941d24,38154962.220,-196.116,42.250,20.500,0.000,GOOD,0.000,4,0,10d41d44,38154963.569,-159.414,45.000,21.600,0.000,GOOD,0.000,6,0,00141e44,36172338.517,263.035,42.500,21.900,0.000,GOOD,0.000,6,0,10541e64,36172344.726,213.737,44.250,21.800,0.000,GOOD,0.000,7,0,00141de4,36872628.391,731.118,48.750,20.800,0.000,GOOD,0.000,7,0,00541e04,36872632.219,594.109,46.500,19.700,0.000,GOOD,0.000,10,0,00141d84,37795148.120,860.677,45.500,21.400,0.000,GOOD,0.000,10,0,00341dc4,37795150.454,665.537,45.750,21.400,0.000,GOOD,0.000,10,0,10541da4,37795154.644,699.321,42.500,19.900,0.000,GOOD,0.000,11,0,00141ea4,25095299.907,-1312.532,40.250,20.700,0.000,GOOD,0.000,11,0,10541ec4,25095306.682,-1066.668,42.250,21.700,0.000,GOOD,0.000,12,0,00141f04,25748765.474,1965.956,41.000,20.400,0.000,GOOD,0.000,12,0,10541f24,25748772.499,1597.610,39.500,18.900,0.000,GOOD,0.000,20,0,10141e84,24629455.438,1676.445,44.250,21.800,0.000,GOOD,0.000,20,0,01341ea4,24629460.279,1263.267,45.250,19.800,0.000,GOOD,0.000,20,0,00541ec4,24629458.904,1362.016,42.750,19.700,0.000,GOOD,0.000,20,0,10f41ee4,24629451.693,1691.630,44.000,21.000,0.000,GOOD,0.000,23,0,10141d44,23035095.724,-169.893,48.750,22.300,0.000,GOOD,0.000,23,0,11341d64,23035095.930,-127.738,50.500,20.800,0.000,GOOD,0.000,23,0,00541d84,23035091.950,-138.084,46.000,20.400,0.000,GOOD,0.000,23,0,10f41da4,23035090.535,-171.286,46.250,21.000,0.000,GOOD,0.000,27,0,101c1f24,26507737.977,-2830.714,27.000,0.700,0.000,GOOD,0.000,27,0,00fc1784,26507873.506,-2857.388,32.000,1.300,0.000,GOOD,0.000,29,0,10141d04,25412394.823,-458.054,45.000,21.100,0.000,GOOD,0.000,29,0,01341d24,25412403.197,-345.304,42.000,2.600,0.000,GOOD,0.000,29,0,00541d44,25412402.589,-372.296,41.250,19.300,0.000,GOOD,0.000,29,0,10f41d64,25412392.780,-462.366,42.500,20.700,0.000,GOOD,0.000,30,0,00141de4,24840644.146,-2314.442,45.500,21.600,0.000,GOOD,0.000,30,0,01341e04,24840657.424,-1744.099,44.750,20.700,0.000,GOOD,0.000,30,0,10541e24,24840656.219,-1880.494,42.500,20.900,0.000,GOOD,0.000,30,0,10f41e44,24840642.082,-2335.640,43.000,21.100,0.000,GOOD,0.000,32,0,101c1e44,22654510.236,-94.163,34.500,9.300,0.000,GOOD,0.000,32,0,113c1e64,22654520.883,-70.968,40.750,8.000,0.000,GOOD,0.000,32,0,105c1e84,22654518.145,-76.509,39.500,7.600,0.000,GOOD,0.000,32,0,00fc16a4,22654505.460,-95.260,33.250,0.900,0.000,GOOD,0.000,37,0,00141fc4,23718890.013,2496.349,44.500,21.100,0.000,GOOD,0.000,37,0,11341fe4,23718903.107,1881.229,46.500,21.200,0.000,GOOD,0.000,37,0,00541c04,23718903.659,2028.563,47.250,20.700,0.000,GOOD,0.000,37,0,10f41c24,23718892.539,2519.171,43.750,21.600,0.000,GOOD,0.000,41,0,10141c64,25286177.464,-1833.851,42.750,21.900,0.000,GOOD,0.000,41,0,11341c84,25286200.473,-1382.051,47.750,20.900,0.000,GOOD,0.000,41,0,00541ca4,25286196.893,-1490.259,46.250,20.500,0.000,GOOD,0.000,41,0,10f41cc4,25286177.727,-1850.682,43.500,22.500,0.000,GOOD,0.000*b3a20232
#INSPVAXA,ICOM3,0,91.9,FINESTEERING,2427,544647.050,00000000,0024,797;WAITING_AZIMUTH,NONE,0.00000000000,0.00000000000,0.0000,0.0000,0.0000,0.0000,0.0000,0.000000000,0.000000000,-0.000000000,0.0000,0.0000,0.0000,0.0000,0.0000,0.0000,0.0000,0.0000,0.0000,00000000,21*214d32d8
#RAWIMUA,ICOM3,0,91.9,FINESTEERING,2427,544647.046,00000000,0000,797;2427,544647.046070000,1a20000f,1170313,269012,-518328,-26981,-1832,-2304*d85c668a
#INSPVAXA,ICOM3,0,91.9,FINESTEERING,2427,544647.060,00000000,002e,797;WAITING_AZIMUTH,NONE,0.00000000000,0.00000000000,0.0000,0.0000,0.0000,0.0000,0.0000,0.000000000,0.000000000,-0.000000000,0.0000,0.0000,0.0000,0.0000,0.0000,0.0000,0.0000,0.0000,0.0000,00000000,21*dbebdd46
#RAWIMUA,ICOM3,0,91.9,FINESTEERING,2427,544647.056,00000000,0000,797;2427,544647.056061000,1a240010,1169025,269709,-517646,-29473,-4402,-2186*cfc0b91c
#INSPVAXA,ICOM3,0,91.9,FINESTEERING,2427,544647.070,00000000,0038,797;WAITING_AZIMUTH,NONE,0.00000000000,0.00000000000,0.0000,0.0000,0.0000,0.0000,0.0000,0.000000000,0.000000000,-0.000000000,0.0000,0.0000,0.0000,0.0000,0.0000,0.0000,0.0000,0.0000,0.0000,00000000,21*269f7f7f
#RAWIMUA,ICOM3,0,91.9,FINESTEERING,2427,544647.066,00000000,0000,797;2427,544647.066075000,1a260011,1169715,271770,-517736,-28456,-1801,-13277*13432538
#INSPVAXA,ICOM3,0,91.9,FINESTEERING,2427,544647.080,00000000,0042,797;WAITING_AZIMUTH,NONE,0.00000000000,0.00000000000,0.0000,0.0000,0.0000,0.0000,0.0000,0.000000000,0.000000000,-0.000000000,0.0000,0.0000,0.0000,0.0000,0.0000,0.0000,0.0000,0.0000,0.0000,00000000,21*f6733bfa
#RAWIMUA,ICOM3,0,91.9,FINESTEERING,2427,544647.076,00000000,0000,797;2427,544647.076095000,1a280012,1166911,269727,-516463,-24489,2119,-11614*b89015d8
#INSPVAXA,ICOM3,0,91.9,FINESTEERING,2427,544647.090,00000000,004c,797;WAITING_AZIMUTH,NONE,0.00000000000,0.00000000000,0.0000,0.0000,0.0000,0.0000,0.0000,0.000000000,0.000000000,-0.000000000,0.0000,0.0000,0.0000,0.0000,0.0000,0.0000,0.0000,0.0000,0.0000,00000000,21*2aa4255f
#RAWIMUA,ICOM3,0,91.9,FINESTEERING,2427,544647.086,00000000,0000,797;2427,544647.086137000,1a2a0013,1169942,269903,-520569,-28194,2775,-26594*85a92797
#INSPVAXA,ICOM3,0,91.9,FINESTEERING,2427,544647.100,00000000,0056,797;WAITING_AZIMUTH,NONE,0.00000000000,0.00000000000,0.0000,0.0000,0.0000,0.0000,0.0000,0.000000000,0.000000000,-0.000000000,0.0000,0.0000,0.0000,0.0000,0.0000,0.0000,0.0000,0.0000,0.0000,00000000,21*b9b3cecd
#RAWIMUA,ICOM3,0,91.9,FINESTEERING,2427,544647.096,00000000,0000,797;2427,544647.096108000,1a270014,1167270,271693,-516322,-19079,5053,-26216*da6b47f5
#INSPVAXA,ICOM3,0,91.9,FINESTEERING,2427,544647.110,00000000,0060,797;WAITING_AZIMUTH,NONE,0.00000000000,0.00000000000,0.0000,0.0000,0.0000,0.0000,0.0000,0.000000000,0.000000000,-0.000000000,0.0000,0.0000,0.0000,0.0000,0.0000,0.0000,0.0000,0.0000,0.0000,00000000,21*c6bc05dd
#RAWIMUA,ICOM3,0,91.9,FINESTEERING,2427,544647.106,00000000,0000,797;2427,544647.106139000,1a240015,1168678,270512,-519066,-12489,1174,-19462*f6503ec9
#INSPVAXA,ICOM3,0,91.9,FINESTEERING,2427,544647.120,00000000,006a,797;WAITING_AZIMUTH,NONE,0.00000000000,0.00000000000,0.0000,0.0000,0.0000,0.0000,0.0000,0.000000000,0.000000000,-0.000000000,0.0000,0.0000,0.0000,0.0000,0.0000,0.0000,0.0000,0.0000,0.0000,00000000,21*3c1aea43
#RAWIMUA,ICOM3,0,91.9,FINESTEERING,2427,544647.116,00000000,0000,797;2427,544647.116140000,1a220016,1170493,272561,-520043,-15997,184,-14081*6f34f9f5
#INSPVAXA,ICOM3,0,91.8,FINESTEERING,2427,544647.130,00000000,0074,797;WAITING_AZIMUTH,NONE,0.00000000000,0.00000000000,0.0000,0.0000,0.0000,0.0000,0.0000,0.000000000,0.000000000,-0.000000000,0.0000,0.0000,0.0000,0.0000,0.0000,0.0000,0.0000,0.0000,0.0000,00000000,21*a434ce4b
#RAWIMUA,ICOM3,0,91.8,FINESTEERING,2427,544647.126,00000000,0000,797;2427,544647.126115000,1a250017,1168110,269903,-518041,-14686,-3304,-10515*de2a13e9
#INSPVAXA,ICOM3,0,91.8,FINESTEERING,2427,544647.140,00000000,007e,797;WAITING_AZIMUTH,NONE,0.00000000000,0.00000000000,0.0000,0.0000,0.0000,0.0000,0.0000,0.000000000,0.000000000,-0.000000000,0.0000,0.0000,0.0000,0.0000,0.0000,0.0000,0.0000,0.0000,0.0000,00000000,21*1271c3a3
#RAWIMUA,ICOM3,0,91.8,FINESTEERING,2427,544647.136,00000000,0000,797;2427,544647.136077000,1a210018,1170312,271141,-518254,-24850,-3312,-11836*99df5206
#INSPVAXA,ICOM3,0,91.8,FINESTEERING,2427,544647.150,00000000,0088,797;WAITING_AZIMUTH,NONE,0.00000000000,0.00000000000,0.0000,0.0000,0.0000,0.0000,0.0000,0.000000000,0.000000000,-0.000000000,0.0000,0.0000,0.0000,0.0000,0.0000,0.0000,0.0000,0.0000,0.0000,00000000,21*c7efd0d5
#RAWIMUA,ICOM3,0,91.8,FINESTEERING,2427,544647.146,00000000,0000,797;2427,544647.146100000,1a210019,1172291,269262,-519054,-20063,-10648,-26812*b0f73462
#INSPVAXA,ICOM3,0,91.8,FINESTEERING,2427,544647.160,00000000,0092,797;WAITING_AZIMUTH,NONE,0.00000000000,0.00000000000,0.0000,0.0000,0.0000,0.0000,0.0000,0.000000000,0.000000000,-0.000000000,0.0000,0.0000,0.0000,0.0000,0.0000,0.0000,0.0000,0.0000,0.0000,00000000,21*943ef5fa
#RAWIMUA,ICOM3,0,91.8,FINESTEERING,2427,544647.156,00000000,0000,797;2427,544647.156091000,1a24001a,1167654,271404,-518550,-15342,-7386,-22425*6ff16a3f
#INSPVAXA,ICOM3,0,91.8,FINESTEERING,2427,544647.170,00000000,009c,797;WAITING_AZIMUTH,NONE,0.00000000000,0.00000000000,0.0000,0.0000,0.0000,0.0000,0.0000,0.000000000,0.000000000,-0.000000000,0.0000,0.0000,0.0000,0.0000,0.0000,0.0000,0.0000,0.0000,0.0000,00000000,21*48e9eb5f
#RAWIMUA,ICOM3,0,91.8,FINESTEERING,2427,544647.166,00000000,0000,797;2427,544647.166084000,1a23001b,1168098,270500,-520181,-21243,-7357,-16418*98d13c0f
#INSPVAXA,ICOM3,0,91.8,FINESTEERING,2427,544647.180,00000000,00a6,797;WAITING_AZIMUTH,NONE,0.00000000000,0.00000000000,0.0000,0.0000,0.0000,0.0000,0.0000,0.000000000,0.000000000,-0.000000000,0.0000,0.0000,0.0000,0.0000,0.0000,0.0000,0.0000,0.0000,0.0000,00000000,21*69ff6586
#RAWIMUA,ICOM3,0,91.8,FINESTEERING,2427,544647.176,00000000,0000,797;2427,544647.176075000,1a20001c,1169172,269135,-519116,-14817,1732,-19330*7456d1ea
#INSPVAXA,ICOM3,0,91.8,FINESTEERING,2427,544647.190,00000000,00b0,797;WAITING_AZIMUTH,NONE,0.00000000000,0.00000000000,0.0000,0.0000,0.0000,0.0000,0.0000,0.000000000,0.000000000,-0.000000000,0.0000,0.0000,0.0000,0.0000,0.0000,0.0000,0.0000,0.0000,0.0000,00000000,21*16f0ae96
#RAWIMUA,ICOM3,0,91.8,FINESTEERING,2427,544647.186,00000000,0000,797;2427,544647.186099000,1a22001d,1167321,269708,-518005,-17997,709,-25249*9e3d2ee2
#INSPVAXA,ICOM3,0,91.8,FINESTEERING,2427,544647.200,00000000,00ba,797;WAITING_AZIMUTH,NONE,0.00000000000,0.00000000000,0.0000,0.0000,0.0000,0.0000,0.0000,0.000000000,0.000000000,-0.000000000,0.0000,0.0000,0.0000,0.0000,0.0000,0.0000,0.0000,0.0000,0.0000,00000000,21*57e3a340
#RAWIMUA,ICOM3,0,91.8,FINESTEERING,2427,544647.196,00000000,0000,797;2427,544647.196091000,1a27001e,1168472,270359,-518145,-15538,-540,-17763*fc610dbf
#INSPVAXA,ICOM3,0,91.8,FINESTEERING,2427,544647.210,00000000,00c4,797;WAITING_AZIMUTH,NONE,0.00000000000,0.00000000000,0.0000,0.0000,0.0000,0.0000,0.0000,0.000000000,0.000000000,-0.000000000,0.0000,0.0000,0.0000,0.0000,0.0000,0.0000,0.0000,0.0000,0.0000,00000000,21*e81dc374
#RAWIMUA,ICOM3,0,91.8,FINESTEERING,2427,544647.206,00000000,0000,797;2427,544647.206097000,1a25001f,1168377,270683,-518510,-19473,5217,-11105*3c72f389
#INSPVAXA,ICOM3,0,91.8,FINESTEERING,2427,544647.220,00000000,00ce,797;WAITING_AZIMUTH,NONE,0.00000000000,0.00000000000,0.0000,0.0000,0.0000,0.0000,0.0000,0.000000000,0.000000000,-0.000000000,0.0000,0.0000,0.0000,0.0000,0.0000,0.0000,0.0000,0.0000,0.0000,00000000,21*12bb2cea
#RAWIMUA,ICOM3,0,91.8,FINESTEERING,2427,544647.216,00000000,0000,797;2427,544647.216111000,1a260020,1168102,271089,-517399,-13276,-77,-17563*41beaedc
$GPGGA,071709.20,3109.8268695,N,12127.2280434,E,4,34,0.6,6.044,M,11.031,M,1.200,1793*4E
#INSPVAXA,ICOM3,0,91.8,FINESTEERING,2427,544647.230,00000000,00d8,797;WAITING_AZIMUTH,NONE,0.00000000000,0.00000000000,0.0000,0.0000,0.0000,0.0000,0.0000,0.000000000,0.000000000,-0.000000000,0.0000,0.0000,0.0000,0.0000,0.0000,0.0000,0.0000,0.0000,0.0000,00000000,21*b9d6c9e3
#BESTGNSSPOSA,ICOM3,0,91.8,FINESTEERING,2427,544647.200,03e1c006,0000,797;SOL_COMPUTED,NARROW_INT,31.16378115893,121.45380072292,6.0441,11.0314,WGS84,0.0123,0.0105,0.0237,"1793",1.200,0.018,42,34,34,34,0F,00,30,37*b98c695a
#HEADINGA,ICOM3,0,91.8,FINESTEERING,2427,544647.200,00000000,0000,797;SOL_COMPUTED,NONE,0.000000000,0.000000000,0.000000000,0.0,0.000000000,0.000000000,"1793",0,0,0,0,0,00,30,37*fd71143e
$GPGSV,2,1,07,10,00,000,26,13,00,000,40,15,39,059,40,18,48,218,45*77
$GPGSV,2,2,07,20,13,068,38,24,67,047,45,32,12,272,40,,,,*4F
$GLGSV,3,1,09,70,17,072,42,72,24,306,39,73,49,099,47,74,27,160,39*61
$GLGSV,3,2,09,85,00,000,22,86,37,244,46,87,33,295,46,90,00,000,39*6A
$GLGSV,3,3,09,91,00,000,36,,,,,,,,,,,,*51
$GAGSV,2,1,06,03,25,266,46,11,07,161,36,16,17,127,40,31,14,073,37*6B
$GAGSV,2,2,06,34,55,287,46,36,49,190,45,,,,,,,,*67
$GQGSV,1,1,03,02,00,000,31,03,43,170,44,07,53,169,37,,,,*42
$GBGSV,5,1,17,01,48,147,48,02,35,243,45,03,55,202,49,04,37,120,42*61
$GBGSV,5,2,17,06,70,042,43,07,58,191,49,10,47,193,45,11,24,268,40*62
$GBGSV,5,3,17,12,13,296,41,20,29,306,44,23,49,086,49,27,00,000,27*61
$GBGSV,5,4,17,29,16,290,45,30,22,238,46,32,00,000,35,37,40,166,45*65
$GBGSV,5,5,17,41,22,086,43,,,,,,,,,,,,*51
$GPGSA,M,3,15,18,20,24,32,,,,,,,,1.3,0.6,1.1,1*2F
#RAWIMUA,ICOM3,0,91.8,FINESTEERING,2427,544647.226,00000000,0000,797;2427,544647.226139000,1a270021,1168553,271198,-516482,-23932,-2620,-22443*9760487f
#INSPVAXA,ICOM3,0,91.8,FINESTEERING,2427,544647.240,00000000,00e2,797;WAITING_AZIMUTH,NONE,0.00000000000,0.00000000000,0.0000,0.0000,0.0000,0.0000,0.0000,0.000000000,0.000000000,-0.000000000,0.0000,0.0000,0.0000,0.0000,0.0000,0.0000,0.0000,0.0000,0.0000,00000000,21*a6e40eba
#RAWIMUA,ICOM3,0,91.8,FINESTEERING,2427,544647.236,00000000,0000,797;2427,544647.236088000,1a280022,1168631,269809,-517581,-17604,5054,-23883*dfc3d7a2
#INSPVAXA,ICOM3,0,91.8,FINESTEERING,2427,544647.250,00000000,00ec,797;WAITING_AZIMUTH,NONE,0.00000000000,0.00000000000,0.0000,0.0000,0.0000,0.0000,0.0000,0.000000000,0.000000000,-0.000000000,0.0000,0.0000,0.0000,0.0000,0.0000,0.0000,0.0000,0.0000,0.0000,00000000,21*7a33101f
#RAWIMUA,ICOM3,0,91.8,FINESTEERING,2427,544647.246,00000000,0000,797;2427,544647.246079000,1a290023,1168883,271326,-516648,-16686,2290,-22022*2db3898e
#INSPVAXA,ICOM3,0,91.8,FINESTEERING,2427,544647.260,00000000,00f6,797;WAITING_AZIMUTH,NONE,0.00000000000,0.00000000000,0.0000,0.0000,0.0000,0.0000,0.0000,0.000000000,0.000000000,-0.000000000,0.0000,0.0000,0.0000,0.0000,0.0000,0.0000,0.0000,0.0000,0.0000,00000000,21*6764be3f
#RAWIMUA,ICOM3,0,91.8,FINESTEERING,2427,544647.256,00000000,0000,797;2427,544647.256101000,1a2b0024,1169559,270386,-518507,-19440,-4229,-19688*f446263b
#INSPVAXA,ICOM3,0,91.8,FINESTEERING,2427,544647.270,00000000,0100,797;WAITING_AZIMUTH,NONE,0.00000000000,0.00000000000,0.0000,0.0000,0.0000,0.0000,0.0000,0.000000000,0.000000000,-0.000000000,0.0000,0.0000,0.0000,0.0000,0.0000,0.0000,0.0000,0.0000,0.0000,00000000,21*8c4e30b0
#RAWIMUA,ICOM3,0,91.8,FINESTEERING,2427,544647.266,00000000,0000,797;2427,544647.266092000,1a2c0025,1168267,268667,-517272,-22391,7551,-24204*4caaa1e2
#INSPVAXA,ICOM3,0,91.8,FINESTEERING,2427,544647.280,00000000,010a,797;WAITING_AZIMUTH,NONE,0.00000000000,0.00000000000,0.0000,0.0000,0.0000,0.0000,0.0000,0.000000000,0.000000000,-0.000000000,0.0000,0.0000,0.0000,0.0000,0.0000,0.0000,0.0000,0.0000,0.0000,00000000,21*a3ccf9b4
#RAWIMUA,ICOM3,0,91.8,FINESTEERING,2427,544647.276,00000000,0000,797;2427,544647.276085000,1a270026,1169881,269117,-517804,-11604,3380,-20142*227cc1b2
#INSPVAXA,ICOM3,0,91.8,FINESTEERING,2427,544647.290,00000000,0114,797;WAITING_AZIMUTH,NONE,0.00000000000,0.00000000000,0.0000,0.0000,0.0000,0.0000,0.0000,0.000000000,0.000000000,-0.000000000,0.0000,0.0000,0.0000,0.0000,0.0000,0.0000,0.0000,0.0000,0.0000,00000000,21*1c329980
#RAWIMUA,ICOM3,0,91.8,FINESTEERING,2427,544647.286,00000000,0000,797;2427,544647.286077000,1a260027,1168634,269315,-517871,-17047,3277,-29509*a9dedb6c
#INSPVAXA,ICOM3,0,91.8,FINESTEERING,2427,544647.300,00000000,011e,797;WAITING_AZIMUTH,NONE,0.00000000000,0.00000000000,0.0000,0.0000,0.0000,0.0000,0.0000,0.000000000,0.000000000,-0.000000000,0.0000,0.0000,0.0000,0.0000,0.0000,0.0000,0.0000,0.0000,0.0000,00000000,21*ec0c0c83
#RAWIMUA,ICOM3,0,91.8,FINESTEERING,2427,544647.296,00000000,0000,797;2427,544647.296098000,1a280028,1170138,269974,-517289,-13867,2094,-27015*8945d22c
#INSPVAXA,ICOM3,0,91.8,FINESTEERING,2427,544647.310,00000000,0128,797;WAITING_AZIMUTH,NONE,0.00000000000,0.00000000000,0.0000,0.0000,0.0000,0.0000,0.0000,0.000000000,0.000000000,-0.000000000,0.0000,0.0000,0.0000,0.0000,0.0000,0.0000,0.0000,0.0000,0.0000,00000000,21*95a09195
#RAWIMUA,ICOM3,0,91.8,FINESTEERING,2427,544647.306,00000000,0000,797;2427,544647.306122000,1a2c0029,1167740,269782,-517219,-16686,-3470,-27436*41d2d72b
#INSPVAXA,ICOM3,0,91.8,FINESTEERING,2427,544647.320,00000000,0132,797;WAITING_AZIMUTH,NONE,0.00000000000,0.00000000000,0.0000,0.0000,0.0000,0.0000,0.0000,0.000000000,0.000000000,-0.000000000,0.0000,0.0000,0.0000,0.0000,0.0000,0.0000,0.0000,0.0000,0.0000,00000000,21*c671b4ba
#RAWIMUA,ICOM3,0,91.8,FINESTEERING,2427,544647.316,00000000,0000,797;2427,544647.316106000,1a2c002a,1168738,271566,-518520,-17801,2914,-25109*7065cf66
#INSPVAXA,ICOM3,0,91.8,FINESTEERING,2427,544647.330,00000000,013c,797;WAITING_AZIMUTH,NONE,0.00000000000,0.00000000000,0.0000,0.0000,0.0000,0.0000,0.0000,0.000000000,0.000000000,-0.000000000,0.0000,0.0000,0.0000,0.0000,0.0000,0.0000,0.0000,0.0000,0.0000,00000000,21*1aa6aa1f
#RAWIMUA,ICOM3,0,91.8,FINESTEERING,2427,544647.326,00000000,0000,797;2427,544647.326081000,1a27002b,1169257,272784,-517977,-22359,4095,-9864*a6ec30cf
#INSPVAXA,ICOM3,0,91.8,FINESTEERING,2427,544647.340,00000000,0146,797;WAITING_AZIMUTH,NONE,0.00000000000,0.00000000000,0.0000,0.0000,0.0000,0.0000,0.0000,0.000000000,0.000000000,-0.000000000,0.0000,0.0000,0.0000,0.0000,0.0000,0.0000,0.0000,0.0000,0.0000,00000000,21*99d39e56
#RAWIMUA,ICOM3,0,91.8,FINESTEERING,2427,544647.336,00000000,0000,797;2427,544647.336098000,1a27002c,1167912,270592,-517951,-18982,3111,-5694*da155044
#INSPVAXA,ICOM3,0,91.8,FINESTEERING,2427,544647.350,00000000,0150,797;WAITING_AZIMUTH,NONE,0.00000000000,0.00000000000,0.0000,0.0000,0.0000,0.0000,0.0000,0.000000000,0.000000000,-0.000000000,0.0000,0.0000,0.0000,0.0000,0.0000,0.0000,0.0000,0.0000,0.0000,00000000,21*62046a69
#RAWIMUA,ICOM3,0,91.8,FINESTEERING,2427,544647.346,00000000,0000,797;2427,544647.346091000,1a29002d,1168187,271592,-519209,-25900,3434,-5435*dcb28d94
#INSPVAXA,ICOM3,0,91.8,FINESTEERING,2427,544647.360,00000000,015a,797;WAITING_AZIMUTH,NONE,0.00000000000,0.00000000000,0.0000,0.0000,0.0000,0.0000,0.0000,0.000000000,0.000000000,-0.000000000,0.0000,0.0000,0.0000,0.0000,0.0000,0.0000,0.0000,0.0000,0.0000,00000000,21*98a285f7
#RAWIMUA,ICOM3,0,91.8,FINESTEERING,2427,544647.356,00000000,0000,797;2427,544647.356083000,1a28002e,1169346,270466,-520149,-28556,3399,-7967*352036e5
#INSPVAXA,ICOM3,0,91.8,FINESTEERING,2427,544647.370,00000000,0164,797;WAITING_AZIMUTH,NONE,0.00000000000,0.00000000000,0.0000,0.0000,0.0000,0.0000,0.0000,0.000000000,0.000000000,-0.000000000,0.0000,0.0000,0.0000,0.0000,0.0000,0.0000,0.0000,0.0000,0.0000,00000000,21*a384daec
#RAWIMUA,ICOM3,0,91.8,FINESTEERING,2427,544647.366,00000000,0000,797;2427,544647.366075000,1a25002f,1168170,272724,-517615,-16260,-3108,587*6d00a419
#INSPVAXA,ICOM3,0,91.8,FINESTEERING,2427,544647.380,00000000,016e,797;WAITING_AZIMUTH,NONE,0.00000000000,0.00000000000,0.0000,0.0000,0.0000,0.0000,0.0000,0.000000000,0.000000000,-0.000000000,0.0000,0.0000,0.0000,0.0000,0.0000,0.0000,0.0000,0.0000,0.0000,00000000,21*8c0613e8
#RAWIMUA,ICOM3,0,91.8,FINESTEERING,2427,544647.376,00000000,0000,797;2427,544647.376067000,1a240030,1168177,270163,-518208,-30621,-3712,5896*2183b6a8
#INSPVAXA,ICOM3,0,91.8,FINESTEERING,2427,544647.390,00000000,0178,797;WAITING_AZIMUTH,NONE,0.00000000000,0.00000000000,0.0000,0.0000,0.0000,0.0000,0.0000,0.000000000,0.000000000,-0.000000000,0.0000,0.0000,0.0000,0.0000,0.0000,0.0000,0.0000,0.0000,0.0000,00000000,21*7172b1d1
#RAWIMUA,ICOM3,0,91.8,FINESTEERING,2427,544647.386,00000000,0000,797;2427,544647.386090000,1a270031,1167995,268347,-519532,-22490,-2817,4559*a597a07e
#INSPVAXA,ICOM3,0,91.8,FINESTEERING,2427,544647.400,00000000,0182,797;WAITING_AZIMUTH,NONE,0.00000000000,0.00000000000,0.0000,0.0000,0.0000,0.0000,0.0000,0.000000000,0.000000000,-0.000000000,0.0000,0.0000,0.0000,0.0000,0.0000,0.0000,0.0000,0.0000,0.0000,00000000,21*08d6f012
#RAWIMUA,ICOM3,0,91.8,FINESTEERING,2427,544647.396,00000000,0000,797;2427,544647.396084000,1a2a0032,1169818,270391,-518048,-31375,73,9756*5e1a2d8c
#INSPVAXA,ICOM3,0,91.8,FINESTEERING,2427,544647.410,00000000,018c,797;WAITING_AZIMUTH,NONE,0.00000000000,0.00000000000,0.0000,0.0000,0.0000,0.0000,0.0000,0.000000000,0.000000000,-0.000000000,0.0000,0.0000,0.0000,0.0000,0.0000,0.0000,0.0000,0.0000,0.0000,00000000,21*d401eeb7
#RAWIMUA,ICOM3,0,91.8,FINESTEERING,2427,544647.406,00000000,0000,797;2427,544647.406100000,1a280033,1168494,266871,-516825,-23572,-7031,-2523*4e2b491c
#INSPVAXA,ICOM3,0,91.8,FINESTEERING,2427,544647.420,00000000,0196,797;WAITING_AZIMUTH,NONE,0.00000000000,0.00000000000,0.0000,0.0000,0.0000,0.0000,0.0000,0.000000000,0.000000000,-0.000000000,0.0000,0.0000,0.0000,0.0000,0.0000,0.0000,0.0000,0.0000,0.0000,00000000,21*4d8e7fb8
#RAWIMUA,ICOM3,0,91.8,FINESTEERING,2427,544647.416,00000000,0000,797;2427,544647.416092000,1a270034,1171434,269758,-518731,-21506,-5087,-18183*b9389df4
$GPGGA,071709.40,3109.8268694,N,12127.2280436,E,4,34,0.6,6.043,M,11.031,M,1.400,1793*4A
#BESTGNSSPOSA,ICOM3,0,91.8,FINESTEERING,2427,544647.400,03e1c006,0000,797;SOL_COMPUTED,NARROW_INT,31.16378115668,121.45380072622,6.0425,11.0314,WGS84,0.0130,0.0111,0.0244,"1793",1.400,0.017,42,34,34,34,0F,00,30,37*85db7bd2
#HEADINGA,ICOM3,0,91.8,FINESTEERING,2427,544647.400,00000000,0000,797;SOL_COMPUTED,NONE,0.000000000,0.000000000,0.000000000,0.0,0.000000000,0.000000000,"1793",0,0,0,0,0,00,30,37*cbda5ef6
#INSPVAXA,ICOM3,0,91.8,FINESTEERING,2427,544647.430,00000000,01a0,797;WAITING_AZIMUTH,NONE,0.00000000000,0.00000000000,0.0000,0.0000,0.0000,0.0000,0.0000,0.000000000,0.000000000,-0.000000000,0.0000,0.0000,0.0000,0.0000,0.0000,0.0000,0.0000,0.0000,0.0000,00000000,21*dbe4b2cb
$GPGSV,2,1,07,10,00,000,26,13,00,000,40,15,39,059,40,18,48,218,45*77
$GPGSV,2,2,07,20,13,068,38,24,67,047,45,32,12,272,40,,,,*4F
$GLGSV,3,1,09,70,17,072,42,72,24,306,39,73,49,099,47,74,27,160,39*61
$GLGSV,3,2,09,85,00,000,22,86,37,244,46,87,33,295,46,90,00,000,39*6A
$GLGSV,3,3,09,91,00,000,36,,,,,,,,,,,,*51
$GAGSV,2,1,06,03,25,266,46,11,07,161,36,16,17,127,40,31,14,073,37*6B
$GAGSV,2,2,06,34,55,287,46,36,49,190,45,,,,,,,,*67
$GQGSV,1,1,03,02,00,000,31,03,43,170,44,07,53,169,37,,,,*42
$GBGSV,5,1,17,01,48,147,48,02,35,243,45,03,55,202,48,04,37,120,42*60
$GBGSV,5,2,17,06,70,042,43,07,58,191,49,10,47,193,45,11,24,268,40*62
$GBGSV,5,3,17,12,13,296,41,20,29,306,44,23,49,086,49,27,00,000,27*61
$GBGSV,5,4,17,29,16,290,45,30,22,238,46,32,00,000,34,37,40,166,45*64
$GBGSV,5,5,17,41,22,086,43,,,,,,,,,,,,*51
$GPGSA,M,3,15,18,20,24,32,,,,,,,,1.3,0.6,1.1,1*2F
#RAWIMUA,ICOM3,0,91.8,FINESTEERING,2427,544647.426,00000000,0000,797;2427,544647.426102000,1a270035,1168020,271464,-518945,-21703,5281,-25102*ec814390
#INSPVAXA,ICOM3,0,91.8,FINESTEERING,2427,544647.440,00000000,01aa,797;WAITING_AZIMUTH,NONE,0.00000000000,0.00000000000,0.0000,0.0000,0.0000,0.0000,0.0000,0.000000000,0.000000000,-0.000000000,0.0000,0.0000,0.0000,0.0000,0.0000,0.0000,0.0000,0.0000,0.0000,00000000,21*6da1bf23
#RAWIMUA,ICOM3,0,91.8,FINESTEERING,2427,544647.436,00000000,0000,797;2427,544647.436083000,1a260036,1166722,269714,-520367,-20523,147,-5578*4a11e210
#INSPVAXA,ICOM3,0,91.8,FINESTEERING,2427,544647.450,00000000,01b4,797;WAITING_AZIMUTH,NONE,0.00000000000,0.00000000000,0.0000,0.0000,0.0000,0.0000,0.0000,0.000000000,0.000000000,-0.000000000,0.0000,0.0000,0.0000,0.0000,0.0000,0.0000,0.0000,0.0000,0.0000,00000000,21*5687e038
#RAWIMUA,ICOM3,0,91.8,FINESTEERING,2427,544647.446,00000000,0000,797;2427,544647.446075000,1a260037,1170617,269395,-519087,-21015,1496,-9021*1ab58a71
#INSPVAXA,ICOM3,0,91.8,FINESTEERING,2427,544647.460,00000000,01be,797;WAITING_AZIMUTH,NONE,0.00000000000,0.00000000000,0.0000,0.0000,0.0000,0.0000,0.0000,0.000000000,0.000000000,-0.000000000,0.0000,0.0000,0.0000,0.0000,0.0000,0.0000,0.0000,0.0000,0.0000,00000000,21*ac210fa6
#RAWIMUA,ICOM3,0,91.8,FINESTEERING,2427,544647.456,00000000,0000,797;2427,544647.456066000,1a240038,1167788,270028,-518633,-18162,-3472,-10848*86880bbc
#INSPVAXA,ICOM3,0,91.8,FINESTEERING,2427,544647.470,00000000,01c8,797;WAITING_AZIMUTH,NONE,0.00000000000,0.00000000000,0.0000,0.0000,0.0000,0.0000,0.0000,0.000000000,0.000000000,-0.000000000,0.0000,0.0000,0.0000,0.0000,0.0000,0.0000,0.0000,0.0000,0.0000,00000000,21*5155ad9f
#RAWIMUA,ICOM3,0,91.8,FINESTEERING,2427,544647.466,00000000,0000,797;2427,544647.466090000,1a220039,1167907,270238,-517422,-26228,2776,-9906*8fc661c6
#INSPVAXA,ICOM3,0,91.8,FINESTEERING,2427,544647.480,00000000,01d2,797;WAITING_AZIMUTH,NONE,0.00000000000,0.00000000000,0.0000,0.0000,0.0000,0.0000,0.0000,0.000000000,0.000000000,-0.000000000,0.0000,0.0000,0.0000,0.0000,0.0000,0.0000,0.0000,0.0000,0.0000,00000000,21*81b9e91a
#RAWIMUA,ICOM3,0,91.8,FINESTEERING,2427,544647.476,00000000,0000,797;2427,544647.476080000,1a23003a,1169256,270658,-517690,-22851,-3410,-11607*35e9d3b0
#INSPVAXA,ICOM3,0,91.8,FINESTEERING,2427,544647.490,00000000,01dc,797;WAITING_AZIMUTH,NONE,0.00000000000,0.00000000000,0.0000,0.0000,0.0000,0.0000,0.0000,0.000000000,0.000000000,-0.000000000,0.0000,0.0000,0.0000,0.0000,0.0000,0.0000,0.0000,0.0000,0.0000,00000000,21*5d6ef7bf
#RAWIMUA,ICOM3,0,91.8,FINESTEERING,2427,544647.486,00000000,0000,797;2427,544647.486073000,1a23003b,1168993,271674,-517734,-21638,1496,-15953*5f0e1176
#INSPVAXA,ICOM3,0,91.8,FINESTEERING,2427,544647.500,00000000,01e6,797;WAITING_AZIMUTH,NONE,0.00000000000,0.00000000000,0.0000,0.0000,0.0000,0.0000,0.0000,0.000000000,0.000000000,-0.000000000,0.0000,0.0000,0.0000,0.0000,0.0000,0.0000,0.0000,0.0000,0.0000,00000000,21*ce791c2d
#RAWIMUA,ICOM3,0,91.8,FINESTEERING,2427,544647.496,00000000,0000,797;2427,544647.496065000,1a29003c,1168470,270166,-517881,-21671,-743,-16456*ae72fc67
#INSPVAXA,ICOM3,0,91.8,FINESTEERING,2427,544647.510,00000000,01f0,797;WAITING_AZIMUTH,NONE,0.00000000000,0.00000000000,0.0000,0.0000,0.0000,0.0000,0.0000,0.000000000,0.000000000,-0.000000000,0.0000,0.0000,0.0000,0.0000,0.0000,0.0000,0.0000,0.0000,0.0000,00000000,21*b176d73d
#RAWIMUA,ICOM3,0,91.8,FINESTEERING,2427,544647.506,00000000,0000,797;2427,544647.506144000,1a29003d,1169397,271628,-518751,-22785,-3377,-15253*6ad3a731
#INSPVAXA,ICOM3,0,91.8,FINESTEERING,2427,544647.520,00000000,01fa,797;WAITING_AZIMUTH,NONE,0.00000000000,0.00000000000,0.0000,0.0000,0.0000,0.0000,0.0000,0.000000000,0.000000000,-0.000000000,0.0000,0.0000,0.0000,0.0000,0.0000,0.0000,0.0000,0.0000,0.0000,00000000,21*4bd038a3
#RAWIMUA,ICOM3,0,91.8,FINESTEERING,2427,544647.516,00000000,0000,797;2427,544647.516176000,1a28003e,1169425,269997,-518175,-17507,8542,-12404*d35e19db
#INSPVAXA,ICOM3,0,91.8,FINESTEERING,2427,544647.530,00000000,0204,797;WAITING_AZIMUTH,NONE,0.00000000000,0.00000000000,0.0000,0.0000,0.0000,0.0000,0.0000,0.000000000,0.000000000,-0.000000000,0.0000,0.0000,0.0000,0.0000,0.0000,0.0000,0.0000,0.0000,0.0000,00000000,21*4f86c741
#RAWIMUA,ICOM3,0,91.8,FINESTEERING,2427,544647.526,00000000,0000,797;2427,544647.526074000,1a26003f,1169580,270793,-517331,-23441,4588,-10389*c0b48efe
#INSPVAXA,ICOM3,0,91.8,FINESTEERING,2427,544647.540,00000000,020e,797;WAITING_AZIMUTH,NONE,0.00000000000,0.00000000000,0.0000,0.0000,0.0000,0.0000,0.0000,0.000000000,0.000000000,-0.000000000,0.0000,0.0000,0.0000,0.0000,0.0000,0.0000,0.0000,0.0000,0.0000,00000000,21*f9c3caa9
#RAWIMUA,ICOM3,0,91.8,FINESTEERING,2427,544647.536,00000000,0000,797;2427,544647.536067000,1a290040,1169129,268886,-518063,-21376,-4231,-14501*ac8cf7c7
#INSPVAXA,ICOM3,0,91.8,FINESTEERING,2427,544647.550,00000000,0218,797;WAITING_AZIMUTH,NONE,0.00000000000,0.00000000000,0.0000,0.0000,0.0000,0.0000,0.0000,0.000000000,0.000000000,-0.000000000,0.0000,0.0000,0.0000,0.0000,0.0000,0.0000,0.0000,0.0000,0.0000,00000000,21*04b76890
#RAWIMUA,ICOM3,0,91.8,FINESTEERING,2427,544647.546,00000000,0000,797;2427,544647.546086000,1a260041,1168461,269522,-516954,-19900,-3341,-23727*c5b64dcc
#INSPVAXA,ICOM3,0,91.8,FINESTEERING,2427,544647.560,00000000,0222,797;WAITING_AZIMUTH,NONE,0.00000000000,0.00000000000,0.0000,0.0000,0.0000,0.0000,0.0000,0.000000000,0.000000000,-0.000000000,0.0000,0.0000,0.0000,0.0000,0.0000,0.0000,0.0000,0.0000,0.0000,00000000,21*d3be7290
#RAWIMUA,ICOM3,0,91.8,FINESTEERING,2427,544647.556,00000000,0000,797;2427,544647.556078000,1a290042,1168511,269470,-518627,-19474,1036,-30080*d98fe6e8
#INSPVAXA,ICOM3,0,91.8,FINESTEERING,2427,544647.570,00000000,022c,797;WAITING_AZIMUTH,NONE,0.00000000000,0.00000000000,0.0000,0.0000,0.0000,0.0000,0.0000,0.000000000,0.000000000,-0.000000000,0.0000,0.0000,0.0000,0.0000,0.0000,0.0000,0.0000,0.0000,0.0000,00000000,21*0f696c35
#RAWIMUA,ICOM3,0,91.8,FINESTEERING,2427,544647.566,00000000,0000,797;2427,544647.566071000,1a290043,1167915,271440,-518256,-16622,2553,-30334*762baa48
#INSPVAXA,ICOM3,0,91.8,FINESTEERING,2427,544647.580,00000000,0236,797;WAITING_AZIMUTH,NONE,0.00000000000,0.00000000000,0.0000,0.0000,0.0000,0.0000,0.0000,0.000000000,0.000000000,-0.000000000,0.0000,0.0000,0.0000,0.0000,0.0000,0.0000,0.0000,0.0000,0.0000,00000000,21*43c2dba0
#RAWIMUA,ICOM3,0,91.8,FINESTEERING,2427,544647.576,00000000,0000,797;2427,544647.576061000,1a270044,1168666,272425,-517972,-22228,-2356,-23461*7c162870
#INSPVAXA,ICOM3,0,91.8,FINESTEERING,2427,544647.590,00000000,0240,797;WAITING_AZIMUTH,NONE,0.00000000000,0.00000000000,0.0000,0.0000,0.0000,0.0000,0.0000,0.000000000,0.000000000,-0.000000000,0.0000,0.0000,0.0000,0.0000,0.0000,0.0000,0.0000,0.0000,0.0000,00000000,21*ee0c68af
#RAWIMUA,ICOM3,0,91.8,FINESTEERING,2427,544647.586,00000000,0000,797;2427,544647.586084000,1a2a0045,1168873,270385,-518736,-17015,3079,-25963*d0dc1803
#INSPVAXA,ICOM3,0,91.8,FINESTEERING,2427,544647.600,00000000,024a,797;WAITING_AZIMUTH,NONE,0.00000000000,0.00000000000,0.0000,0.0000,0.0000,0.0000,0.0000,0.000000000,0.000000000,-0.000000000,0.0000,0.0000,0.0000,0.0000,0.0000,0.0000,0.0000,0.0000,0.0000,00000000,21*af1f6579
#RAWIMUA,ICOM3,0,91.8,FINESTEERING,2427,544647.596,00000000,0000,797;2427,544647.596075000,1a330046,1168741,270975,-518710,-21277,1134,-20029*bcebaf9d
#INSPVAXA,ICOM3,0,91.8,FINESTEERING,2427,544647.610,00000000,0254,797;WAITING_AZIMUTH,NONE,0.00000000000,0.00000000000,0.0000,0.0000,0.0000,0.0000,0.0000,0.000000000,0.000000000,-0.000000000,0.0000,0.0000,0.0000,0.0000,0.0000,0.0000,0.0000,0.0000,0.0000,00000000,21*10e1054d
#RAWIMUA,ICOM3,0,91.8,FINESTEERING,2427,544647.606,00000000,0000,797;2427,544647.606104000,1a2c0047,1168805,271696,-518653,-18786,148,-21970*88b7023b
#INSPVAXA,ICOM3,0,91.8,FINESTEERING,2427,544647.620,00000000,025e,797;WAITING_AZIMUTH,NONE,0.00000000000,0.00000000000,0.0000,0.0000,0.0000,0.0000,0.0000,0.000000000,0.000000000,-0.000000000,0.0000,0.0000,0.0000,0.0000,0.0000,0.0000,0.0000,0.0000,0.0000,00000000,21*ea47ead3
#RAWIMUA,ICOM3,0,91.8,FINESTEERING,2427,544647.616,00000000,0000,797;2427,544647.616087000,1a2a0048,1168926,270497,-517557,-25737,7515,-23125*02fa40bd
$GPGGA,071709.60,3109.8268694,N,12127.2280437,E,4,34,0.6,6.041,M,11.031,M,1.600,1793*49
#BESTGNSSPOSA,ICOM3,0,91.8,FINESTEERING,2427,544647.600,03e1c006,0000,797;SOL_COMPUTED,NARROW_INT,31.16378115692,121.45380072789,6.0415,11.0314,WGS84,0.0137,0.0118,0.0251,"1793",1.600,0.016,42,34,34,34,0F,00,30,37*6f8edd31
#HEADINGA,ICOM3,0,91.8,FINESTEERING,2427,544647.600,00000000,0000,797;SOL_COMPUTED,NONE,0.000000000,0.000000000,0.000000000,0.0,0.000000000,0.000000000,"1793",0,0,0,0,0,00,30,37*6f6c6571
#INSPVAXA,ICOM3,0,91.8,FINESTEERING,2427,544647.630,00000000,0268,797;WAITING_AZIMUTH,NONE,0.00000000000,0.00000000000,0.0000,0.0000,0.0000,0.0000,0.0000,0.000000000,0.000000000,-0.000000000,0.0000,0.0000,0.0000,0.0000,0.0000,0.0000,0.0000,0.0000,0.0000,00000000,21*93eb77c5
$GPGSV,2,1,07,10,00,000,26,13,00,000,40,15,39,059,40,18,48,218,45*77
$GPGSV,2,2,07,20,13,068,38,24,67,047,45,32,12,272,40,,,,*4F
$GLGSV,3,1,09,70,17,072,42,72,24,306,39,73,49,099,47,74,27,160,39*61
$GLGSV,3,2,09,85,00,000,21,86,37,244,46,87,33,295,46,90,00,000,39*69
$GLGSV,3,3,09,91,00,000,36,,,,,,,,,,,,*51
$GAGSV,2,1,06,03,25,266,47,11,07,161,36,16,17,127,40,31,14,073,37*6A
$GAGSV,2,2,06,34,55,287,46,36,49,190,45,,,,,,,,*67
$GQGSV,1,1,03,02,00,000,30,03,43,170,44,07,53,169,37,,,,*43
$GBGSV,5,1,17,01,48,147,48,02,35,243,45,03,55,202,48,04,37,120,42*60
$GBGSV,5,2,17,06,70,042,43,07,58,191,49,10,47,193,45,11,24,268,40*62
$GBGSV,5,3,17,12,13,296,41,20,29,306,44,23,49,086,49,27,00,000,28*6E
$GBGSV,5,4,17,29,16,290,45,30,22,238,46,32,00,000,34,37,40,166,44*65
$GBGSV,5,5,17,41,22,086,43,,,,,,,,,,,,*51
$GPGSA,M,3,15,18,20,24,32,,,,,,,,1.3,0.6,1.1,1*2F
#RAWIMUA,ICOM3,0,91.8,FINESTEERING,2427,544647.626,00000000,0000,797;2427,544647.626113000,1a2a0049,1169685,268398,-517730,-14819,711,-20125*4fbe64af
#INSPVAXA,ICOM3,0,91.8,FINESTEERING,2427,544647.640,00000000,0272,797;WAITING_AZIMUTH,NONE,0.00000000000,0.00000000000,0.0000,0.0000,0.0000,0.0000,0.0000,0.000000000,0.000000000,-0.000000000,0.0000,0.0000,0.0000,0.0000,0.0000,0.0000,0.0000,0.0000,0.0000,00000000,21*8cd9b09c
#RAWIMUA,ICOM3,0,91.8,FINESTEERING,2427,544647.636,00000000,0000,797;2427,544647.636072000,1a27004a,1170128,270604,-519462,-11048,-1459,-26637*c65e5e86
#INSPVAXA,ICOM3,0,91.8,FINESTEERING,2427,544647.650,00000000,027c,797;WAITING_AZIMUTH,NONE,0.00000000000,0.00000000000,0.0000,0.0000,0.0000,0.0000,0.0000,0.000000000,0.000000000,-0.000000000,0.0000,0.0000,0.0000,0.0000,0.0000,0.0000,0.0000,0.0000,0.0000,00000000,21*500eae39
#RAWIMUA,ICOM3,0,91.8,FINESTEERING,2427,544647.646,00000000,0000,797;2427,544647.646065000,1a26004b,1166600,271116,-518185,-22261,2910,-33327*2d208e80
#INSPVAXA,ICOM3,0,91.8,FINESTEERING,2427,544647.660,00000000,0286,797;WAITING_AZIMUTH,NONE,0.00000000000,0.00000000000,0.0000,0.0000,0.0000,0.0000,0.0000,0.000000000,0.000000000,-0.000000000,0.0000,0.0000,0.0000,0.0000,0.0000,0.0000,0.0000,0.0000,0.0000,00000000,21*e16b8e79
#RAWIMUA,ICOM3,0,91.8,FINESTEERING,2427,544647.656,00000000,0000,797;2427,544647.656087000,1a24004c,1170116,271828,-518393,-23442,342,-24535*b6a58d17
#INSPVAXA,ICOM3,0,91.8,FINESTEERING,2427,544647.670,00000000,0290,797;WAITING_AZIMUTH,NONE,0.00000000000,0.00000000000,0.0000,0.0000,0.0000,0.0000,0.0000,0.000000000,0.000000000,-0.000000000,0.0000,0.0000,0.0000,0.0000,0.0000,0.0000,0.0000,0.0000,0.0000,00000000,21*1abc7a46
#RAWIMUA,ICOM3,0,91.8,FINESTEERING,2427,544647.666,00000000,0000,797;2427,544647.666078000,1a28004d,1170185,269828,-518600,-18720,4558,-16399*cf44649b
#INSPVAXA,ICOM3,0,91.8,FINESTEERING,2427,544647.680,00000000,029a,797;WAITING_AZIMUTH,NONE,0.00000000000,0.00000000000,0.0000,0.0000,0.0000,0.0000,0.0000,0.000000000,0.000000000,-0.000000000,0.0000,0.0000,0.0000,0.0000,0.0000,0.0000,0.0000,0.0000,0.0000,00000000,21*353eb342
#RAWIMUA,ICOM3,0,91.8,FINESTEERING,2427,544647.676,00000000,0000,797;2427,544647.676070000,1a2a004e,1169590,270488,-518246,-22852,2515,-21700*cc4d9674
#INSPVAXA,ICOM3,0,91.8,FINESTEERING,2427,544647.690,00000000,02a4,797;WAITING_AZIMUTH,NONE,0.00000000000,0.00000000000,0.0000,0.0000,0.0000,0.0000,0.0000,0.000000000,0.000000000,-0.000000000,0.0000,0.0000,0.0000,0.0000,0.0000,0.0000,0.0000,0.0000,0.0000,00000000,21*e77dea3a
#RAWIMUA,ICOM3,0,91.8,FINESTEERING,2427,544647.686,00000000,0000,797;2427,544647.686063000,1a25004f,1169101,271041,-518613,-22655,9295,-12143*e320e028
#INSPVAXA,ICOM3,0,91.8,FINESTEERING,2427,544647.700,00000000,02ae,797;WAITING_AZIMUTH,NONE,0.00000000000,0.00000000000,0.0000,0.0000,0.0000,0.0000,0.0000,0.000000000,0.000000000,-0.000000000,0.0000,0.0000,0.0000,0.0000,0.0000,0.0000,0.0000,0.0000,0.0000,00000000,21*17437f39
#RAWIMUA,ICOM3,0,91.8,FINESTEERING,2427,544647.696,00000000,0000,797;2427,544647.696085000,1a230050,1169854,269505,-518235,-29704,2838,-12965*d334909f
#INSPVAXA,ICOM3,0,91.8,FINESTEERING,2427,544647.710,00000000,02b8,797;WAITING_AZIMUTH,NONE,0.00000000000,0.00000000000,0.0000,0.0000,0.0000,0.0000,0.0000,0.000000000,0.000000000,-0.000000000,0.0000,0.0000,0.0000,0.0000,0.0000,0.0000,0.0000,0.0000,0.0000,00000000,21*6eefe22f
#RAWIMUA,ICOM3,0,91.8,FINESTEERING,2427,544647.706,00000000,0000,797;2427,544647.706098000,1a260051,1169862,269135,-519051,-21147,-1039,-20893*91702bd5
#INSPVAXA,ICOM3,0,91.8,FINESTEERING,2427,544647.720,00000000,02c2,797;WAITING_AZIMUTH,NONE,0.00000000000,0.00000000000,0.0000,0.0000,0.0000,0.0000,0.0000,0.000000000,0.000000000,-0.000000000,0.0000,0.0000,0.0000,0.0000,0.0000,0.0000,0.0000,0.0000,0.0000,00000000,21*3d3ec700
#RAWIMUA,ICOM3,0,91.8,FINESTEERING,2427,544647.716,00000000,0000,797;2427,544647.716126000,1a280052,1169293,272094,-518166,-23311,441,-16617*01537cbd
#INSPVAXA,ICOM3,0,91.8,FINESTEERING,2427,544647.730,00000000,02cc,797;WAITING_AZIMUTH,NONE,0.00000000000,0.00000000000,0.0000,0.0000,0.0000,0.0000,0.0000,0.000000000,0.000000000,-0.000000000,0.0000,0.0000,0.0000,0.0000,0.0000,0.0000,0.0000,0.0000,0.0000,00000000,21*e1e9d9a5
#RAWIMUA,ICOM3,0,91.8,FINESTEERING,2427,544647.726,00000000,0000,797;2427,544647.726118000,1a290053,1167784,271276,-518287,-17343,2749,-20972*a5753e24
#INSPVAXA,ICOM3,0,91.8,FINESTEERING,2427,544647.740,00000000,02d6,797;WAITING_AZIMUTH,NONE,0.00000000000,0.00000000000,0.0000,0.0000,0.0000,0.0000,0.0000,0.000000000,0.000000000,-0.000000000,0.0000,0.0000,0.0000,0.0000,0.0000,0.0000,0.0000,0.0000,0.0000,00000000,21*629cedec
#RAWIMUA,ICOM3,0,91.8,FINESTEERING,2427,544647.736,00000000,0000,797;2427,544647.736085000,1a290054,1169045,271062,-519597,-20622,-1598,-19253*878e2dec
#INSPVAXA,ICOM3,0,91.8,FINESTEERING,2427,544647.750,00000000,02e0,797;WAITING_AZIMUTH,NONE,0.00000000000,0.00000000000,0.0000,0.0000,0.0000,0.0000,0.0000,0.000000000,0.000000000,-0.000000000,0.0000,0.0000,0.0000,0.0000,0.0000,0.0000,0.0000,0.0000,0.0000,00000000,21*994b19d3
#RAWIMUA,ICOM3,0,91.8,FINESTEERING,2427,544647.746,00000000,0000,797;2427,544647.746077000,1a270055,1169221,270694,-517428,-19704,4294,-8024*d4ea163c
#INSPVAXA,ICOM3,0,91.8,FINESTEERING,2427,544647.760,00000000,02ea,797;WAITING_AZIMUTH,NONE,0.00000000000,0.00000000000,0.0000,0.0000,0.0000,0.0000,0.0000,0.000000000,0.000000000,-0.000000000,0.0000,0.0000,0.0000,0.0000,0.0000,0.0000,0.0000,0.0000,0.0000,00000000,21*63edf64d
#RAWIMUA,ICOM3,0,91.8,FINESTEERING,2427,544647.756,00000000,0000,797;2427,544647.756068000,1a270056,1167763,271001,-519432,-23704,-10783,-1491*1b4a6050
#INSPVAXA,ICOM3,0,91.8,FINESTEERING,2427,544647.770,00000000,02f4,797;WAITING_AZIMUTH,NONE,0.00000000000,0.00000000000,0.0000,0.0000,0.0000,0.0000,0.0000,0.000000000,0.000000000,-0.000000000,0.0000,0.0000,0.0000,0.0000,0.0000,0.0000,0.0000,0.0000,0.0000,00000000,21*58cba956
#RAWIMUA,ICOM3,0,91.8,FINESTEERING,2427,544647.766,00000000,0000,797;2427,544647.766098000,1a280057,1168365,269846,-517253,-29409,-3086,7475*5fdb61d0
#INSPVAXA,ICOM3,0,91.8,FINESTEERING,2427,544647.780,00000000,02fe,797;WAITING_AZIMUTH,NONE,0.00000000000,0.00000000000,0.0000,0.0000,0.0000,0.0000,0.0000,0.000000000,0.000000000,-0.000000000,0.0000,0.0000,0.0000,0.0000,0.0000,0.0000,0.0000,0.0000,0.0000,00000000,21*77496052
#RAWIMUA,ICOM3,0,91.8,FINESTEERING,2427,544647.776,00000000,0000,797;2427,544647.776084000,1a250058,1169821,271075,-518384,-22065,7222,-9984*dbf073b6
#INSPVAXA,ICOM3,0,91.8,FINESTEERING,2427,544647.790,00000000,0308,797;WAITING_AZIMUTH,NONE,0.00000000000,0.00000000000,0.0000,0.0000,0.0000,0.0000,0.0000,0.000000000,0.000000000,-0.000000000,0.0000,0.0000,0.0000,0.0000,0.0000,0.0000,0.0000,0.0000,0.0000,00000000,21*9ac0b8db
#RAWIMUA,ICOM3,0,91.8,FINESTEERING,2427,544647.786,00000000,0000,797;2427,544647.786073000,1a250059,1167061,270591,-518212,-19802,1003,-2126*ae21323d
#INSPVAXA,ICOM3,0,91.8,FINESTEERING,2427,544647.800,00000000,0312,797;WAITING_AZIMUTH,NONE,0.00000000000,0.00000000000,0.0000,0.0000,0.0000,0.0000,0.0000,0.000000000,0.000000000,-0.000000000,0.0000,0.0000,0.0000,0.0000,0.0000,0.0000,0.0000,0.0000,0.0000,00000000,21*62ab21c0
#RAWIMUA,ICOM3,0,91.8,FINESTEERING,2427,544647.796,00000000,0000,797;2427,544647.796066000,1a27005a,1168489,269491,-519644,-26098,-4795,-119*cc4e4c09
#INSPVAXA,ICOM3,0,91.8,FINESTEERING,2427,544647.810,00000000,031c,797;WAITING_AZIMUTH,NONE,0.00000000000,0.00000000000,0.0000,0.0000,0.0000,0.0000,0.0000,0.000000000,0.000000000,-0.000000000,0.0000,0.0000,0.0000,0.0000,0.0000,0.0000,0.0000,0.0000,0.0000,00000000,21*be7c3f65
#RAWIMUA,ICOM3,0,91.8,FINESTEERING,2427,544647.806,00000000,0000,797;2427,544647.806079000,1a27005b,1170593,271780,-516785,-20917,-7226,-5875*63ea22f7
#INSPVAXA,ICOM3,0,91.8,FINESTEERING,2427,544647.820,00000000,0326,797;WAITING_AZIMUTH,NONE,0.00000000000,0.00000000000,0.0000,0.0000,0.0000,0.0000,0.0000,0.000000000,0.000000000,-0.000000000,0.0000,0.0000,0.0000,0.0000,0.0000,0.0000,0.0000,0.0000,0.0000,00000000,21*a32b9145
#RAWIMUA,ICOM3,0,91.8,FINESTEERING,2427,544647.816,00000000,0000,797;2427,544647.816105000,1a28005c,1168997,269313,-517937,-21409,-4001,-9540*feee98cc
$GPGGA,071709.80,3109.8268699,N,12127.2280442,E,4,34,0.6,6.043,M,11.031,M,0.800,1793*45
#BESTGNSSPOSA,ICOM3,0,91.8,FINESTEERING,2427,544647.800,c3e1c006,0000,797;SOL_COMPUTED,NARROW_INT,31.16378116501,121.45380073722,6.0434,11.0314,WGS84,0.0143,0.0122,0.0257,"1793",0.800,0.017,42,34,34,34,0F,00,30,37*f4d7f5ed
#HEADINGA,ICOM3,0,91.8,FINESTEERING,2427,544647.800,00000000,0000,797;SOL_COMPUTED,NONE,0.000000000,0.000000000,0.000000000,0.0,0.000000000,0.000000000,"1793",0,0,0,0,0,00,30,37*a68ccb66
#INSPVAXA,ICOM3,0,91.8,FINESTEERING,2427,544647.830,00000000,0330,797;WAITING_AZIMUTH,NONE,0.00000000000,0.00000000000,0.0000,0.0000,0.0000,0.0000,0.0000,0.000000000,0.000000000,-0.000000000,0.0000,0.0000,0.0000,0.0000,0.0000,0.0000,0.0000,0.0000,0.0000,00000000,21*58fc657a
$GPGSV,2,1,07,10,00,000,26,13,00,000,40,15,39,059,40,18,48,218,45*77
$GPGSV,2,2,07,20,13,068,38,24,67,047,45,32,12,272,40,,,,*4F
$GLGSV,3,1,09,70,17,072,42,72,24,306,39,73,49,099,47,74,27,160,39*61
$GLGSV,3,2,09,85,00,000,21,86,37,244,46,87,33,295,46,90,00,000,39*69
$GLGSV,3,3,09,91,00,000,36,,,,,,,,,,,,*51
$GAGSV,2,1,06,03,25,266,47,11,07,161,36,16,17,127,40,31,14,073,37*6A
$GAGSV,2,2,06,34,55,287,46,36,49,190,45,,,,,,,,*67
$GQGSV,1,1,03,02,00,000,30,03,43,170,44,07,53,169,37,,,,*43
$GBGSV,5,1,17,01,48,147,48,02,35,243,45,03,55,202,48,04,37,120,42*60
$GBGSV,5,2,17,06,70,042,43,07,58,191,49,10,47,193,45,11,24,268,40*62
$GBGSV,5,3,17,12,13,296,41,20,29,306,44,23,49,086,49,27,00,000,28*6E
$GBGSV,5,4,17,29,16,290,45,30,22,238,46,32,00,000,34,37,40,166,44*65
$GBGSV,5,5,17,41,22,086,43,,,,,,,,,,,,*51
$GPGSA,M,3,15,18,20,24,32,,,,,,,,1.3,0.6,1.1,1*2F
#RAWIMUA,ICOM3,0,91.8,FINESTEERING,2427,544647.826,00000000,0000,797;2427,544647.826100000,1a28005d,1168217,269436,-518790,-17311,7752,-14019*6712515d
#INSPVAXA,ICOM3,0,91.8,FINESTEERING,2427,544647.840,00000000,033a,797;WAITING_AZIMUTH,NONE,0.00000000000,0.00000000000,0.0000,0.0000,0.0000,0.0000,0.0000,0.000000000,0.000000000,-0.000000000,0.0000,0.0000,0.0000,0.0000,0.0000,0.0000,0.0000,0.0000,0.0000,00000000,21*eeb96892
#RAWIMUA,ICOM3,0,91.8,FINESTEERING,2427,544647.836,00000000,0000,797;2427,544647.836064000,1a27005e,1168514,270612,-519001,-18589,-6336,-17860*f37063c5
#INSPVAXA,ICOM3,0,91.8,FINESTEERING,2427,544647.850,00000000,0344,797;WAITING_AZIMUTH,NONE,0.00000000000,0.00000000000,0.0000,0.0000,0.0000,0.0000,0.0000,0.000000000,0.000000000,-0.000000000,0.0000,0.0000,0.0000,0.0000,0.0000,0.0000,0.0000,0.0000,0.0000,00000000,21*075e4f96
#RAWIMUA,ICOM3,0,91.8,FINESTEERING,2427,544647.846,00000000,0000,797;2427,544647.846057000,1a26005f,1167795,271526,-519372,-14163,-12948,-2216*74134bbd
#INSPVAXA,ICOM3,0,91.8,FINESTEERING,2427,544647.860,00000000,034e,797;WAITING_AZIMUTH,NONE,0.00000000000,0.00000000000,0.0000,0.0000,0.0000,0.0000,0.0000,0.000000000,0.000000000,-0.000000000,0.0000,0.0000,0.0000,0.0000,0.0000,0.0000,0.0000,0.0000,0.0000,00000000,21*fdf8a008
#RAWIMUA,ICOM3,0,91.8,FINESTEERING,2427,544647.856,00000000,0000,797;2427,544647.856076000,1a270060,1167867,270864,-519955,-27409,-4664,3593*3d05f960
#INSPVAXA,ICOM3,0,91.8,FINESTEERING,2427,544647.870,00000000,0358,797;WAITING_AZIMUTH,NONE,0.00000000000,0.00000000000,0.0000,0.0000,0.0000,0.0000,0.0000,0.000000000,0.000000000,-0.000000000,0.0000,0.0000,0.0000,0.0000,0.0000,0.0000,0.0000,0.0000,0.0000,00000000,21*008c0231
#RAWIMUA,ICOM3,0,91.8,FINESTEERING,2427,544647.866,00000000,0000,797;2427,544647.866068000,1a2a0061,1170709,269436,-518366,-23147,112,-6731*c3bfb670
#INSPVAXA,ICOM3,0,91.8,FINESTEERING,2427,544647.880,00000000,0362,797;WAITING_AZIMUTH,NONE,0.00000000000,0.00000000000,0.0000,0.0000,0.0000,0.0000,0.0000,0.000000000,0.000000000,-0.000000000,0.0000,0.0000,0.0000,0.0000,0.0000,0.0000,0.0000,0.0000,0.0000,00000000,21*02a13eab
#RAWIMUA,ICOM3,0,91.8,FINESTEERING,2427,544647.876,00000000,0000,797;2427,544647.876060000,1a2a0062,1169247,268837,-516652,-25114,-6012,-8961*3b93ffc2
#INSPVAXA,ICOM3,0,91.8,FINESTEERING,2427,544647.890,00000000,036c,797;WAITING_AZIMUTH,NONE,0.00000000000,0.00000000000,0.0000,0.0000,0.0000,0.0000,0.0000,0.000000000,0.000000000,-0.000000000,0.0000,0.0000,0.0000,0.0000,0.0000,0.0000,0.0000,0.0000,0.0000,00000000,21*de76200e
#RAWIMUA,ICOM3,0,91.8,FINESTEERING,2427,544647.886,00000000,0000,797;2427,544647.886052000,1a290063,1168927,268893,-517472,-19049,2912,-17688*39d237c6
#INSPVAXA,ICOM3,0,91.8,FINESTEERING,2427,544647.900,00000000,0376,797;WAITING_AZIMUTH,NONE,0.00000000000,0.00000000000,0.0000,0.0000,0.0000,0.0000,0.0000,0.000000000,0.000000000,-0.000000000,0.0000,0.0000,0.0000,0.0000,0.0000,0.0000,0.0000,0.0000,0.0000,00000000,21*4d61cb9c
#RAWIMUA,ICOM3,0,91.8,FINESTEERING,2427,544647.896,00000000,0000,797;2427,544647.896075000,1a290064,1169378,271155,-520025,-11147,2787,-19884*72e14271
#INSPVAXA,ICOM3,0,91.8,FINESTEERING,2427,544647.910,00000000,0380,797;WAITING_AZIMUTH,NONE,0.00000000000,0.00000000000,0.0000,0.0000,0.0000,0.0000,0.0000,0.000000000,0.000000000,-0.000000000,0.0000,0.0000,0.0000,0.0000,0.0000,0.0000,0.0000,0.0000,0.0000,00000000,21*9e5c8eec
#RAWIMUA,ICOM3,0,91.8,FINESTEERING,2427,544647.906,00000000,0000,797;2427,544647.906092000,1a290065,1166867,269377,-518395,-22098,3535,-16341*52149a81
#INSPVAXA,ICOM3,0,91.8,FINESTEERING,2427,544647.920,00000000,038a,797;WAITING_AZIMUTH,NONE,0.00000000000,0.00000000000,0.0000,0.0000,0.0000,0.0000,0.0000,0.000000000,0.000000000,-0.000000000,0.0000,0.0000,0.0000,0.0000,0.0000,0.0000,0.0000,0.0000,0.0000,00000000,21*64fa6172
#RAWIMUA,ICOM3,0,91.8,FINESTEERING,2427,544647.916,00000000,0000,797;2427,544647.916116000,1a280066,1167699,269597,-516266,-22852,-612,-7162*07958879
#INSPVAXA,ICOM3,0,91.8,FINESTEERING,2427,544647.930,00000000,0394,797;WAITING_AZIMUTH,NONE,0.00000000000,0.00000000000,0.0000,0.0000,0.0000,0.0000,0.0000,0.000000000,0.000000000,-0.000000000,0.0000,0.0000,0.0000,0.0000,0.0000,0.0000,0.0000,0.0000,0.0000,00000000,21*db040146
#RAWIMUA,ICOM3,0,91.8,FINESTEERING,2427,544647.926,00000000,0000,797;2427,544647.926057000,1a270067,1168471,267613,-517818,-13770,-3074,-31443*610d259c
#INSPVAXA,ICOM3,0,91.8,FINESTEERING,2427,544647.940,00000000,039e,797;WAITING_AZIMUTH,NONE,0.00000000000,0.00000000000,0.0000,0.0000,0.0000,0.0000,0.0000,0.000000000,0.000000000,-0.000000000,0.0000,0.0000,0.0000,0.0000,0.0000,0.0000,0.0000,0.0000,0.0000,00000000,21*6d410cae
#RAWIMUA,ICOM3,0,91.8,FINESTEERING,2427,544647.936,00000000,0000,797;2427,544647.936074000,1a220068,1168318,272247,-519184,-8885,5685,-36788*94ebc4a9
#INSPVAXA,ICOM3,0,91.8,FINESTEERING,2427,544647.950,00000000,03a8,797;WAITING_AZIMUTH,NONE,0.00000000000,0.00000000000,0.0000,0.0000,0.0000,0.0000,0.0000,0.000000000,0.000000000,-0.000000000,0.0000,0.0000,0.0000,0.0000,0.0000,0.0000,0.0000,0.0000,0.0000,00000000,21*fd8897db
#RAWIMUA,ICOM3,0,91.8,FINESTEERING,2427,544647.946,00000000,0000,797;2427,544647.946066000,1a250069,1169906,270694,-520184,-12262,-5706,-23832*225af58f
#INSPVAXA,ICOM3,0,91.8,FINESTEERING,2427,544647.960,00000000,03b2,797;WAITING_AZIMUTH,NONE,0.00000000000,0.00000000000,0.0000,0.0000,0.0000,0.0000,0.0000,0.000000000,0.000000000,-0.000000000,0.0000,0.0000,0.0000,0.0000,0.0000,0.0000,0.0000,0.0000,0.0000,00000000,21*2a818ddb
#RAWIMUA,ICOM3,0,91.8,FINESTEERING,2427,544647.956,00000000,0000,797;2427,544647.956057000,1a28006a,1169219,270234,-520408,-32524,6555,-9765*c60a5ad1
#INSPVAXA,ICOM3,0,91.8,FINESTEERING,2427,544647.970,00000000,03bc,797;WAITING_AZIMUTH,NONE,0.00000000000,0.00000000000,0.0000,0.0000,0.0000,0.0000,0.0000,0.000000000,0.000000000,-0.000000000,0.0000,0.0000,0.0000,0.0000,0.0000,0.0000,0.0000,0.0000,0.0000,00000000,21*f656937e
#RAWIMUA,ICOM3,0,91.8,FINESTEERING,2427,544647.966,00000000,0000,797;2427,544647.966049000,1a27006b,1168630,272527,-517613,-28524,2477,-2159*03be10c4
#INSPVAXA,ICOM3,0,91.8,FINESTEERING,2427,544647.980,00000000,03c6,797;WAITING_AZIMUTH,NONE,0.00000000000,0.00000000000,0.0000,0.0000,0.0000,0.0000,0.0000,0.000000000,0.000000000,-0.000000000,0.0000,0.0000,0.0000,0.0000,0.0000,0.0000,0.0000,0.0000,0.0000,00000000,21*bafd24eb
#RAWIMUA,ICOM3,0,91.8,FINESTEERING,2427,544647.976,00000000,0000,797;2427,544647.976077000,1a2c006c,1171317,270567,-516805,-22819,-1435,-2566*a4c9ab87
#INSPVAXA,ICOM3,0,91.8,FINESTEERING,2427,544647.990,00000000,03d0,797;WAITING_AZIMUTH,NONE,0.00000000000,0.00000000000,0.0000,0.0000,0.0000,0.0000,0.0000,0.000000000,0.000000000,-0.000000000,0.0000,0.0000,0.0000,0.0000,0.0000,0.0000,0.0000,0.0000,0.0000,00000000,21*173397e4
#RAWIMUA,ICOM3,0,91.8,FINESTEERING,2427,544647.986,00000000,0000,797;2427,544647.986062000,1a2e006d,1170676,266950,-518206,-23016,-2324,-22182*d6d21e38
#INSPVAXA,ICOM3,0,91.8,FINESTEERING,2427,544648.000,00000000,03da,797;WAITING_AZIMUTH,NONE,0.00000000000,0.00000000000,0.0000,0.0000,0.0000,0.0000,0.0000,0.000000000,0.000000000,-0.000000000,0.0000,0.0000,0.0000,0.0000,0.0000,0.0000,0.0000,0.0000,0.0000,00000000,22*3616b56d
#INSCALSTATUSA,ICOM3,0,91.8,FINESTEERING,2427,544648.000,00000000,0000,797;RBV,0.0000,0.0000,0.0000,45.0000,45.0000,45.0000,CALIBRATED,0*d85acf6e
#RAWIMUA,ICOM3,0,91.8,FINESTEERING,2427,544647.996,00000000,0000,797;2427,544647.996055000,1a31006e,1169454,269938,-517649,-23508,8043,-27196*8976ca91
#INSPVAXA,ICOM3,0,91.8,FINESTEERING,2427,544648.010,00000000,0000,797;WAITING_AZIMUTH,NONE,0.00000000000,0.00000000000,0.0000,0.0000,0.0000,0.0000,0.0000,0.000000000,0.000000000,-0.000000000,0.0000,0.0000,0.0000,0.0000,0.0000,0.0000,0.0000,0.0000,0.0000,00000000,22*7a659786
#RAWIMUA,ICOM3,0,91.8,FINESTEERING,2427,544648.006,00000000,0000,797;2427,544648.006083702,1a2f006f,1167920,271304,-518681,-12951,1600,-34411*5a293c90
#INSPVAXA,ICOM3,0,91.8,FINESTEERING,2427,544648.020,00000000,0006,797;WAITING_AZIMUTH,NONE,0.00000000000,0.00000000000,0.0000,0.0000,0.0000,0.0000,0.0000,0.000000000,0.000000000,-0.000000000,0.0000,0.0000,0.0000,0.0000,0.0000,0.0000,0.0000,0.0000,0.0000,00000000,22*08170e35
#RAWIMUA,ICOM3,0,91.8,FINESTEERING,2427,544648.016,00000000,0000,797;2427,544648.016136000,1a2b0070,1168737,271242,-518287,-19344,-1466,-16000*27b98770
#INSPVAXA,ICOM3,0,91.8,FINESTEERING,2427,544648.030,00000000,0010,797;WAITING_AZIMUTH,NONE,0.00000000000,0.00000000000,0.0000,0.0000,0.0000,0.0000,0.0000,0.000000000,0.000000000,-0.000000000,0.0000,0.0000,0.0000,0.0000,0.0000,0.0000,0.0000,0.0000,0.0000,00000000,22*f3c0fa0a
#RAWIMUA,ICOM3,0,91.8,FINESTEERING,2427,544648.026,00000000,0000,797;2427,544648.026133000,1a290071,1168373,269152,-517869,-20131,6631,-21320*2927d4fc
#BESTPOSA,ICOM3,0,91.8,FINESTEERING,2427,544648.000,03e1c006,0001,797;SOL_COMPUTED,NARROW_INT,31.16378117792,121.45380071601,6.0430,11.0314,WGS84,0.0115,0.0097,0.0230,"1793",1.000,0.023,42,34,34,34,0F,00,30,37*424902cc
$GPGGA,071710.00,3109.8268707,N,12127.2280430,E,4,34,0.6,6.043,M,11.031,M,1.000,1793*4F
#BESTGNSSPOSA,ICOM3,0,91.8,FINESTEERING,2427,544648.000,03e1c006,0001,797;SOL_COMPUTED,NARROW_INT,31.16378117792,121.45380071601,6.0430,11.0314,WGS84,0.0115,0.0097,0.0230,"1793",1.000,0.023,42,34,34,34,0F,00,30,37*62fd94be
#HEADINGA,ICOM3,0,91.8,FINESTEERING,2427,544648.000,00000000,0000,797;SOL_COMPUTED,NONE,0.000000000,0.000000000,0.000000000,0.0,0.000000000,0.000000000,"1793",0,0,0,0,0,00,30,37*0fce4daf
#INSPVAXA,ICOM3,0,91.8,FINESTEERING,2427,544648.040,00000000,001a,797;WAITING_AZIMUTH,NONE,0.00000000000,0.00000000000,0.0000,0.0000,0.0000,0.0000,0.0000,0.000000000,0.000000000,-0.000000000,0.0000,0.0000,0.0000,0.0000,0.0000,0.0000,0.0000,0.0000,0.0000,00000000,22*4585f7e2
$GPGSV,2,1,07,10,00,000,26,13,00,000,40,15,39,059,40,18,48,218,45*77
$GPGSV,2,2,07,20,13,068,38,24,67,047,45,32,12,272,40,,,,*4F
$GLGSV,3,1,09,70,17,072,42,72,24,306,39,73,49,099,47,74,27,160,39*61
$GLGSV,3,2,09,85,00,000,22,86,37,244,46,87,33,295,46,90,00,000,39*6A
$GLGSV,3,3,09,91,00,000,36,,,,,,,,,,,,*51
$GAGSV,2,1,06,03,25,266,47,11,07,161,36,16,17,127,40,31,14,073,37*6A
$GAGSV,2,2,06,34,55,287,46,36,49,189,45,,,,,,,,*6F
$GQGSV,1,1,03,02,00,000,30,03,43,170,44,07,53,169,37,,,,*43
$GBGSV,5,1,17,01,48,147,48,02,35,243,45,03,55,202,48,04,37,120,42*60
$GBGSV,5,2,17,06,70,042,43,07,58,191,49,10,47,193,45,11,24,268,40*62
$GBGSV,5,3,17,12,13,296,41,20,29,306,44,23,49,086,49,27,00,000,28*6E
$GBGSV,5,4,17,29,16,290,45,30,22,238,46,32,00,000,34,37,40,166,44*65
$GBGSV,5,5,17,41,22,086,43,,,,,,,,,,,,*51
$GPGSA,M,3,15,18,20,24,32,,,,,,,,1.3,0.6,1.1,1*2F
™D*  †H   ∑¥{	@´v ¿·     2   ﬁ2êÌ)?@ºâ(]^@<«ÃU
,@ÃÄ0A=   àb<<2?<⁄9º<1793  Ä?ûÓº<*""" 07≥$°>™D7 †0   ∑¥{	@´v                                           1793      07Á‰µq#RAWIMUA,ICOM3,0,91.8,FINESTEERING,2427,544648.036,00000000,0000,797;2427,544648.036097000,1a290072,1169044,271392,-519437,-19443,4228,-19917*6fa53ab3
#TRACKSTATA,ICOM3,0,91.8,FINESTEERING,2427,544648.000,00000000,0000,797;SOL_COMPUTED,NARROW_INT,0.0,109,10,0,00181444,23515357.454,2818.919,26.250,0.100,0.000,GOOD,0.000,13,0,10181d44,23207865.408,2561.798,39.500,22.100,0.000,GOOD,0.000,15,0,00101f44,21736815.938,-2097.336,39.500,23.300,0.000,GOOD,0.000,15,0,12301f64,21736819.900,-1634.169,41.750,21.200,0.000,GOOD,0.000,18,0,00101cc4,21545631.989,-2313.674,45.250,22.100,0.000,GOOD,0.000,18,0,12301ce4,21545629.096,-1802.910,45.250,20.900,0.000,GOOD,0.000,18,0,01d01d04,21545651.106,-1727.696,47.250,20.700,0.000,GOOD,0.000,20,0,00101e44,24440703.624,-2493.694,38.000,10.800,0.000,GOOD,0.000,20,0,02301e64,24440706.352,-1943.101,39.000,16.300,0.000,GOOD,0.000,24,0,00101ec4,20197979.081,-1514.331,44.750,22.100,0.000,GOOD,0.000,24,0,02301ee4,20197980.387,-1179.857,42.750,20.300,0.000,GOOD,0.000,24,0,01d01f04,20197998.229,-1130.756,47.750,21.500,0.000,GOOD,0.000,32,0,10101dc4,24779158.165,1882.513,40.000,21.900,0.000,GOOD,0.000,32,0,12301de4,24779164.993,1466.888,37.750,20.000,0.000,GOOD,0.000,32,0,01d01e04,24779181.129,1405.696,39.500,20.100,0.000,GOOD,0.000,43,3,00111d44,23051231.378,-2069.478,42.000,22.500,0.000,GOOD,0.000,43,3,10311d64,23051232.247,-1609.493,43.250,23.100,0.000,GOOD,0.000,45,13,10111e44,22458089.697,1681.887,39.000,20.200,0.000,GOOD,0.000,45,13,10311e64,22458086.860,1308.132,40.750,19.600,0.000,GOOD,0.000,46,5,10111dc4,20427202.640,957.232,46.500,22.900,0.000,GOOD,0.000,46,5,00311de4,20427208.201,744.526,47.000,23.300,0.000,GOOD,0.000,47,0,00191cc4,22184486.246,3827.314,39.000,9.900,0.000,GOOD,0.000,58,11,001916c4,24549409.241,-4351.881,22.250,0.000,0.000,GOOD,0.000,58,11,003916e4,24549448.668,-3377.336,25.000,0.000,0.000,GOOD,0.000,59,4,10111d84,21268330.623,-2618.809,46.000,21.400,0.000,GOOD,0.000,59,4,10311da4,21268333.583,-2036.924,45.000,21.600,0.000,GOOD,0.000,60,10,00111e04,21584160.958,28.714,45.750,21.600,0.000,GOOD,0.000,63,1,00191d04,21820005.723,1444.351,39.250,20.900,0.000,GOOD,0.000,63,1,00391524,21820047.975,1123.361,32.000,0.500,0.000,GOOD,0.000,64,2,00191e84,22029265.187,-1658.045,36.250,12.800,0.000,GOOD,0.000,3,0,00331fc4,26464453.176,1327.531,46.500,22.100,0.000,GOOD,0.000,3,0,12331c24,26464461.913,1017.414,45.000,20.600,0.000,GOOD,0.000,3,0,11931fe4,26464462.064,991.399,36.750,20.600,0.000,GOOD,0.000,3,0,10d31c04,26464628.636,1077.596,42.000,20.400,0.000,GOOD,0.000,11,0,00331cc4,26599366.610,-3299.642,36.000,2.400,0.000,GOOD,0.000,11,0,02331d24,26599379.074,-2527.861,40.250,19.300,0.000,GOOD,0.000,11,0,11931ce4,26599380.113,-2463.575,32.500,19.900,0.000,GOOD,0.000,11,0,00d31d04,26599545.795,-2677.884,38.750,20.000,0.000,GOOD,0.000,16,0,00331f44,27228866.214,2118.041,40.250,22.100,0.000,GOOD,0.000,16,0,023317a4,27228869.064,1623.032,35.500,0.000,0.000,GOOD,0.000,16,0,11931f64,27228875.124,1581.426,37.250,20.900,0.000,GOOD,0.000,31,0,10331c44,27584269.087,637.010,37.000,14.500,0.000,GOOD,0.000,31,0,12331ca4,27584278.002,487.942,46.000,21.300,0.000,GOOD,0.000,31,0,11931c64,27584278.774,475.500,38.000,20.800,0.000,GOOD,0.000,31,0,10d31c84,27584445.194,516.810,42.750,19.700,0.000,GOOD,0.000,34,0,00331dc4,24348767.866,247.016,45.750,22.900,0.000,GOOD,0.000,34,0,02331e24,24348774.129,189.105,49.500,22.000,0.000,GOOD,0.000,34,0,01931de4,24348776.339,184.508,42.500,20.000,0.000,GOOD,0.000,34,0,00d31e04,24348943.714,200.417,46.000,21.900,0.000,GOOD,0.000,36,0,10331d44,24777967.024,-2431.723,45.000,23.800,0.000,GOOD,0.000,36,0,02331da4,24777973.946,-1863.114,50.000,22.300,0.000,GOOD,0.000,36,0,01931d64,24777974.987,-1816.054,42.000,21.400,0.000,GOOD,0.000,36,0,00d31d84,24778142.067,-1973.779,46.500,21.500,0.000,GOOD,0.000,194,0,101d1fc4,37848754.129,-21.494,30.250,8.600,0.000,GOOD,0.000,195,0,10151f44,36634211.484,-114.308,44.000,21.800,0.000,GOOD,0.000,195,0,02351f64,36634205.282,-89.017,45.250,21.700,0.000,GOOD,0.000,195,0,01d51f84,36634224.767,-85.451,42.750,21.500,0.000,GOOD,0.000,199,0,001516c4,36992923.682,-165.339,36.750,21.700,0.000,GOOD,0.000,199,0,12351ee4,36992920.043,-128.550,44.750,21.800,0.000,GOOD,0.000,199,0,11d51f04,36992940.549,-123.360,47.000,21.700,0.000,GOOD,0.000,1,0,00941c04,37288912.694,-175.401,48.250,23.200,0.000,GOOD,0.000,1,0,00d41c24,37288912.490,-142.572,47.000,22.900,0.000,GOOD,0.000,2,0,00941c64,38319155.313,-144.734,44.750,23.000,0.000,GOOD,0.000,2,0,00d41c84,38319146.679,-117.567,44.250,22.600,0.000,GOOD,0.000,3,0,00941cc4,36927726.396,-161.521,48.250,22.900,0.000,GOOD,0.000,3,0,00d41ce4,36927721.607,-131.150,47.750,21.900,0.000,GOOD,0.000,4,0,10941d24,38154999.909,-196.610,42.000,21.500,0.000,GOOD,0.000,4,0,10d41d44,38155001.271,-159.689,45.000,22.600,0.000,GOOD,0.000,6,0,00141e44,36172288.053,262.805,42.500,22.900,0.000,GOOD,0.000,6,0,10541e64,36172294.255,213.485,44.250,22.800,0.000,GOOD,0.000,7,0,00141de4,36872487.940,730.789,48.750,21.800,0.000,GOOD,0.000,7,0,00541e04,36872491.922,593.725,46.500,20.700,0.000,GOOD,0.000,10,0,00141d84,37794982.831,860.282,45.250,22.400,0.000,GOOD,0.000,10,0,00341dc4,37794985.198,665.186,45.500,22.400,0.000,GOOD,0.000,10,0,10541da4,37794989.347,699.035,42.500,20.900,0.000,GOOD,0.000,11,0,00141ea4,25095551.948,-1313.464,40.250,21.700,0.000,GOOD,0.000,11,0,10541ec4,25095558.746,-1067.184,42.250,22.700,0.000,GOOD,0.000,12,0,00141f04,25748388.058,1965.605,41.250,21.400,0.000,GOOD,0.000,12,0,10541f24,25748394.997,1597.160,39.250,19.900,0.000,GOOD,0.000,20,0,10141e84,24629133.494,1676.171,44.250,22.800,0.000,GOOD,0.000,20,0,01341ea4,24629138.426,1262.938,45.250,20.800,0.000,GOOD,0.000,20,0,00541ec4,24629136.962,1361.852,42.750,20.700,0.000,GOOD,0.000,20,0,10f41ee4,24629129.848,1691.323,44.000,22.000,0.000,GOOD,0.000,23,0,10141d44,23035128.448,-170.738,48.750,23.300,0.000,GOOD,0.000,23,0,11341d64,23035128.734,-128.517,50.500,21.800,0.000,GOOD,0.000,23,0,00541d84,23035124.604,-138.754,46.000,21.400,0.000,GOOD,0.000,23,0,10f41da4,23035122.932,-172.186,46.000,22.000,0.000,GOOD,0.000,27,0,101c1f24,26508282.185,-2830.736,28.000,1.700,0.000,GOOD,0.000,27,0,00fc1784,26508422.091,-2856.675,30.500,0.700,0.000,GOOD,0.000,29,0,10141d04,25412482.863,-458.745,45.000,22.100,0.000,GOOD,0.000,29,0,01341d24,25412491.449,-345.875,41.750,3.600,0.000,GOOD,0.000,29,0,00541d44,25412490.667,-372.855,41.250,20.300,0.000,GOOD,0.000,29,0,10f41d64,25412480.723,-463.255,42.500,21.700,0.000,GOOD,0.000,30,0,00141de4,24841088.694,-2314.892,45.750,22.600,0.000,GOOD,0.000,30,0,01341e04,24841101.815,-1744.527,44.750,21.700,0.000,GOOD,0.000,30,0,10541e24,24841100.765,-1880.933,42.250,21.900,0.000,GOOD,0.000,30,0,10f41e44,24841086.490,-2336.101,43.000,22.100,0.000,GOOD,0.000,32,0,101c1e44,22654528.357,-94.766,34.250,10.300,0.000,GOOD,0.000,32,0,113c1e64,22654538.964,-71.780,40.500,9.000,0.000,GOOD,0.000,32,0,105c1e84,22654536.404,-76.882,39.500,8.600,0.000,GOOD,0.000,32,0,00fc16a4,22654527.183,-95.677,33.750,0.500,0.000,GOOD,0.000,37,0,00141fc4,23718410.322,2495.833,44.250,22.100,0.000,GOOD,0.000,37,0,11341fe4,23718423.710,1880.790,46.500,22.200,0.000,GOOD,0.000,37,0,00541c04,23718424.278,2028.069,47.250,21.700,0.000,GOOD,0.000,37,0,10f41c24,23718413.154,2518.568,43.750,22.600,0.000,GOOD,0.000,41,0,10141c64,25286529.691,-1834.499,42.500,22.900,0.000,GOOD,0.000,41,0,11341c84,25286552.582,-1382.490,47.750,21.900,0.000,GOOD,0.000,41,0,00541ca4,25286549.151,-1490.654,46.250,21.500,0.000,GOOD,0.000,41,0,10f41cc4,25286530.073,-1851.330,43.500,23.500,0.000,GOOD,0.000*92233497
#INSPVAXA,ICOM3,0,91.8,FINESTEERING,2427,544648.050,00000000,0024,797;WAITING_AZIMUTH,NONE,0.00000000000,0.00000000000,0.0000,0.0000,0.0000,0.0000,0.0000,0.000000000,0.000000000,-0.000000000,0.0000,0.0000,0.0000,0.0000,0.0000,0.0000,0.0000,0.0000,0.0000,00000000,22*7ea3a8f9
#RAWIMUA,ICOM3,0,91.8,FINESTEERING,2427,544648.046,00000000,0000,797;2427,544648.046110000,1a2a0073,1167761,271494,-519273,-19082,-412,-12284*6fadf3d9
#INSPVAXA,ICOM3,0,91.8,FINESTEERING,2427,544648.060,00000000,002e,797;WAITING_AZIMUTH,NONE,0.00000000000,0.00000000000,0.0000,0.0000,0.0000,0.0000,0.0000,0.000000000,0.000000000,-0.000000000,0.0000,0.0000,0.0000,0.0000,0.0000,0.0000,0.0000,0.0000,0.0000,00000000,22*84054767
#RAWIMUA,ICOM3,0,91.8,FINESTEERING,2427,544648.056,00000000,0000,797;2427,544648.056129000,1a2a0074,1169267,270548,-518739,-24754,-5189,-11257*1bc1b444
#INSPVAXA,ICOM3,0,91.8,FINESTEERING,2427,544648.070,00000000,0038,797;WAITING_AZIMUTH,NONE,0.00000000000,0.00000000000,0.0000,0.0000,0.0000,0.0000,0.0000,0.000000000,0.000000000,-0.000000000,0.0000,0.0000,0.0000,0.0000,0.0000,0.0000,0.0000,0.0000,0.0000,00000000,22*7971e55e
#RAWIMUA,ICOM3,0,91.8,FINESTEERING,2427,544648.066,00000000,0000,797;2427,544648.066098000,1a2b0075,1169764,269331,-519086,-16393,-1792,-8806*a75ed4f1
#INSPVAXA,ICOM3,0,91.8,FINESTEERING,2427,544648.080,00000000,0042,797;WAITING_AZIMUTH,NONE,0.00000000000,0.00000000000,0.0000,0.0000,0.0000,0.0000,0.0000,0.000000000,0.000000000,-0.000000000,0.0000,0.0000,0.0000,0.0000,0.0000,0.0000,0.0000,0.0000,0.0000,00000000,22*a99da1db
#RAWIMUA,ICOM3,0,91.8,FINESTEERING,2427,544648.076,00000000,0000,797;2427,544648.076127000,1a2c0076,1168475,270980,-518316,-24197,-4563,-7969*0b7357bb
#INSPVAXA,ICOM3,0,91.8,FINESTEERING,2427,544648.090,00000000,004c,797;WAITING_AZIMUTH,NONE,0.00000000000,0.00000000000,0.0000,0.0000,0.0000,0.0000,0.0000,0.000000000,0.000000000,-0.000000000,0.0000,0.0000,0.0000,0.0000,0.0000,0.0000,0.0000,0.0000,0.0000,00000000,22*754abf7e
#RAWIMUA,ICOM3,0,91.8,FINESTEERING,2427,544648.086,00000000,0000,797;2427,544648.086117000,1a270077,1168318,271692,-519112,-22951,3798,-770*5292a18c
#INSPVAXA,ICOM3,0,91.8,FINESTEERING,2427,544648.100,00000000,0056,797;WAITING_AZIMUTH,NONE,0.00000000000,0.00000000000,0.0000,0.0000,0.0000,0.0000,0.0000,0.000000000,0.000000000,-0.000000000,0.0000,0.0000,0.0000,0.0000,0.0000,0.0000,0.0000,0.0000,0.0000,00000000,22*e65d54ec
#RAWIMUA,ICOM3,0,91.8,FINESTEERING,2427,544648.096,00000000,0000,797;2427,544648.096121000,1a240078,1168217,270321,-518735,-32885,-2957,9705*4235679a
#INSPVAXA,ICOM3,0,91.8,FINESTEERING,2427,544648.110,00000000,0060,797;WAITING_AZIMUTH,NONE,0.00000000000,0.00000000000,0.0000,0.0000,0.0000,0.0000,0.0000,0.000000000,0.000000000,-0.000000000,0.0000,0.0000,0.0000,0.0000,0.0000,0.0000,0.0000,0.0000,0.0000,00000000,22*99529ffc
#RAWIMUA,ICOM3,0,91.8,FINESTEERING,2427,544648.106,00000000,0000,797;2427,544648.106146000,1a280079,1168356,265800,-516058,-21377,-1270,-5653*12fbf471
#INSPVAXA,ICOM3,0,91.8,FINESTEERING,2427,544648.120,00000000,006a,797;WAITING_AZIMUTH,NONE,0.00000000000,0.00000000000,0.0000,0.0000,0.0000,0.0000,0.0000,0.000000000,0.000000000,-0.000000000,0.0000,0.0000,0.0000,0.0000,0.0000,0.0000,0.0000,0.0000,0.0000,00000000,22*63f47062
#RAWIMUA,ICOM3,0,91.8,FINESTEERING,2427,544648.116,00000000,0000,797;2427,544648.116181000,1a2a007a,1171745,268139,-519960,-23017,13,-32882*d693defa
#INSPVAXA,ICOM3,0,91.8,FINESTEERING,2427,544648.130,00000000,0074,797;WAITING_AZIMUTH,NONE,0.00000000000,0.00000000000,0.0000,0.0000,0.0000,0.0000,0.0000,0.000000000,0.000000000,-0.000000000,0.0000,0.0000,0.0000,0.0000,0.0000,0.0000,0.0000,0.0000,0.0000,00000000,22*dc0a1056
#RAWIMUA,ICOM3,0,91.8,FINESTEERING,2427,544648.126,00000000,0000,797;2427,544648.126224000,1a28007b,1167880,272753,-518041,-17180,10977,-38053*ba8afd1e
#INSPVAXA,ICOM3,0,91.8,FINESTEERING,2427,544648.140,00000000,007e,797;WAITING_AZIMUTH,NONE,0.00000000000,0.00000000000,0.0000,0.0000,0.0000,0.0000,0.0000,0.000000000,0.000000000,-0.000000000,0.0000,0.0000,0.0000,0.0000,0.0000,0.0000,0.0000,0.0000,0.0000,00000000,22*6a4f1dbe
#RAWIMUA,ICOM3,0,91.8,FINESTEERING,2427,544648.136,00000000,0000,797;2427,544648.136220000,1a28007c,1165682,271085,-518184,-18361,-510,-10378*948bc7be
#INSPVAXA,ICOM3,0,91.8,FINESTEERING,2427,544648.150,00000000,0088,797;WAITING_AZIMUTH,NONE,0.00000000000,0.00000000000,0.0000,0.0000,0.0000,0.0000,0.0000,0.000000000,0.000000000,-0.000000000,0.0000,0.0000,0.0000,0.0000,0.0000,0.0000,0.0000,0.0000,0.0000,00000000,22*bfd10ec8
#RAWIMUA,ICOM3,0,91.8,FINESTEERING,2427,544648.146,00000000,0000,797;2427,544648.146144000,1a2d007d,1170763,271343,-520521,-17705,9265,-11879*ec57c96a
#INSPVAXA,ICOM3,0,91.8,FINESTEERING,2427,544648.160,00000000,0092,797;WAITING_AZIMUTH,NONE,0.00000000000,0.00000000000,0.0000,0.0000,0.0000,0.0000,0.0000,0.000000000,0.000000000,-0.000000000,0.0000,0.0000,0.0000,0.0000,0.0000,0.0000,0.0000,0.0000,0.0000,00000000,22*ec002be7
#RAWIMUA,ICOM3,0,91.8,FINESTEERING,2427,544648.156,00000000,0000,797;2427,544648.156224000,1a2f007e,1167380,270831,-517231,-24131,-7460,-4467*c4473126
#INSPVAXA,ICOM3,0,91.8,FINESTEERING,2427,544648.170,00000000,009c,797;WAITING_AZIMUTH,NONE,0.00000000000,0.00000000000,0.0000,0.0000,0.0000,0.0000,0.0000,0.000000000,0.000000000,-0.000000000,0.0000,0.0000,0.0000,0.0000,0.0000,0.0000,0.0000,0.0000,0.0000,00000000,22*30d73542
#RAWIMUA,ICOM3,0,91.8,FINESTEERING,2427,544648.166,00000000,0000,797;2427,544648.166160000,1a2b007f,1167480,270306,-517324,-23115,-4595,7471*1f1b8267
#INSPVAXA,ICOM3,0,91.8,FINESTEERING,2427,544648.180,00000000,00a6,797;WAITING_AZIMUTH,NONE,0.00000000000,0.00000000000,0.0000,0.0000,0.0000,0.0000,0.0000,0.000000000,0.000000000,-0.000000000,0.0000,0.0000,0.0000,0.0000,0.0000,0.0000,0.0000,0.0000,0.0000,00000000,22*11c1bb9b
#RAWIMUA,ICOM3,0,91.8,FINESTEERING,2427,544648.176,00000000,0000,797;2427,544648.176139000,1a2a0080,1170814,270411,-519001,-25082,-2622,-209*c02d193b
#INSPVAXA,ICOM3,0,91.8,FINESTEERING,2427,544648.190,00000000,00b0,797;WAITING_AZIMUTH,NONE,0.00000000000,0.00000000000,0.0000,0.0000,0.0000,0.0000,0.0000,0.000000000,0.000000000,-0.000000000,0.0000,0.0000,0.0000,0.0000,0.0000,0.0000,0.0000,0.0000,0.0000,00000000,22*6ece708b
#RAWIMUA,ICOM3,0,91.8,FINESTEERING,2427,544648.186,00000000,0000,797;2427,544648.186130000,1a2c0081,1168675,270027,-518568,-20295,-512,-6997*f346cb48
#INSPVAXA,ICOM3,0,91.8,FINESTEERING,2427,544648.200,00000000,00ba,797;WAITING_AZIMUTH,NONE,0.00000000000,0.00000000000,0.0000,0.0000,0.0000,0.0000,0.0000,0.000000000,0.000000000,-0.000000000,0.0000,0.0000,0.0000,0.0000,0.0000,0.0000,0.0000,0.0000,0.0000,00000000,22*2fdd7d5d
#RAWIMUA,ICOM3,0,91.8,FINESTEERING,2427,544648.196,00000000,0000,797;2427,544648.196123000,1a2e0082,1168503,268237,-517661,-23410,-6176,-7418*b15be4a8
#INSPVAXA,ICOM3,0,91.8,FINESTEERING,2427,544648.210,00000000,00c4,797;WAITING_AZIMUTH,NONE,0.00000000000,0.00000000000,0.0000,0.0000,0.0000,0.0000,0.0000,0.000000000,0.000000000,-0.000000000,0.0000,0.0000,0.0000,0.0000,0.0000,0.0000,0.0000,0.0000,0.0000,00000000,22*90231d69
#RAWIMUA,ICOM3,0,91.8,FINESTEERING,2427,544648.206,00000000,0000,797;2427,544648.206142000,1a2e0083,1169405,268616,-515928,-19574,575,-19770*52dc239b
#INSPVAXA,ICOM3,0,91.8,FINESTEERING,2427,544648.220,00000000,00ce,797;WAITING_AZIMUTH,NONE,0.00000000000,0.00000000000,0.0000,0.0000,0.0000,0.0000,0.0000,0.000000000,0.000000000,-0.000000000,0.0000,0.0000,0.0000,0.0000,0.0000,0.0000,0.0000,0.0000,0.0000,00000000,22*6a85f2f7
#RAWIMUA,ICOM3,0,91.8,FINESTEERING,2427,544648.216,00000000,0000,797;2427,544648.216165000,1a2f0084,1170828,270204,-517128,-22492,5279,-22117*d631d5b1
$GPGGA,071710.20,3109.8268710,N,12127.2280434,E,4,34,0.6,6.042,M,11.031,M,1.200,1793*4C
#BESTGNSSPOSA,ICOM3,0,85.7,FINESTEERING,2427,544648.200,03e1c006,0000,797;SOL_COMPUTED,NARROW_INT,31.16378118282,121.45380072273,6.0416,11.0314,WGS84,0.0123,0.0104,0.0237,"1793",1.200,0.016,42,34,34,34,0F,00,30,37*ea22b61d
#HEADINGA,ICOM3,0,85.7,FINESTEERING,2427,544648.200,00000000,0000,797;SOL_COMPUTED,NONE,0.000000000,0.000000000,0.000000000,0.0,0.000000000,0.000000000,"1793",0,0,0,0,0,00,30,37*31f07272
#INSPVAXA,ICOM3,0,85.7,FINESTEERING,2427,544648.230,00000000,00d8,797;WAITING_AZIMUTH,NONE,0.00000000000,0.00000000000,0.0000,0.0000,0.0000,0.0000,0.0000,0.000000000,0.000000000,-0.000000000,0.0000,0.0000,0.0000,0.0000,0.0000,0.0000,0.0000,0.0000,0.0000,00000000,22*e596c675
$GPGSV,2,1,07,10,00,000,27,13,00,000,40,15,39,059,40,18,48,218,45*76
$GPGSV,2,2,07,20,13,068,38,24,67,047,45,32,12,272,40,,,,*4F
$GLGSV,3,1,09,70,17,072,42,72,24,306,39,73,49,099,47,74,27,160,39*61
$GLGSV,3,2,09,85,00,000,23,86,37,244,46,87,33,295,46,90,00,000,40*65
$GLGSV,3,3,09,91,00,000,36,,,,,,,,,,,,*51
$GAGSV,2,1,06,03,25,266,46,11,07,161,36,16,17,127,40,31,14,073,37*6B
$GAGSV,2,2,06,34,55,287,46,36,49,189,45,,,,,,,,*6F
$GQGSV,1,1,03,02,00,000,30,03,43,170,44,07,53,169,37,,,,*43
$GBGSV,5,1,17,01,48,147,48,02,35,243,45,03,55,202,48,04,37,120,42*60
$GBGSV,5,2,17,06,70,042,43,07,58,191,49,10,47,193,45,11,24,268,40*62
$GBGSV,5,3,17,12,13,296,41,20,29,306,44,23,49,086,49,27,00,000,28*6E
$GBGSV,5,4,17,29,16,290,45,30,22,238,46,32,00,000,34,37,40,166,44*65
$GBGSV,5,5,17,41,22,086,43,,,,,,,,,,,,*51
$GPGSA,M,3,15,18,20,24,32,,,,,,,,1.3,0.6,1.1,1*2F
#RAWIMUA,ICOM3,0,85.7,FINESTEERING,2427,544648.226,00000000,0000,797;2427,544648.226145000,1a340085,1167895,271099,-519433,-20033,-1993,-18600*08da5e49
#INSPVAXA,ICOM3,0,85.7,FINESTEERING,2427,544648.240,00000000,00e2,797;WAITING_AZIMUTH,NONE,0.00000000000,0.00000000000,0.0000,0.0000,0.0000,0.0000,0.0000,0.000000000,0.000000000,-0.000000000,0.0000,0.0000,0.0000,0.0000,0.0000,0.0000,0.0000,0.0000,0.0000,00000000,22*faa4012c
#RAWIMUA,ICOM3,0,85.7,FINESTEERING,2427,544648.236,00000000,0000,797;2427,544648.236123000,1a310086,1167554,271147,-518219,-25411,-3215,-6553*f119fa94
#INSPVAXA,ICOM3,0,85.7,FINESTEERING,2427,544648.250,00000000,00ec,797;WAITING_AZIMUTH,NONE,0.00000000000,0.00000000000,0.0000,0.0000,0.0000,0.0000,0.0000,0.000000000,0.000000000,-0.000000000,0.0000,0.0000,0.0000,0.0000,0.0000,0.0000,0.0000,0.0000,0.0000,00000000,22*26731f89
#RAWIMUA,ICOM3,0,85.7,FINESTEERING,2427,544648.246,00000000,0000,797;2427,544648.246116000,1a330087,1170595,269516,-519975,-17542,-905,-13764*14ad55ad
#INSPVAXA,ICOM3,0,85.7,FINESTEERING,2427,544648.260,00000000,00f6,797;WAITING_AZIMUTH,NONE,0.00000000000,0.00000000000,0.0000,0.0000,0.0000,0.0000,0.0000,0.000000000,0.000000000,-0.000000000,0.0000,0.0000,0.0000,0.0000,0.0000,0.0000,0.0000,0.0000,0.0000,00000000,22*3b24b1a9
#RAWIMUA,ICOM3,0,85.7,FINESTEERING,2427,544648.256,00000000,0000,797;2427,544648.256138000,1a310088,1166457,272473,-516987,-21345,-7688,-9461*46ed8dc3
#INSPVAXA,ICOM3,0,85.7,FINESTEERING,2427,544648.270,00000000,0100,797;WAITING_AZIMUTH,NONE,0.00000000000,0.00000000000,0.0000,0.0000,0.0000,0.0000,0.0000,0.000000000,0.000000000,-0.000000000,0.0000,0.0000,0.0000,0.0000,0.0000,0.0000,0.0000,0.0000,0.0000,00000000,22*d00e3f26
#RAWIMUA,ICOM3,0,85.7,FINESTEERING,2427,544648.266,00000000,0000,797;2427,544648.266130000,1a2b0089,1168137,268276,-517169,-26394,-10589,-15259*075ee63d
#INSPVAXA,ICOM3,0,85.7,FINESTEERING,2427,544648.280,00000000,010a,797;WAITING_AZIMUTH,NONE,0.00000000000,0.00000000000,0.0000,0.0000,0.0000,0.0000,0.0000,0.000000000,0.000000000,-0.000000000,0.0000,0.0000,0.0000,0.0000,0.0000,0.0000,0.0000,0.0000,0.0000,00000000,22*ff8cf622
#RAWIMUA,ICOM3,0,85.7,FINESTEERING,2427,544648.276,00000000,0000,797;2427,544648.276121000,1a2a008a,1170382,268717,-518357,-21509,2186,-29423*bb29c2ba
#INSPVAXA,ICOM3,0,85.7,FINESTEERING,2427,544648.290,00000000,0114,797;WAITING_AZIMUTH,NONE,0.00000000000,0.00000000000,0.0000,0.0000,0.0000,0.0000,0.0000,0.000000000,0.000000000,-0.000000000,0.0000,0.0000,0.0000,0.0000,0.0000,0.0000,0.0000,0.0000,0.0000,00000000,22*40729616
#RAWIMUA,ICOM3,0,85.7,FINESTEERING,2427,544648.286,00000000,0000,797;2427,544648.286114000,1a2a008b,1169185,271877,-517146,-15411,3244,-43146*66d0f1e1
#INSPVAXA,ICOM3,0,85.7,FINESTEERING,2427,544648.300,00000000,011e,797;WAITING_AZIMUTH,NONE,0.00000000000,0.00000000000,0.0000,0.0000,0.0000,0.0000,0.0000,0.000000000,0.000000000,-0.000000000,0.0000,0.0000,0.0000,0.0000,0.0000,0.0000,0.0000,0.0000,0.0000,00000000,22*b04c0315
#RAWIMUA,ICOM3,0,85.7,FINESTEERING,2427,544648.296,00000000,0000,797;2427,544648.296136000,1a2a008c,1168502,270622,-520970,-17411,-8080,-33047*ec98d8b0
#INSPVAXA,ICOM3,0,85.7,FINESTEERING,2427,544648.310,00000000,0128,797;WAITING_AZIMUTH,NONE,0.00000000000,0.00000000000,0.0000,0.0000,0.0000,0.0000,0.0000,0.000000000,0.000000000,-0.000000000,0.0000,0.0000,0.0000,0.0000,0.0000,0.0000,0.0000,0.0000,0.0000,00000000,22*c9e09e03
#RAWIMUA,ICOM3,0,85.7,FINESTEERING,2427,544648.306,00000000,0000,797;2427,544648.306159000,1a25008d,1168608,271403,-518518,-16919,3045,-26066*59c7bbfe
#INSPVAXA,ICOM3,0,85.7,FINESTEERING,2427,544648.320,00000000,0132,797;WAITING_AZIMUTH,NONE,0.00000000000,0.00000000000,0.0000,0.0000,0.0000,0.0000,0.0000,0.000000000,0.000000000,-0.000000000,0.0000,0.0000,0.0000,0.0000,0.0000,0.0000,0.0000,0.0000,0.0000,00000000,22*9a31bb2c
#RAWIMUA,ICOM3,0,85.7,FINESTEERING,2427,544648.316,00000000,0000,797;2427,544648.316198000,1a24008e,1168634,271478,-517765,-26919,-8219,-20669*191fddc3
#INSPVAXA,ICOM3,0,85.7,FINESTEERING,2427,544648.330,00000000,013c,797;WAITING_AZIMUTH,NONE,0.00000000000,0.00000000000,0.0000,0.0000,0.0000,0.0000,0.0000,0.000000000,0.000000000,-0.000000000,0.0000,0.0000,0.0000,0.0000,0.0000,0.0000,0.0000,0.0000,0.0000,00000000,22*46e6a589
#RAWIMUA,ICOM3,0,85.7,FINESTEERING,2427,544648.326,00000000,0000,797;2427,544648.326116000,1a26008f,1167529,268749,-518815,-16427,4033,-19129*41f7e7e8
#INSPVAXA,ICOM3,0,85.7,FINESTEERING,2427,544648.340,00000000,0146,797;WAITING_AZIMUTH,NONE,0.00000000000,0.00000000000,0.0000,0.0000,0.0000,0.0000,0.0000,0.000000000,0.000000000,-0.000000000,0.0000,0.0000,0.0000,0.0000,0.0000,0.0000,0.0000,0.0000,0.0000,00000000,22*c59391c0
#RAWIMUA,ICOM3,0,85.7,FINESTEERING,2427,544648.336,00000000,0000,797;2427,544648.336135000,1a290090,1169113,272697,-519813,-21312,2976,-20649*ae3a3a74
#INSPVAXA,ICOM3,0,85.7,FINESTEERING,2427,544648.350,00000000,0150,797;WAITING_AZIMUTH,NONE,0.00000000000,0.00000000000,0.0000,0.0000,0.0000,0.0000,0.0000,0.000000000,0.000000000,-0.000000000,0.0000,0.0000,0.0000,0.0000,0.0000,0.0000,0.0000,0.0000,0.0000,00000000,22*3e4465ff
#RAWIMUA,ICOM3,0,85.7,FINESTEERING,2427,544648.346,00000000,0000,797;2427,544648.346127000,1a280091,1168347,271697,-518620,-24624,-4729,-11520*a9ddcf01
#INSPVAXA,ICOM3,0,85.7,FINESTEERING,2427,544648.360,00000000,015a,797;WAITING_AZIMUTH,NONE,0.00000000000,0.00000000000,0.0000,0.0000,0.0000,0.0000,0.0000,0.000000000,0.000000000,-0.000000000,0.0000,0.0000,0.0000,0.0000,0.0000,0.0000,0.0000,0.0000,0.0000,00000000,22*c4e28a61
#RAWIMUA,ICOM3,0,85.7,FINESTEERING,2427,544648.356,00000000,0000,797;2427,544648.356119000,1a2c0092,1166602,270068,-518173,-21608,5938,-10781*9de55a9f
#INSPVAXA,ICOM3,0,85.7,FINESTEERING,2427,544648.370,00000000,0164,797;WAITING_AZIMUTH,NONE,0.00000000000,0.00000000000,0.0000,0.0000,0.0000,0.0000,0.0000,0.000000000,0.000000000,-0.000000000,0.0000,0.0000,0.0000,0.0000,0.0000,0.0000,0.0000,0.0000,0.0000,00000000,22*ffc4d57a
#RAWIMUA,ICOM3,0,85.7,FINESTEERING,2427,544648.366,00000000,0000,797;2427,544648.366111000,1a290093,1169564,270154,-518767,-19214,2714,-4125*e46dee54
#INSPVAXA,ICOM3,0,85.7,FINESTEERING,2427,544648.380,00000000,016e,797;WAITING_AZIMUTH,NONE,0.00000000000,0.00000000000,0.0000,0.0000,0.0000,0.0000,0.0000,0.000000000,0.000000000,-0.000000000,0.0000,0.0000,0.0000,0.0000,0.0000,0.0000,0.0000,0.0000,0.0000,00000000,22*d0461c7e
#RAWIMUA,ICOM3,0,85.7,FINESTEERING,2427,544648.376,00000000,0000,797;2427,544648.376135000,1a2b0094,1169069,270485,-518574,-25050,-4202,-13095*c97176f6
#INSPVAXA,ICOM3,0,85.7,FINESTEERING,2427,544648.390,00000000,0178,797;WAITING_AZIMUTH,NONE,0.00000000000,0.00000000000,0.0000,0.0000,0.0000,0.0000,0.0000,0.000000000,0.000000000,-0.000000000,0.0000,0.0000,0.0000,0.0000,0.0000,0.0000,0.0000,0.0000,0.0000,00000000,22*2d32be47
#RAWIMUA,ICOM3,0,85.7,FINESTEERING,2427,544648.386,00000000,0000,797;2427,544648.386127000,1a2c0095,1167328,270881,-518577,-22755,-4760,-10960*a3c05f8a
#INSPVAXA,ICOM3,0,85.7,FINESTEERING,2427,544648.400,00000000,0182,797;WAITING_AZIMUTH,NONE,0.00000000000,0.00000000000,0.0000,0.0000,0.0000,0.0000,0.0000,0.000000000,0.000000000,-0.000000000,0.0000,0.0000,0.0000,0.0000,0.0000,0.0000,0.0000,0.0000,0.0000,00000000,22*5496ff84
#RAWIMUA,ICOM3,0,85.7,FINESTEERING,2427,544648.396,00000000,0000,797;2427,544648.396118000,1a260096,1169283,271938,-520330,-21837,-5088,-7216*1a04785e
#INSPVAXA,ICOM3,0,85.7,FINESTEERING,2427,544648.410,00000000,018c,797;WAITING_AZIMUTH,NONE,0.00000000000,0.00000000000,0.0000,0.0000,0.0000,0.0000,0.0000,0.000000000,0.000000000,-0.000000000,0.0000,0.0000,0.0000,0.0000,0.0000,0.0000,0.0000,0.0000,0.0000,00000000,22*8841e121
#RAWIMUA,ICOM3,0,85.7,FINESTEERING,2427,544648.406,00000000,0000,797;2427,544648.406145000,1a290097,1168152,269830,-518729,-21313,6530,-13537*0dff3868
#INSPVAXA,ICOM3,0,85.7,FINESTEERING,2427,544648.420,00000000,0196,797;WAITING_AZIMUTH,NONE,0.00000000000,0.00000000000,0.0000,0.0000,0.0000,0.0000,0.0000,0.000000000,0.000000000,-0.000000000,0.0000,0.0000,0.0000,0.0000,0.0000,0.0000,0.0000,0.0000,0.0000,00000000,22*11ce702e
#RAWIMUA,ICOM3,0,85.7,FINESTEERING,2427,544648.416,00000000,0000,797;2427,544648.416151000,1a2d0098,1169296,271045,-518252,-25378,1064,-194*2a0ae155
#INSPVAXA,ICOM3,0,85.7,FINESTEERING,2427,544648.430,00000000,01a0,797;WAITING_AZIMUTH,NONE,0.00000000000,0.00000000000,0.0000,0.0000,0.0000,0.0000,0.0000,0.000000000,0.000000000,-0.000000000,0.0000,0.0000,0.0000,0.0000,0.0000,0.0000,0.0000,0.0000,0.0000,00000000,22*87a4bd5d
$GPGGA,071710.40,3109.8268715,N,12127.2280429,E,4,34,0.6,6.042,M,11.031,M,1.400,1793*45
#BESTGNSSPOSA,ICOM3,0,85.7,FINESTEERING,2427,544648.400,03e1c006,0000,797;SOL_COMPUTED,NARROW_INT,31.16378119221,121.45380071488,6.0420,11.0314,WGS84,0.0130,0.0110,0.0244,"1793",1.400,0.020,42,34,34,34,0F,00,30,37*f90951ec
#HEADINGA,ICOM3,0,85.7,FINESTEERING,2427,544648.400,00000000,0000,797;SOL_COMPUTED,NONE,0.000000000,0.000000000,0.000000000,0.0,0.000000000,0.000000000,"1793",0,0,0,0,0,00,30,37*075b38ba
#RAWIMUA,ICOM3,0,85.7,FINESTEERING,2427,544648.426,00000000,0000,797;2427,544648.426135000,1a2e0099,1169926,272215,-518923,-15739,-3570,-3493*063fefe3
$GPGSV,2,1,07,10,00,000,26,13,00,000,40,15,39,059,40,18,48,218,45*77
$GPGSV,2,2,07,20,13,068,38,24,67,047,45,32,12,272,40,,,,*4F
$GLGSV,3,1,09,70,17,072,42,72,24,306,39,73,49,099,47,74,27,160,39*61
$GLGSV,3,2,09,85,00,000,23,86,37,244,46,87,33,295,45,90,00,000,40*66
$GLGSV,3,3,09,91,00,000,36,,,,,,,,,,,,*51
$GAGSV,2,1,06,03,25,266,46,11,07,161,36,16,17,127,40,31,14,073,37*6B
$GAGSV,2,2,06,34,55,287,46,36,49,189,45,,,,,,,,*6F
$GQGSV,1,1,03,02,00,000,30,03,43,170,44,07,53,169,37,,,,*43
$GBGSV,5,1,17,01,48,147,48,02,35,243,45,03,55,202,48,04,37,120,42*60
$GBGSV,5,2,17,06,70,042,43,07,58,191,49,10,47,193,45,11,24,268,40*62
$GBGSV,5,3,17,12,13,296,41,20,29,306,44,23,49,086,49,27,00,000,28*6E
$GBGSV,5,4,17,29,16,290,45,30,22,238,46,32,00,000,34,37,40,166,44*65
$GBGSV,5,5,17,41,22,086,43,,,,,,,,,,,,*51
$GPGSA,M,3,15,18,20,24,32,,,,,,,,1.3,0.6,1.1,1*2F
#INSPVAXA,ICOM3,0,85.7,FINESTEERING,2427,544648.440,00000000,01aa,797;WAITING_AZIMUTH,NONE,0.00000000000,0.00000000000,0.0000,0.0000,0.0000,0.0000,0.0000,0.000000000,0.000000000,-0.000000000,0.0000,0.0000,0.0000,0.0000,0.0000,0.0000,0.0000,0.0000,0.0000,00000000,22*31e1b0b5
#RAWIMUA,ICOM3,0,85.7,FINESTEERING,2427,544648.436,00000000,0000,797;2427,544648.436159000,1a2f009a,1168995,268564,-517633,-26723,-1373,-9273*25ff1ed0
#INSPVAXA,ICOM3,0,85.7,FINESTEERING,2427,544648.450,00000000,01b4,797;WAITING_AZIMUTH,NONE,0.00000000000,0.00000000000,0.0000,0.0000,0.0000,0.0000,0.0000,0.000000000,0.000000000,-0.000000000,0.0000,0.0000,0.0000,0.0000,0.0000,0.0000,0.0000,0.0000,0.0000,00000000,22*0ac7efae
#RAWIMUA,ICOM3,0,85.7,FINESTEERING,2427,544648.446,00000000,0000,797;2427,544648.446107000,1a30009b,1167421,270659,-517951,-16198,1104,-19011*13ff2af1
#INSPVAXA,ICOM3,0,85.7,FINESTEERING,2427,544648.460,00000000,01be,797;WAITING_AZIMUTH,NONE,0.00000000000,0.00000000000,0.0000,0.0000,0.0000,0.0000,0.0000,0.000000000,0.000000000,-0.000000000,0.0000,0.0000,0.0000,0.0000,0.0000,0.0000,0.0000,0.0000,0.0000,00000000,22*f0610030
#RAWIMUA,ICOM3,0,85.7,FINESTEERING,2427,544648.456,00000000,0000,797;2427,544648.456128000,1a31009c,1169728,270351,-518737,-19214,-5679,-22033*12ce85c8
#INSPVAXA,ICOM3,0,85.7,FINESTEERING,2427,544648.470,00000000,01c8,797;WAITING_AZIMUTH,NONE,0.00000000000,0.00000000000,0.0000,0.0000,0.0000,0.0000,0.0000,0.000000000,0.000000000,-0.000000000,0.0000,0.0000,0.0000,0.0000,0.0000,0.0000,0.0000,0.0000,0.0000,00000000,22*0d15a209
#RAWIMUA,ICOM3,0,85.7,FINESTEERING,2427,544648.466,00000000,0000,797;2427,544648.466118000,1a2f009d,1168751,271195,-519533,-16657,-312,-17901*ec6dd637
#INSPVAXA,ICOM3,0,85.7,FINESTEERING,2427,544648.480,00000000,01d2,797;WAITING_AZIMUTH,NONE,0.00000000000,0.00000000000,0.0000,0.0000,0.0000,0.0000,0.0000,0.000000000,0.000000000,-0.000000000,0.0000,0.0000,0.0000,0.0000,0.0000,0.0000,0.0000,0.0000,0.0000,00000000,22*ddf9e68c
#RAWIMUA,ICOM3,0,85.7,FINESTEERING,2427,544648.476,00000000,0000,797;2427,544648.476112000,1a29009e,1167248,270043,-520273,-24952,-3676,-3763*660db562
#INSPVAXA,ICOM3,0,85.7,FINESTEERING,2427,544648.490,00000000,01dc,797;WAITING_AZIMUTH,NONE,0.00000000000,0.00000000000,0.0000,0.0000,0.0000,0.0000,0.0000,0.000000000,0.000000000,-0.000000000,0.0000,0.0000,0.0000,0.0000,0.0000,0.0000,0.0000,0.0000,0.0000,00000000,22*012ef829
#RAWIMUA,ICOM3,0,85.7,FINESTEERING,2427,544648.486,00000000,0000,797;2427,544648.486134000,1a26009f,1170917,270898,-519400,-21772,-7458,-2530*a8273d78
#INSPVAXA,ICOM3,0,85.7,FINESTEERING,2427,544648.500,00000000,01e6,797;WAITING_AZIMUTH,NONE,0.00000000000,0.00000000000,0.0000,0.0000,0.0000,0.0000,0.0000,0.000000000,0.000000000,-0.000000000,0.0000,0.0000,0.0000,0.0000,0.0000,0.0000,0.0000,0.0000,0.0000,00000000,22*923913bb
#RAWIMUA,ICOM3,0,85.7,FINESTEERING,2427,544648.496,00000000,0000,797;2427,544648.496126000,1a2c00a0,1167613,271221,-517498,-25116,-2524,1399*b482ea18
#INSPVAXA,ICOM3,0,85.7,FINESTEERING,2427,544648.510,00000000,01f0,797;WAITING_AZIMUTH,NONE,0.00000000000,0.00000000000,0.0000,0.0000,0.0000,0.0000,0.0000,0.000000000,0.000000000,-0.000000000,0.0000,0.0000,0.0000,0.0000,0.0000,0.0000,0.0000,0.0000,0.0000,00000000,22*ed36d8ab
#RAWIMUA,ICOM3,0,85.7,FINESTEERING,2427,544648.506,00000000,0000,797;2427,544648.506141000,1a3200a1,1169295,270031,-518142,-30887,3001,9599*dcf4ed70
#INSPVAXA,ICOM3,0,85.7,FINESTEERING,2427,544648.520,00000000,01fa,797;WAITING_AZIMUTH,NONE,0.00000000000,0.00000000000,0.0000,0.0000,0.0000,0.0000,0.0000,0.000000000,0.000000000,-0.000000000,0.0000,0.0000,0.0000,0.0000,0.0000,0.0000,0.0000,0.0000,0.0000,00000000,22*17903735
#RAWIMUA,ICOM3,0,85.7,FINESTEERING,2427,544648.516,00000000,0000,797;2427,544648.516129000,1a3100a2,1170795,271154,-517139,-27608,2510,6905*5f5ccd33
#INSPVAXA,ICOM3,0,85.7,FINESTEERING,2427,544648.530,00000000,0204,797;WAITING_AZIMUTH,NONE,0.00000000000,0.00000000000,0.0000,0.0000,0.0000,0.0000,0.0000,0.000000000,0.000000000,-0.000000000,0.0000,0.0000,0.0000,0.0000,0.0000,0.0000,0.0000,0.0000,0.0000,00000000,22*13c6c8d7
#RAWIMUA,ICOM3,0,85.7,FINESTEERING,2427,544648.526,00000000,0000,797;2427,544648.526136000,1a3300a3,1168219,268650,-518814,-17149,3176,1988*cb82e3c2
#INSPVAXA,ICOM3,0,85.7,FINESTEERING,2427,544648.540,00000000,020e,797;WAITING_AZIMUTH,NONE,0.00000000000,0.00000000000,0.0000,0.0000,0.0000,0.0000,0.0000,0.000000000,0.000000000,-0.000000000,0.0000,0.0000,0.0000,0.0000,0.0000,0.0000,0.0000,0.0000,0.0000,00000000,22*a583c53f
#RAWIMUA,ICOM3,0,85.7,FINESTEERING,2427,544648.536,00000000,0000,797;2427,544648.536123000,1a2e00a4,1169301,268945,-518622,-27674,-452,-7135*13a182a1
#INSPVAXA,ICOM3,0,85.7,FINESTEERING,2427,544648.550,00000000,0218,797;WAITING_AZIMUTH,NONE,0.00000000000,0.00000000000,0.0000,0.0000,0.0000,0.0000,0.0000,0.000000000,0.000000000,-0.000000000,0.0000,0.0000,0.0000,0.0000,0.0000,0.0000,0.0000,0.0000,0.0000,00000000,22*58f76706
#RAWIMUA,ICOM3,0,85.7,FINESTEERING,2427,544648.546,00000000,0000,797;2427,544648.546116000,1a2b00a5,1168653,268516,-516221,-20395,-2718,-18966*b3612554
#INSPVAXA,ICOM3,0,85.7,FINESTEERING,2427,544648.560,00000000,0222,797;WAITING_AZIMUTH,NONE,0.00000000000,0.00000000000,0.0000,0.0000,0.0000,0.0000,0.0000,0.000000000,0.000000000,-0.000000000,0.0000,0.0000,0.0000,0.0000,0.0000,0.0000,0.0000,0.0000,0.0000,00000000,22*8ffe7d06
#RAWIMUA,ICOM3,0,85.7,FINESTEERING,2427,544648.556,00000000,0000,797;2427,544648.556109000,1a2a00a6,1170280,268820,-517998,-10657,-1986,-29896*13ec3a3e
#INSPVAXA,ICOM3,0,85.7,FINESTEERING,2427,544648.570,00000000,022c,797;WAITING_AZIMUTH,NONE,0.00000000000,0.00000000000,0.0000,0.0000,0.0000,0.0000,0.0000,0.000000000,0.000000000,-0.000000000,0.0000,0.0000,0.0000,0.0000,0.0000,0.0000,0.0000,0.0000,0.0000,00000000,22*532963a3
#RAWIMUA,ICOM3,0,85.7,FINESTEERING,2427,544648.566,00000000,0000,797;2427,544648.566130000,1a2a00a7,1168701,272359,-517972,-8526,3808,-37326*4a28ee62
#INSPVAXA,ICOM3,0,85.7,FINESTEERING,2427,544648.580,00000000,0236,797;WAITING_AZIMUTH,NONE,0.00000000000,0.00000000000,0.0000,0.0000,0.0000,0.0000,0.0000,0.000000000,0.000000000,-0.000000000,0.0000,0.0000,0.0000,0.0000,0.0000,0.0000,0.0000,0.0000,0.0000,00000000,22*1f82d436
#RAWIMUA,ICOM3,0,85.7,FINESTEERING,2427,544648.576,00000000,0000,797;2427,544648.576121000,1a2c00a8,1168819,272337,-519842,-12854,-5345,-12041*42623484
#INSPVAXA,ICOM3,0,85.7,FINESTEERING,2427,544648.590,00000000,0240,797;WAITING_AZIMUTH,NONE,0.00000000000,0.00000000000,0.0000,0.0000,0.0000,0.0000,0.0000,0.000000000,0.000000000,-0.000000000,0.0000,0.0000,0.0000,0.0000,0.0000,0.0000,0.0000,0.0000,0.0000,00000000,22*b24c6739
#RAWIMUA,ICOM3,0,85.7,FINESTEERING,2427,544648.586,00000000,0000,797;2427,544648.586113000,1a3000a9,1167713,268302,-520614,-24264,6725,-15215*a900c088
#INSPVAXA,ICOM3,0,85.7,FINESTEERING,2427,544648.600,00000000,024a,797;WAITING_AZIMUTH,NONE,0.00000000000,0.00000000000,0.0000,0.0000,0.0000,0.0000,0.0000,0.000000000,0.000000000,-0.000000000,0.0000,0.0000,0.0000,0.0000,0.0000,0.0000,0.0000,0.0000,0.0000,00000000,22*f35f6aef
#RAWIMUA,ICOM3,0,85.7,FINESTEERING,2427,544648.596,00000000,0000,797;2427,544648.596106000,1a3200aa,1169680,270533,-517164,-21707,-1435,-9107*9f2f0694
#INSPVAXA,ICOM3,0,85.7,FINESTEERING,2427,544648.610,00000000,0254,797;WAITING_AZIMUTH,NONE,0.00000000000,0.00000000000,0.0000,0.0000,0.0000,0.0000,0.0000,0.000000000,0.000000000,-0.000000000,0.0000,0.0000,0.0000,0.0000,0.0000,0.0000,0.0000,0.0000,0.0000,00000000,22*4ca10adb
#RAWIMUA,ICOM3,0,85.7,FINESTEERING,2427,544648.606,00000000,0000,797;2427,544648.606145000,1a3300ab,1168307,269645,-517743,-23609,-4234,-8694*7e919034
#INSPVAXA,ICOM3,0,85.7,FINESTEERING,2427,544648.620,00000000,025e,797;WAITING_AZIMUTH,NONE,0.00000000000,0.00000000000,0.0000,0.0000,0.0000,0.0000,0.0000,0.000000000,0.000000000,-0.000000000,0.0000,0.0000,0.0000,0.0000,0.0000,0.0000,0.0000,0.0000,0.0000,00000000,22*b607e545
#RAWIMUA,ICOM3,0,85.7,FINESTEERING,2427,544648.616,00000000,0000,797;2427,544648.616147000,1a3000ac,1167631,271168,-519204,-24068,439,-10710*0d5c7034
$GPGGA,071710.60,3109.8268721,N,12127.2280419,E,4,34,0.6,6.043,M,11.031,M,0.600,1793*41
#BESTGNSSPOSA,ICOM3,0,85.7,FINESTEERING,2427,544648.600,03e1c006,0000,797;SOL_COMPUTED,NARROW_INT,31.16378120211,121.45380069816,6.0434,11.0314,WGS84,0.0136,0.0117,0.0250,"1793",0.600,0.016,42,34,34,34,0F,00,30,37*d65fa4f2
#HEADINGA,ICOM3,0,85.7,FINESTEERING,2427,544648.600,00000000,0000,797;SOL_COMPUTED,NONE,0.000000000,0.000000000,0.000000000,0.0,0.000000000,0.000000000,"1793",0,0,0,0,0,00,30,37*a3ed033d
#INSPVAXA,ICOM3,0,85.7,FINESTEERING,2427,544648.630,00000000,0268,797;WAITING_AZIMUTH,NONE,0.00000000000,0.00000000000,0.0000,0.0000,0.0000,0.0000,0.0000,0.000000000,0.000000000,-0.000000000,0.0000,0.0000,0.0000,0.0000,0.0000,0.0000,0.0000,0.0000,0.0000,00000000,22*cfab7853
$GPGSV,2,1,07,10,00,000,26,13,00,000,40,15,39,059,40,18,48,218,45*77
$GPGSV,2,2,07,20,13,068,38,24,67,047,45,32,12,272,40,,,,*4F
$GLGSV,3,1,09,70,17,072,42,72,24,306,39,73,49,099,47,74,27,160,39*61
$GLGSV,3,2,09,85,00,000,23,86,37,244,46,87,33,295,45,90,00,000,40*66
$GLGSV,3,3,09,91,00,000,36,,,,,,,,,,,,*51
$GAGSV,2,1,06,03,25,266,46,11,07,161,36,16,17,127,40,31,14,073,37*6B
$GAGSV,2,2,06,34,55,287,46,36,49,189,45,,,,,,,,*6F
$GQGSV,1,1,03,02,00,000,30,03,43,170,44,07,53,169,37,,,,*43
$GBGSV,5,1,17,01,48,147,48,02,35,243,45,03,55,202,48,04,37,120,42*60
$GBGSV,5,2,17,06,70,042,43,07,58,191,49,10,47,193,45,11,24,268,40*62
$GBGSV,5,3,17,12,13,296,41,20,29,306,44,23,49,086,49,27,00,000,28*6E
$GBGSV,5,4,17,29,16,290,45,30,22,238,46,32,00,000,34,37,40,166,44*65
$GBGSV,5,5,17,41,22,086,43,,,,,,,,,,,,*51
$GPGSA,M,3,15,18,20,24,32,,,,,,,,1.3,0.6,1.1,1*2F
#RAWIMUA,ICOM3,0,85.7,FINESTEERING,2427,544648.626,00000000,0000,797;2427,544648.626122000,1a3000ad,1168454,269495,-519316,-19773,-7720,-3844*09899d56
#INSPVAXA,ICOM3,0,85.7,FINESTEERING,2427,544648.640,00000000,0272,797;WAITING_AZIMUTH,NONE,0.00000000000,0.00000000000,0.0000,0.0000,0.0000,0.0000,0.0000,0.000000000,0.000000000,-0.000000000,0.0000,0.0000,0.0000,0.0000,0.0000,0.0000,0.0000,0.0000,0.0000,00000000,22*d099bf0a
#RAWIMUA,ICOM3,0,85.7,FINESTEERING,2427,544648.636,00000000,0000,797;2427,544648.636104000,1a3100ae,1168736,267874,-517887,-22822,-2358,-10557*f1b3cc55
#INSPVAXA,ICOM3,0,85.7,FINESTEERING,2427,544648.650,00000000,027c,797;WAITING_AZIMUTH,NONE,0.00000000000,0.00000000000,0.0000,0.0000,0.0000,0.0000,0.0000,0.000000000,0.000000000,-0.000000000,0.0000,0.0000,0.0000,0.0000,0.0000,0.0000,0.0000,0.0000,0.0000,00000000,22*0c4ea1af
#RAWIMUA,ICOM3,0,85.7,FINESTEERING,2427,544648.646,00000000,0000,797;2427,544648.646125000,1a3000af,1170906,268883,-518130,-20789,2219,-26830*4d581d4b
#INSPVAXA,ICOM3,0,85.7,FINESTEERING,2427,544648.660,00000000,0286,797;WAITING_AZIMUTH,NONE,0.00000000000,0.00000000000,0.0000,0.0000,0.0000,0.0000,0.0000,0.000000000,0.000000000,-0.000000000,0.0000,0.0000,0.0000,0.0000,0.0000,0.0000,0.0000,0.0000,0.0000,00000000,22*bd2b81ef
#RAWIMUA,ICOM3,0,85.7,FINESTEERING,2427,544648.656,00000000,0000,797;2427,544648.656116000,1a2b00b0,1169470,269104,-519017,-17543,-7817,-43133*9594d079
#INSPVAXA,ICOM3,0,85.7,FINESTEERING,2427,544648.670,00000000,0290,797;WAITING_AZIMUTH,NONE,0.00000000000,0.00000000000,0.0000,0.0000,0.0000,0.0000,0.0000,0.000000000,0.000000000,-0.000000000,0.0000,0.0000,0.0000,0.0000,0.0000,0.0000,0.0000,0.0000,0.0000,00000000,22*46fc75d0
#RAWIMUA,ICOM3,0,85.7,FINESTEERING,2427,544648.666,00000000,0000,797;2427,544648.666108000,1a2f00b1,1166560,271941,-520491,-20855,6234,-39887*b2e15973
#INSPVAXA,ICOM3,0,85.7,FINESTEERING,2427,544648.680,00000000,029a,797;WAITING_AZIMUTH,NONE,0.00000000000,0.00000000000,0.0000,0.0000,0.0000,0.0000,0.0000,0.000000000,0.000000000,-0.000000000,0.0000,0.0000,0.0000,0.0000,0.0000,0.0000,0.0000,0.0000,0.0000,00000000,22*697ebcd4
#RAWIMUA,ICOM3,0,85.7,FINESTEERING,2427,544648.676,00000000,0000,797;2427,544648.676101000,1a2d00b2,1167721,271832,-518391,-12035,2456,-26527*d1060348
#INSPVAXA,ICOM3,0,85.7,FINESTEERING,2427,544648.690,00000000,02a4,797;WAITING_AZIMUTH,NONE,0.00000000000,0.00000000000,0.0000,0.0000,0.0000,0.0000,0.0000,0.000000000,0.000000000,-0.000000000,0.0000,0.0000,0.0000,0.0000,0.0000,0.0000,0.0000,0.0000,0.0000,00000000,22*bb3de5ac
#RAWIMUA,ICOM3,0,85.7,FINESTEERING,2427,544648.686,00000000,0000,797;2427,544648.686123000,1a2900b3,1168836,268363,-518057,-17642,510,-25291*db0e90fa
